Relacion; Herrera (freq. relat.); P2 (freq. relat.);Pacheco (freq. relat.);Media;SD;Herrera (z-score);P2 (z-score);Pacheco;P2vsHerrera;P2vsPacheco
SP DA NC;29,89;26,76;30,76;29,13666667;2,103718929;0,358096;-1,129745345;0,771649345;1,487841344;1,901394689
SP DP NC;21,58;23,45;16,71;20,58;3,47949709;0,287397855;0,824831844;-1,112229699;0,537433989;1,937061542
DA NC SP;17,35;15,19;16,09;16,21;1,084988479;1,050702401;-0,940102148;-0,110600253;1,990804549;0,829501895
VM DA NC;16,45;15,13;13,24;14,94;1,613412532;0,935904469;0,117762814;-1,053667283;0,818141655;1,171430097
DA AQ NC;14,17;15,6;20,78;16,85;3,477772275;-0,770608248;-0,359425489;1,130033737;0,411182759;1,489459226
DA NC AQ;10,54;10,7;11,21;10,81666667;0,349904749;-0,790691374;-0,333424073;1,124115447;0,457267301;1,457539521
DA NC VM;10,54;9,78;10,8;10,37333333;0,530031446;0,314446752;-1,119430438;0,804983686;1,43387719;1,924414124
AQ NC SP;8,99;9,98;10,8;9,923333333;0,906329594;-1,029794613;0,062523244;0,967271368;1,092317857;0,904748124
VM SP DA;8,76;9,98;12,43;10,39;1,869037185;-0,872106779;-0,219364282;1,091471061;0,652742497;1,310835343
SP DA AQ;8,11;7,99;12,84;9,646666667;2,766158588;-0,555523705;-0,598905165;1,15442887;0,043381461;1,753334036
SP AQ NC;7,19;9,17;9,78;8,713333333;1,354043328;-1,125025545;0,337261487;0,787764058;1,462287033;0,450502571
DA NC CC;7,61;8,39;8,15;8,05;0,399499687;-1,101377584;0,851064496;0,250313087;1,95244208;0,600751409
VM DP NC;7,91;8,09;5,71;7,236666667;1,32519181;0,508102547;0,64393194;-1,152034487;0,135829394;1,795966427
NC VM SP;7,89;6,3;12,63;8,94;3,293038111;-0,318854494;-0,801691299;1,120545793;0,482836805;1,922237091
DP NC VM;6,94;6,91;5,3;6,383333333;0,938314091;0,59326261;0,561290374;-1,154552984;0,031972236;1,715843357
AQ NC CC;6,56;7,28;5,71;6,516666667;0,785896516;0,055138727;0,971289881;-1,026428608;0,916151154;1,997718489
VM SP DP;6,49;6,87;5,1;6,153333333;0,931790391;0,361311589;0,76912863;-1,130440218;0,407817041;1,899568848
NC SP DP;5,86;6,87;7,34;6,69;0,756240702;-1,097534155;0,238019455;0,859514699;1,33555361;0,621495244
AQ NC VM;5,81;6,23;6,52;6,186666667;0,356978057;-1,055153557;0,121389347;0,933764209;1,176542904;0,812374862
NC SP DA;5,69;6,43;5,71;5,943333333;0,421584313;-0,600907874;1,154375652;-0,553467778;1,755283526;1,70784343
AQ CC AQ;5,86;5,62;6,73;6,07;0,58403767;-0,359565848;-0,770498245;1,130064093;0,410932398;1,900562339
DA NC PR;7,01;4,37;4,08;5,153333333;1,614445209;1,150033867;-0,485202798;-0,664831068;1,635236665;0,17962827
DP NC CC;5,69;5,96;3,67;5,106666667;1,251492442;0,466110153;0,681852566;-1,147962719;0,215742414;1,829815285
VM SP NC;5,71;5,55;5,1;5,453333333;0,316280466;0,811516025;0,305635905;-1,11715193;0,505880119;1,422787836
NC AQ SP;5,26;5,76;6,11;5,71;0,427200187;-1,053370325;0,117041147;0,936329178;1,170411472;0,81928803
NC AQ CC;5,56;5,35;5,91;5,606666667;0,282901632;-0,16495722;-0,907264709;1,072221928;0,742307489;1,979486637
SP NC AQ;4,66;5,76;7,54;5,986666667;1,453318043;-0,912853641;-0,155964944;1,068818585;0,756888697;1,224783528
DP AQ NC;4,99;5,45;4,69;5,043333333;0,382796726;-0,139325469;1,062356701;-0,923031232;1,201682169;1,985387932
CC DA NC;5,01;4,88;5,3;5,063333333;0,215019379;-0,248039659;-0,852636326;1,100675985;0,604596668;1,953312311
VM CC VM;4,48;5,49;4,28;4,75;0,648613907;-0,416272296;1,14089444;-0,724622144;1,557166736;1,865516585
NC CC SP;5,14;4,37;5,3;4,936666667;0,497225636;0,40893574;-1,139656979;0,73072124;1,548592719;1,870378219
DP NC SP;4,73;4,57;5,91;5,07;0,731846979;-0,464577992;-0,68320293;1,147780922;0,218624938;1,830983852
NC PR VM;5,66;3,42;3,06;4,046666667;1,408734657;1,14523578;-0,44484365;-0,70039213;1,59007943;0,25554848
VM VM SP;4,06;5,08;5,1;4,746666667;0,594754851;-1,154537311;0,560455005;0,594082305;1,714992316;0,0336273
SP DD NC;4,71;4,54;2,65;3,966666667;1,143430511;0,650090518;0,501415108;-1,151505626;0,14867541;1,652920735
NC CC VM;4,08;4,98;2,65;3,903333333;1,175003546;0,150354156;0,916309291;-1,066663448;0,765955135;1,982972739
CC AQ NC;4,28;4,37;3,06;3,903333333;0,731733103;0,514759638;0,637755303;-1,152514941;0,122995666;1,790270244
SP NC VM;4,48;3,79;4,49;4,253333333;0,401289588;0,564845622;-1,154610903;0,589765281;1,719456524;1,744376184
CC VM SP;3,83;4,67;4,08;4,193333333;0,431315816;-0,842383515;1,105145345;-0,26276183;1,94752886;1,367907176
DP NC AQ;3,88;4,4;3,67;3,983333333;0,375810236;-0,274961466;1,108715588;-0,833754122;1,383677054;1,942469711
PP VM SP;4,11;3,49;3,06;3,553333333;0,527857304;1,054577937;-0,119981921;-0,934596016;1,174559858;0,814614095
VM DA AQ;3,08;4,5;4,28;3,953333333;0,764286159;-1,142678462;0,715264381;0,427414081;1,857942843;0,2878503
NC CC NC;3,68;3,52;4,49;3,896666667;0,52003205;-0,416640987;-0,724314331;1,140955318;0,307673344;1,865269649
NC VM CC;3,36;4,34;2,25;3,316666667;1,045673627;0,041440591;0,978635501;-1,020076092;0,93719491;1,998711593
CS DA NC;3,66;3,56;3,87;3,696666667;0,158219257;-0,231745916;-0,863780232;1,095526148;0,632034316;1,95930638
SP NC SP;3,36;3,93;3,47;3,586666667;0,302379453;-0,749610017;1,135438703;-0,385828685;1,88504872;1,521267388
NC AQ VM;3,08;4,1;3,47;3,55;0,514684369;-0,913181025;1,068616093;-0,155435068;1,981797118;1,224051161
CC SP DA;3,43;3,25;5,3;3,993333333;1,135179868;-0,496250285;-0,654815465;1,15106575;0,15856518;1,805881215
SP NC CC;3,41;2,75;5,71;3,956666667;1,553876872;-0,351808227;-0,776552305;1,128360532;0,424744078;1,904912837
SP DI NC;3,33;2,88;3,67;3,293333333;0,396274316;0,092528497;-1,043048507;0,95052001;1,135577003;1,993568517
NC VM VM;3,03;3,59;1,63;2,75;1,009554357;0,277350098;0,832050294;-1,109400392;0,554700196;1,941450687
VM NC SP;3,16;3,15;2,65;2,986666667;0,291604755;0,594411889;0,560118895;-1,154530784;0,034292994;1,714649679
NC SP NC;3,36;2,54;3,67;3,19;0,583866423;0,291162487;-1,113268334;0,822105847;1,404430821;1,93537418
NC DA NC;2,66;3,35;4,28;3,43;0,812957563;-0,94715891;-0,098406121;1,045565031;0,84875279;1,143971151
PR VM SP;3,63;2,07;3,06;2,92;0,789366835;0,899455068;-1,076812405;0,177357337;1,976267473;1,254169742
PR PP VM;3,23;2,61;2,25;2,696666667;0,495714972;1,075887079;-0,17483165;-0,901055429;1,25071873;0,726223779
NC PP VM;2,76;3,25;1,63;2,546666667;0,830802825;0,25677974;0,846570705;-1,103350446;0,589790965;1,949921151
SP DP AQ;2,76;2,85;3,26;2,956666667;0,266520793;-0,737903651;-0,40021893;1,138122581;0,337684722;1,538341511
SP DA NP;1,66;3,49;7,95;4,366666667;3,235341301;-0,83659386;-0,270965745;1,107559605;0,565628115;1,37852535
DA NC CS;1,73;4,3;2,25;2,76;1,358786223;-0,75802947;1,13336445;-0,37533498;1,891393919;1,50869943
NC SP NP;2,83;2,27;5,3;3,466666667;1,612213799;-0,394902132;-0,742250604;1,137152737;0,347348472;1,879403341
VM VM DA;2,53;2,61;2,45;2,53;0,08;0;1;-1;1;2
DA AQ NP;1,96;3,22;3,47;2,883333333;0,809341296;-1,140845448;0,415976138;0,72486931;1,556821586;0,308893172
VM SP AQ;2,21;2,71;4,08;3;0,968142551;-0,815995536;-0,299542665;1,115538201;0,516452871;1,415080866
P0 VM SP;2,43;2,75;1,43;2,203333333;0,688573404;0,329183011;0,793911968;-1,123094979;0,464728957;1,917006947
CC SP NC;2,28;2,71;2,45;2,48;0,216564078;-0,923514193;1,062041322;-0,138527129;1,985555515;1,200568451
VM CC SP;2,48;2,47;2,25;2,4;0,13;0,615384615;0,538461538;-1,153846154;0,076923077;1,692307692
AQ NC AQ;2,06;2,71;4,08;2,95;1,03116439;-0,863101954;-0,232746594;1,095848548;0,630355359;1,328595142
NC CS VM;1,43;3,76;1,23;2,14;1,40652053;-0,504791779;1,151778425;-0,646986646;1,656570204;1,798765071
NC RN VM;2,38;2,34;1,84;2,186666667;0,300887576;0,642543424;0,509603405;-1,15214683;0,132940019;1,661750235
VM SP VM;2,48;1,8;3,87;2,716666667;1,055098732;-0,224307602;-0,868797051;1,093104653;0,644489449;1,961901705
AQ CC VM;2,48;2,2;1,23;1,97;0,65597256;0,777471545;0,350624422;-1,128095967;0,426847123;1,478720389
DP NC CS;2,13;2,47;2,04;2,213333333;0,226789183;-0,367448449;1,131741222;-0,764292773;1,499189671;1,896033996
AQ NC PR;2,76;1,73;1,23;1,906666667;0,780149558;1,093807366;-0,226452306;-0,86735506;1,320259672;0,640902753
AQ NC CS;1,93;2,47;3,47;2,623333333;0,781366325;-0,887334546;-0,196237448;1,083571994;0,691097099;1,279809442
RG VM SP;2,31;2,17;2,04;2,173333333;0,135030861;1,012114312;-0,024685715;-0,987428597;1,036800027;0,962742882
CC DP NC;2,21;2,41;1,43;2,016666667;0,517815926;0,37336305;0,759600687;-1,132963737;0,386237638;1,892564424
PP VM CC;2,36;2,27;0,82;1,816666667;0,864310901;0,628631818;0,524502622;-1,15313444;0,104129197;1,677637062
CS VM SP;1,53;3,08;1,43;2,013333333;0,925112606;-0,52245892;1,15301279;-0,63055387;1,675471711;1,78356666
CC NC AQ;2,06;2,17;2,45;2,226666667;0,201080415;-0,828855792;-0,281810969;1,110666761;0,547044823;1,39247773
CS SP DA;2,03;2,27;2,04;2,113333333;0,135769412;-0,61378577;1,153917248;-0,540131478;1,767703018;1,694048726
PP VM VM;2,31;1,97;1,63;1,97;0,34;1;0;-1;1;1
VM SP PP;2,33;1,8;2,25;2,126666667;0,285715476;0,711663701;-1,143328569;0,431664868;1,854992271;1,574993438
RG DA NC;2,18;2,07;1,63;1,96;0,291032644;0,755928946;0,377964473;-1,133893419;0,377964473;1,511857892
NC P0 VM;1,98;2,41;1,23;1,873333333;0,597187854;0,17861493;0,898656365;-1,077271295;0,720041436;1,975927661
CC VM DA;1,98;2,47;0,82;1,756666667;0,847368476;0,26356106;0,841821892;-1,105382952;0,578260832;1,947204844
CS PP VM;2,33;1,73;2,04;2,033333333;0,30005555;0,988705812;-1,01092392;0,022218108;1,999629732;1,033142028
VM CS VM;1,88;2,17;2,25;2,1;0,194679223;-1,130064093;0,359565848;0,770498245;1,489629941;0,410932398
PP VM DA;2,08;2,07;1,23;1,793333333;0,487886599;0,587568233;0,567071666;-1,154639899;0,020496566;1,721711566
DA NC RG;1,86;2,17;2,25;2,093333333;0,205993527;-1,132721675;0,372179979;0,760541696;1,504901653;0,388361717
RN VM SP;2,13;1,93;1,43;1,83;0,360555128;0,832050294;0,277350098;-1,109400392;0,554700196;1,386750491
SP PP VM;2,23;1,8;1,23;1,753333333;0,501630674;0,950234288;0,09302993;-1,043264219;0,857204358;1,136294149
AQ SP DA;1,91;1,9;2,45;2,086666667;0,31469562;-0,561389023;-0,59316576;1,154554783;0,031776737;1,747720543
AQ DA NC;1,73;2,2;2,04;1,99;0,238956063;-1,088066136;0,878822648;0,209243488;1,966888784;0,669579161
AQ VM SP;1,78;2,07;2,45;2,1;0,336005952;-0,952364081;-0,089284133;1,041648214;0,863079948;1,130932346
NC RG VM;1,93;2;1,43;1,786666667;0,310859025;0,461087895;0,686270355;-1,14735825;0,22518246;1,833628605
VM RG SP;2,03;1,9;1,02;1,65;0,549454275;0,691595311;0,454996915;-1,146592226;0,236598396;1,601589141
RN PP VM;2,23;1,56;1,43;1,74;0,429301759;1,141388289;-0,419285494;-0,722102795;1,560673784;0,302817301
CC NC SP;1,73;1,97;2,86;2,186666667;0,595343038;-0,767064763;-0,363935836;1,1310006;0,403128927;1,494936436
NC PR SP;2,46;1,12;1,84;1,806666667;0,670621602;0,974220531;-1,02392566;0,049705129;1,998146191;1,073630789
NC VM DA;1,88;1,97;1,23;1,693333333;0,403773864;0,462304976;0,685202018;-1,147506995;0,222897042;1,832709013
VM CS SP;1,93;1,76;1,84;1,843333333;0,085049005;1,019020342;-0,979827252;-0,03919309;1,998847594;0,940634162
CS DP NC;1,71;2,2;1,02;1,643333333;0,592818128;0,1124572;0,939017618;-1,051474817;0,826560418;1,990492435
DP NC RG;1,88;2,07;0,41;1,453333333;0,908533617;0,469621221;0,678749421;-1,148370642;0,2091282;1,827120063
AQ SP DP;1,51;2,2;1,84;1,85;0,345108679;-0,985196899;1,014173279;-0,028976379;1,999370178;1,043149658
DA NC AP;1,86;1,93;0,21;1,333333333;0,973464603;0,541022925;0,612931035;-1,15395396;0,07190811;1,766884995
DI AQ NC;1,71;1,9;1,63;1,746666667;0,138684294;-0,264389468;1,105628685;-0,841239217;1,370018153;1,946867902
NC SP PR;1,86;1,7;1,63;1,73;0,117898261;1,102645609;-0,254456679;-0,84818893;1,357102287;0,593732251
NC CS SP;1,51;2;2,65;2,053333333;0,571868283;-0,950102234;-0,093261569;1,043363803;0,856840665;1,136625372
VM DI NC;1,83;1,59;1,84;1,753333333;0,141539158;0,541664;-1,153979826;0,612315826;1,695643827;1,766295653
NC SP VM;2,03;1,26;2,25;1,846666667;0,519839719;0,352672808;-1,128552985;0,775880177;1,481225793;1,904433163
AQ CC SP;1,61;1,87;1,63;1,703333333;0,144683563;-0,645085949;1,151939194;-0,506853245;1,797025143;1,658792439
RG AQ NC;1,93;1,36;2,04;1,776666667;0,365011415;0,420078186;-1,141516811;0,721438624;1,561594997;1,862955435
NC VM CS;1,91;1,32;2,45;1,893333333;0,565184336;0,029488904;-1,014418301;0,984929396;1,043907205;1,999347697
DD AQ NC;1,66;1,93;0,41;1,333333333;0,81094595;0,40282175;0,735766258;-1,138588008;0,332944508;1,874354266
NP DA NC;1,31;1,83;3,87;2,336666667;1,353119852;-0,758740377;-0,374443303;1,13318368;0,384297074;1,507626983
RG VM VM;1,83;1,63;0,62;1,36;0,648613907;0,724622144;0,416272296;-1,14089444;0,308349849;1,557166736
CC PP VM;2,03;1,29;0,82;1,38;0,61;1,06557377;-0,147540984;-0,918032787;1,213114754;0,770491803
DA VM NC;1,88;1,39;1,23;1,5;0,338673884;1,122023331;-0,324796227;-0,797227104;1,446819559;0,472430876
PR VM DA;1,88;1,32;1,63;1,61;0,280535203;0,962446058;-1,033738358;0,071292301;1,996184416;1,105030659
PR VM VM;2,01;1,16;1,63;1,6;0,425793377;0,962908354;-1,033365063;0,070456709;1,996273417;1,103821772
CC SP DP;1,53;1,9;0,82;1,416666667;0,548847277;0,206493387;0,880633564;-1,087126951;0,674140176;1,967760515
SP PR VM;1,63;1,7;1,23;1,52;0,253574447;0,433797654;0,709850706;-1,14364836;0,276053052;1,853499066
DP NC DA;1,68;1,63;1,02;1,443333333;0,36746882;0,644045574;0,507979607;-1,152025181;0,136065966;1,660004788
NC CC DA;1,58;1,56;1,84;1,66;0,156204994;-0,51214752;-0,6401844;1,152331919;0,12803688;1,792516319
RN VM VM;1,73;1,63;0,21;1,19;0,850176452;0,635162264;0,517539622;-1,152701886;0,117622641;1,670241508
NC CC AQ;1,51;1,66;1,63;1,6;0,079372539;-1,133893419;0,755928946;0,377964473;1,889822365;0,377964473
RG PP VM;2,01;1,12;0,82;1,316666667;0,618896868;1,12027281;-0,317769691;-0,802503118;1,438042501;0,484733427
VM NC CC;1,78;1,36;0,82;1,32;0,481248377;0,95584738;0,083117163;-1,038964544;0,872730217;1,122081707
NC AQ CS;1,43;1,59;1,84;1,62;0,206639783;-0,919474445;-0,145180176;1,064654621;0,77429427;1,209834796
VM RG VM;1,61;1,53;0,62;1,253333333;0,549939391;0,648556319;0,503085743;-1,151642061;0,145470576;1,654727804
VM PP VM;1,61;1,53;0,41;1,183333333;0,670919767;0,635942907;0,516703612;-1,152646519;0,119239295;1,66935013
RG VM DA;1,71;1,26;1,02;1,33;0,350285598;1,084829072;-0,199836934;-0,884992138;1,284666006;0,685155203
NC RG AQ;1,53;1,36;1,84;1,576666667;0,243378991;-0,191744844;-0,890243918;1,081988762;0,698499074;1,97223268
VM SP DD;1,53;1,43;1,43;1,463333333;0,057735027;1,154700538;-0,577350269;-0,577350269;1,732050808;0
CC NC VM;1,56;1,26;1,84;1,553333333;0,290057466;0,022983951;-1,011293858;0,988309906;1,034277809;1,999603764
RG SP DA;1,43;1,39;1,84;1,553333333;0,249064918;-0,49518549;-0,655786189;1,150971679;0,160600699;1,806757868
NP SP DA;1,41;1,29;2,45;1,716666667;0,637913265;-0,480734112;-0,66884746;1,149581571;0,188113348;1,818429031
AQ NC DA;1,21;1,56;2,25;1,673333333;0,529181758;-0,87556558;-0,21416712;1,089732701;0,66139846;1,303899821
NC CC RG;1,51;1,46;0,21;1,06;0,736545993;0,61095981;0,543075387;-1,154035197;0,067884423;1,697110583
CC RG VM;1,81;1,02;0,41;1,08;0,701925922;1,039995785;-0,085479106;-0,954516679;1,12547489;0,869037573
VM AQ CC;1,38;1,59;0,41;1,126666667;0,629470677;0,402454542;0,736068176;-1,138522719;0,333613634;1,874590895
SP NP VM;1,93;0,65;1,63;1,403333333;0,669427616;0,786741769;-1,125339492;0,338597723;1,91208126;1,463937215
PP VM RG;1,81;1,02;0,21;1,013333333;0,800020833;0,995807401;0,008333116;-1,004140518;0,987474285;1,012473634
NP VM SP;1,31;1,36;2,04;1,57;0,40779897;-0,637569045;-0,514959613;1,152528659;0,122609432;1,667488272
VM PP SP;1,43;1,46;0,41;1,1;0,597745765;0,552074175;0,602262736;-1,15433691;0,050188561;1,756599646
CC VM VM;1,03;1,8;1,63;1,486666667;0,404516172;-1,128920667;0,774587903;0,354332764;1,90350857;0,420255139
VM DD NC;1,33;1,46;0,82;1,203333333;0,338279963;0,374443303;0,758740377;-1,13318368;0,384297074;1,891924057
VM AQ SP;1,13;1,66;0,82;1,203333333;0,42477445;-0,172640641;1,075080356;-0,902439714;1,247720997;1,97752007
DI NC VM;1,21;1,49;1,23;1,31;0,156204994;-0,6401844;1,152331919;-0,51214752;1,792516319;1,664479439
NC VM RG;1,43;1,26;0,82;1,17;0,314801525;0,825917219;0,285894422;-1,111811641;0,540022797;1,397706064
CS VM DA;1,21;1,43;1,63;1,423333333;0,21007935;-1,015489306;0,031734041;0,983755265;1,047223346;0,952021224
NC SP AQ;1,08;1,73;0,41;1,073333333;0,660025252;0,010100624;0,994911429;-1,005012053;0,984810805;1,999923482
VM VM CC;1,41;1,12;1,23;1,253333333;0,146401275;1,070118185;-0,91073888;-0,159379304;1,980857065;0,751359576
DP NC PR;1,56;1,02;0,62;1,066666667;0,471734389;1,045786242;-0,098925726;-0,946860516;1,144711967;0,847934791
CS RN VM;1,21;1,46;0,62;1,096666667;0,431315816;0,26276183;0,842383515;-1,105145345;0,579621685;1,94752886
DI NC SP;1,33;1,16;1,23;1,24;0,085440037;1,053370325;-0,936329178;-0,117041147;1,989699502;0,81928803
VM SP DI;1,21;1,29;1,43;1,31;0,111355287;-0,89802651;-0,179605302;1,077631812;0,718421208;1,257237114
SP NC DA;1,28;1,12;1,63;1,343333333;0,260832002;-0,242812741;-0,856234402;1,099047143;0,613421661;1,955281545
CC AQ SP;1,23;1,19;1,43;1,283333333;0,12858201;-0,414780678;-0,725866186;1,140646864;0,311085508;1,866513051
DA NC DA;0,96;1,32;2,65;1,643333333;0,890187246;-0,767628762;-0,363219463;1,130848224;0,404409299;1,494067687
DA NC NP;1,08;1,32;1,63;1,343333333;0,275741425;-0,955000989;-0,084620341;1,03962133;0,870380648;1,12424167
SP DA VM;1,33;1,02;1,23;1,193333333;0,158219257;0,863780232;-1,095526148;0,231745916;1,95930638;1,327272064
CS VM VM;1,08;1,36;1,23;1,223333333;0,140118997;-1,022940046;0,97536144;0,047578607;1,998301486;0,927782833
NC DP NC;1,33;1,12;0,62;1,023333333;0,364737348;0,840787674;0,265030897;-1,105818571;0,575756777;1,370849468
NC CC DP;1,31;1,22;0,21;0,913333333;0,610764548;0,649459219;0,502102926;-1,151562145;0,147356293;1,653665071
CC DA AQ;1,16;1,36;0,62;1,046666667;0,382796726;0,296066621;0,81853713;-1,114603751;0,522470508;1,933140881
RG DP NC;1,51;0,85;0,62;0,993333333;0,461988456;1,118354063;-0,310253063;-0,808101;1,428607126;0,497847938
RN VM DA;1,18;1,26;0,82;1,086666667;0,234378611;0,398216087;0,739544161;-1,137760248;0,341328074;1,877304409
CC RN VM;1,16;1,32;0,41;0,963333333;0,485832619;0,40480334;0,734134871;-1,138938211;0,329331531;1,873073081
CC NC CC;1,46;0,85;0,82;1,043333333;0,361155553;1,153704168;-0,535318734;-0,618385434;1,689022902;0,0830667
VM RN VM;1,31;1,16;0,21;0,893333333;0,596517672;0,698498445;0,447039005;-1,14553745;0,25145944;1,592576455
NC PR PP;1,43;0,82;1,23;1,16;0,310966236;0,868261466;-1,09336629;0,225104824;1,961627756;1,318471115
SP VM DA;1,23;0,95;2,04;1,406666667;0,566068312;-0,312094253;-0,8067342;1,118828453;0,494639948;1,925562653
NC VM DP;1,13;1,26;0,82;1,07;0,226053091;0,265424373;0,840510515;-1,105934888;0,575086142;1,946445403
DP NC RN;1,06;1,29;1,23;1,193333333;0,119303534;-1,117597512;0,810258197;0,307339316;1,927855709;0,502918881
VM SP NP;1,36;0,82;1,63;1,27;0,412431813;0,21821789;-1,091089451;0,872871561;1,309307341;1,963961012
VM VM VM;1,08;1,26;1,02;1,12;0,12489996;-0,320256308;1,120897077;-0,800640769;1,441153384;1,921537846
DD NC AQ;1,13;1,26;0,41;0,933333333;0,457857329;0,429537007;0,713468249;-1,143005257;0,283931242;1,856473506
DA NP AQ;0,66;1,63;2,04;1,443333333;0,708684227;-1,105334793;0,263398929;0,841935864;1,368733723;0,578536934
RN VM NC;1,08;1,29;0,62;0,996666667;0,342685473;0,243177315;0,85598415;-1,099161466;0,612806835;1,955145616
VM AQ NC;1,06;1,29;0,62;0,99;0,340440891;0,205615723;0,881210243;-1,086825967;0,67559452;1,96803621
DA AQ CC;1,18;0,99;1,23;1,133333333;0,126622799;0,368548689;-1,131970972;0,763422283;1,500519661;1,895393255
VM CC AQ;1,01;1,36;0,41;0,926666667;0,480451177;0,173448078;0,901930007;-1,075378085;0,728481929;1,977308092
SP DI AQ;1,03;1,22;0,82;1,023333333;0,200083316;0,033319453;0,982923867;-1,01624332;0,949604414;1,999167187
VM VM PP;1,28;0,99;0,21;0,826666667;0,553383532;0,81920279;0,295153946;-1,114356737;0,524048844;1,409510683
DA NC PP;1,16;1,09;0,62;0,956666667;0,293655127;0,692422216;0,454047355;-1,14646957;0,238374861;1,600516925
VM VM DP;1,13;1,16;0,41;0,9;0,424617475;0,541664;0,612315826;-1,153979826;0,070651826;1,766295653
CC VM NC;1,26;1,02;0,21;0,83;0,550181788;0,781559858;0,345340402;-1,12690026;0,436219455;1,472240662
CC VM DP;1,01;1,22;1,02;1,083333333;0,118462371;-0,619043269;1,153671546;-0,534628277;1,772714815;1,688299824
CS DA AQ;0,78;1,46;1,23;1,156666667;0,345880519;-1,089008042;0,876988777;0,212019265;1,965996819;0,664969512
VM RG AQ;1,26;0,85;1,02;1,043333333;0,205993527;1,051812984;-0,938540816;-0,113272167;1,9903538;0,825268649
RG AQ CC;1,08;1,19;0,21;0,826666667;0,536873666;0,471867684;0,676757599;-1,148625283;0,204889915;1,825382882
RG VM CC;1,01;1,19;0,82;1,006666667;0,185022521;0,018015825;0,990870366;-1,008886191;0,972854542;1,999756558
NC AQ PR;1,26;0,78;1,23;1,09;0,268886593;0,632236803;-1,152902405;0,520665602;1,785139208;1,673568007
DD NC VM;1,01;1,19;0,62;0,94;0,291376046;0,240239378;0,857997779;-1,098237157;0,617758401;1,956234936
DD NC SP;1,11;0,99;1,02;1,04;0,06244998;1,120897077;-0,800640769;-0,320256308;1,921537846;0,480384461
RG VM CS;0,91;1,32;0,62;0,95;0,351710108;-0,113730027;1,052002748;-0,938272721;1,165732775;1,990275469
PR RG VM;1,16;0,99;0,62;0,923333333;0,276103845;0,857165414;0,241455046;-1,09862046;0,615710368;1,340075506
DA NC RN;1,16;0,92;1,02;1,033333333;0,120554275;1,050702401;-0,940102148;-0,110600253;1,990804549;0,829501895
DA PR VM;1,18;0,78;1,63;1,196666667;0,425245027;-0,03919309;-0,979827252;1,019020342;0,940634162;1,998847594
SP DD AQ;1,11;1,09;0,41;0,87;0,398497177;0,602262736;0,552074175;-1,15433691;0,050188561;1,706411085
DA NC NC;1,16;0,82;1,43;1,136666667;0,305668666;0,076335379;-1,035980138;0,959644759;1,112315516;1,995624897
PP VM CS;1,06;1,02;1,02;1,033333333;0,023094011;1,154700538;-0,577350269;-0,577350269;1,732050808;0
AQ NC RG;0,73;1,29;1,84;1,286666667;0,555007507;-1,002989436;0,006005925;0,996983511;1,00899536;0,990977586
SP NC RG;1,08;0,99;0,82;0,963333333;0,132035349;0,883601761;0,201966117;-1,085567877;0,681635644;1,287533994
VM DP AQ;0,78;1,49;0,21;0,826666667;0,641274772;-0,072771718;1,034397987;-0,961626269;1,107169705;1,996024256
SP VM PP;1,33;0,68;0,62;0,876666667;0,393742725;1,151344024;-0,499480128;-0,651863896;1,650824153;0,152383768
PR SP DA;1,28;0,72;0,62;0,873333333;0,355715242;1,143236552;-0,431056405;-0,712180147;1,574292957;0,281123742
VM NC VM;1,08;0,82;1,63;1,176666667;0,413561765;-0,233741789;-0,8624266;1,096168389;0,628684811;1,958594988
CS SP DP;0,98;1,05;1,02;1,016666667;0,035118846;-1,044073795;0,949157996;0,0949158;1,993231791;0,854242196
NC PR RG;1,18;0,88;0,41;0,823333333;0,388115103;0,918971366;0,146004797;-1,064976163;0,77296657;1,210980959
CS VM DP;0,81;1,36;0,62;0,93;0,384317577;-0,312241769;1,118866338;-0,806624569;1,431108107;1,925490907
VM NC AQ;0,81;1,22;1,43;1,153333333;0,315330514;-1,088804659;0,21141838;0,877386279;1,30022304;0,665967898
NC DA AQ;0,91;1,02;1,63;1,186666667;0,387857362;-0,713320653;-0,429711237;1,143031889;0,283609416;1,572743126
CS SP NC;0,93;1,02;1,43;1,126666667;0,266520793;-0,737903651;-0,40021893;1,138122581;0,337684722;1,538341511
NP SP DP;1,11;0,88;0,62;0,87;0,245153013;0,97898042;0,040790851;-1,019771271;0,938189569;1,060562121
RG SP NC;0,93;1,05;0,82;0,933333333;0,115036226;-0,028976379;1,014173279;-0,985196899;1,043149658;1,999370178
AQ SP NC;0,98;0,82;1,84;1,213333333;0,548573909;-0,425345299;-0,717010647;1,142355946;0,291665348;1,859366594
CS SP PP;1,01;1,02;0,41;0,813333333;0,349332697;0,562978124;0,591604131;-1,154582255;0,028626006;1,746186386
NC AQ NC;0,76;1,02;2,25;1,343333333;0,795885251;-0,732936478;-0,406256219;1,139192698;0,326680259;1,545448917
PR DA NC;0,96;0,85;1,43;1,08;0,308058436;-0,389536484;-0,746611594;1,136148078;0,35707511;1,882759672
VS DA NC;0,98;1,02;0,21;0,736666667;0,456544996;0,532988721;0,620603305;-1,153592026;0,087614584;1,774195331
AQ CS SP;0,96;0,95;0,62;0,843333333;0,193476958;0,603000315;0,551314574;-1,154314888;0,051685741;1,705629462
RG SP DP;0,81;1,16;0,62;0,863333333;0,27392213;-0,194702536;1,083032855;-0,88833032;1,277735391;1,971363175
VM CC DA;0,88;1,05;0,62;0,85;0,216564078;0,138527129;0,923514193;-1,062041322;0,784987064;1,985555515
RG RG VM;1,01;0,99;0;0,666666667;0,577436865;0,594581597;0,559945776;-1,154527372;0,034635821;1,714473148
P0 VM CC;0,71;1,16;1,23;1,033333333;0,282193787;-1,145784735;0,448864123;0,696920612;1,594648858;0,248056489
VM VM RG;0,98;0,95;0,21;0,713333333;0,436157464;0,611399984;0,542617486;-1,154017471;0,068782498;1,696634957
PR RN VM;1,08;0,75;0,62;0,816666667;0,237135685;1,11047535;-0,281133;-0,82934235;1,39160835;0,54820935
SP DP NP;0,83;0,85;2,04;1,24;0,692892488;-0,591722391;-0,562857884;1,154580276;0,028864507;1,71743816
AQ NP SP;0,76;0,99;1,84;1,196666667;0,568887804;-0,767579589;-0,363281943;1,130861532;0,404297646;1,494143475
SP VM NC;1,11;0,72;0,62;0,816666667;0,258907963;1,132963737;-0,37336305;-0,759600687;1,506326787;0,386237638
SP RG AQ;1,11;0,65;0,82;0,86;0,232594067;1,074833951;-0,902860519;-0,171973432;1,97769447;0,730887087
DI NC AQ;0,98;0,72;1,43;1,043333333;0,359212101;-0,176311804;-0,900118155;1,076429958;0,723806351;1,976548113
VM RG DA;0,98;0,85;0,62;0,816666667;0,182300119;0,895958458;0,182848665;-1,078807123;0,713109793;1,261655787
PP DA NC;0,93;0,92;0,62;0,823333333;0,176162803;0,605500506;0,548734834;-1,15423534;0,056765672;1,702970173
P0 VM DA;1,03;0,65;1,23;0,97;0,294618397;0,20365327;-1,086150773;0,882497503;1,289804043;1,968648277
NC VM AQ;0,63;1,29;0,62;0,846666667;0,383970485;-0,564279483;1,154602634;-0,590323151;1,718882117;1,744925785
PR VM CC;0,78;1,12;0,41;0,77;0,355105618;0,028160636;0,985622255;-1,013782891;0,957461619;1,999405145
AQ PP VM;0,71;1,12;0,82;0,883333333;0,212210587;-0,816798707;1,115244389;-0,298445682;1,932043096;1,41369007
CC SP AQ;0,81;0,99;0,82;0,873333333;0,101159939;-0,626071286;1,153289211;-0,527217925;1,779360497;1,680507136
PR VM DP;1,03;0,78;0,21;0,673333333;0,420277686;0,848645261;0,253800452;-1,102445713;0,594844809;1,356246165
VM CC RG;0,96;0,85;0,41;0,74;0,291032644;0,755928946;0,377964473;-1,133893419;0,377964473;1,511857892
NP VM DA;0,86;0,82;1,23;0,97;0,226053091;-0,486611351;-0,663560933;1,150172284;0,176949582;1,813733216
RN P0 VM;0,83;0,92;0,82;0,856666667;0,055075705;-0,484182026;1,149932312;-0,665750286;1,634114338;1,815682598
CC VM CC;0,88;0,95;0,21;0,68;0,408533964;0,48955538;0,660899763;-1,150455142;0,171344383;1,811354905
AQ NP VM;0,58;1,05;2,04;1,223333333;0,745273999;-0,863217198;-0,232576654;1,095793853;0,630640544;1,328370507
CC AQ VM;0,71;0,99;1,23;0,976666667;0,260256284;-1,024631039;0,051231552;0,973399487;1,075862591;0,922167935
VM PR VM;0,91;0,85;0,41;0,723333333;0,273007936;0,683740807;0,463966976;-1,147707783;0,219773831;1,611674759
VM SP RG;0,88;0,82;0,82;0,84;0,034641016;1,154700538;-0,577350269;-0,577350269;1,732050808;0
RN VM CS;0,86;0,88;0,62;0,786666667;0,144683563;0,506853245;0,645085949;-1,151939194;0,138232703;1,797025143
SP NP AQ;0,93;0,78;0,62;0,776666667;0,155026879;0,989075791;0,021501648;-1,010577438;0,967574143;1,032079086
SP VM SP;0,78;0,75;2,04;1,19;0,736274405;-0,556857602;-0,597603281;1,154460883;0,040745678;1,752064163
AQ VM DA;0,61;1,05;1,43;1,03;0,410365691;-1,023477376;0,048737018;0,974740358;1,072214393;0,92600334
AQ NC PP;0,66;1,12;0,41;0,73;0,360138862;-0,194369471;1,082915622;-0,888546152;1,277285093;1,971461774
DA NP SP;0,76;0,75;1,84;1,116666667;0,626444996;-0,569350332;-0,585313426;1,154663758;0,015963093;1,739977183
VM VM CS;0,88;0,78;0,62;0,76;0,13114877;0,914991422;0,15249857;-1,067489992;0,762492852;1,219988563
VM CC NC;0,76;0,95;0,62;0,776666667;0,16563011;-0,100625826;1,046508593;-0,945882767;1,147134419;1,992391359
DA NC P0;0,78;0,95;0,21;0,646666667;0,38759945;0,343997737;0,782594851;-1,126592587;0,438597114;1,909187438
VM CS DA;0,66;0,82;2,04;1,173333333;0,754806819;-0,680085713;-0,468110945;1,148196658;0,211974768;1,616307603
NP PP VM;0,88;0,72;0,82;0,806666667;0,080829038;0,907264709;-1,072221928;0,16495722;1,979486637;1,237179148
AQ VM VM;0,66;0,95;1,23;0,946666667;0,28501462;-1,005796359;0,011695307;0,994101053;1,017491666;0,982405746
DP NC NC;0,83;0,78;0,82;0,81;0,026457513;0,755928946;-1,133893419;0,377964473;1,889822365;1,511857892
PP VM AQ;0,86;0,78;0,62;0,753333333;0,122202019;0,872871561;0,21821789;-1,091089451;0,654653671;1,309307341
NC SP DD;0,73;0,99;0,21;0,643333333;0,39715656;0,21821789;0,872871561;-1,091089451;0,654653671;1,963961012
VM DA NP;0,56;1,16;0,62;0,78;0,330454233;-0,665750286;1,149932312;-0,484182026;1,815682598;1,634114338
DP NC PP;0,83;0,85;0,21;0,63;0,363868108;0,54964971;0,604614681;-1,154264391;0,054964971;1,758879072
NC SP PP;0,78;0,82;0,82;0,806666667;0,023094011;-1,154700538;0,577350269;0,577350269;1,732050808;0
NP AQ CC;0,66;0,95;0,82;0,81;0,14525839;-1,032642586;0,963799747;0,068842839;1,996442333;0,894956908
NC RG SP;0,68;0,99;0,41;0,693333333;0,290229794;-0,045940608;1,022178538;-0,97623793;1,068119147;1,998416468
SP NP CC;0,83;0,75;0,62;0,733333333;0,105987421;0,912057922;0,157251366;-1,069309288;0,754806556;1,226560654
PR SP DP;0,93;0,55;0,82;0,766666667;0,195533458;0,835321662;-1,108079755;0,272758094;1,943401417;1,380837849
SP NC CS;0,66;0,92;0,82;0,8;0,13114877;-1,067489992;0,914991422;0,15249857;1,982481414;0,762492852
PR P0 VM;0,81;0,72;0,62;0,716666667;0,09504385;0,982002873;0,035071531;-1,017074405;0,946931342;1,052145936
NP CC SP;0,58;0,82;1,84;1,08;0,669029147;-0,747351594;-0,388622829;1,135974424;0,358728765;1,524597253
NP SP NC;0,63;0,68;2,25;1,186666667;0,921212969;-0,60427576;-0,549999494;1,154275254;0,054276266;1,704274748
RG RN VM;0,68;0,95;0,21;0,613333333;0,374477414;0,178025868;0,899030634;-1,077056502;0,721004766;1,976087136
RN VM RG;0,93;0,55;0,62;0,7;0,202237484;1,137276806;-0,741702265;-0,395574541;1,87897907;0,346127724
CC AQ CC;0,73;0,82;0,62;0,723333333;0,100166528;0,066555833;0,965059572;-1,031615405;0,89850374;1,996674977
SP NP DA;0,56;0,65;3,06;1,423333333;1,41810907;-0,608791913;-0,545327119;1,154119032;0,063464794;1,699446151
NC CS RG;0,73;0,78;0,82;0,776666667;0,045092498;-1,034909779;0,073922127;0,960987652;1,108831906;0,887065525
DD NC PR;1,08;0,38;0,21;0,556666667;0,46112182;1,1349134;-0,383123632;-0,751789768;1,518037033;0,368666136
NC CC CS;0,61;0,92;0,82;0,783333333;0,158219257;-1,095526148;0,863780232;0,231745916;1,95930638;0,632034316
CS RG VM;0,76;0,82;0,21;0,596666667;0,336204303;0,485815714;0,664278629;-1,150094342;0,178462915;1,814372971
VM VM NC;0,91;0,55;0,62;0,693333333;0,190875177;1,135122281;-0,750927047;-0,384195233;1,886049328;0,366731814
NC CS DA;0,73;0,82;0,41;0,653333333;0,215483951;0,35578829;0,773452805;-1,129241095;0,417664515;1,9026939
DP VM NC;0,68;0,82;0,62;0,706666667;0,102632029;-0,259827921;1,104268664;-0,844440743;1,364096585;1,948709407
CC VM CS;0,86;0,61;0,41;0,626666667;0,225462488;1,034909779;-0,073922127;-0,960987652;1,108831906;0,887065525
NC NC SP;0,78;0,68;0,62;0,693333333;0,080829038;1,072221928;-0,16495722;-0,907264709;1,237179148;0,742307489
CC RG AQ;0,66;0,92;0;0,526666667;0,474271371;0,281133;0,82934235;-1,11047535;0,54820935;1,9398177
AQ PR VM;0,78;0,61;0,82;0,736666667;0,111504858;0,388622829;-1,135974424;0,747351594;1,524597253;1,883326018
AQ DP NC;0,61;0,72;1,63;0,986666667;0,559851171;-0,672797855;-0,476317065;1,14911492;0,196480789;1,625431986
RN VM DP;0,83;0,55;0,82;0,733333333;0,158850034;0,608540421;-1,154128385;0,545587964;1,762668806;1,699716349
CS P0 VM;0,68;0,82;0,21;0,57;0,319530906;0,344254649;0,78239693;-1,126651579;0,438142281;1,909048509
NC AQ DA;0,73;0,68;0,62;0,676666667;0,055075705;0,968364052;0,060522753;-1,028886806;0,907841299;1,089409559
NC SP RG;0,81;0,55;0,82;0,726666667;0,1530795;0,544379445;-1,154084424;0,609704979;1,69846387;1,763789403
VS DP NC;0,76;0,61;0,82;0,73;0,108166538;0,277350098;-1,109400392;0,832050294;1,386750491;1,941450687
AQ CC RG;0,96;0,41;0,21;0,526666667;0,388372673;1,115766796;-0,300398753;-0,815368043;1,416165549;0,514969291
PP SP DA;0,78;0,65;0,21;0,546666667;0,298719489;0,781111851;0,345920963;-1,127032814;0,435190889;1,472953777
NC CC PP;0,91;0,51;0;0,473333333;0,456106713;0,957378294;0,080390544;-1,037768838;0,876987751;1,118159382
DA NC DP;0,68;0,61;1,23;0,84;0,339558537;-0,471200051;-0,677350074;1,148550125;0,206150022;1,825900199
VS RG AQ;0,76;0,55;1,02;0,776666667;0,235442845;-0,070788588;-0,962724803;1,033513391;0,891936214;1,996238194
VM RG CS;0,83;0,58;0,21;0,54;0,311929479;0,929697317;0,128234113;-1,05793143;0,801463205;1,186165543
PP PP VM;0,96;0,44;0;0,466666667;0,480555234;1,026590281;-0,055491367;-0,971098915;1,082081648;0,915607548
NC AQ AQ;0,68;0,78;0,21;0,556666667;0,304357246;0,405225553;0,733786812;-1,139012364;0,328561259;1,872799176
SP NC NC;0,73;0,58;1,02;0,776666667;0,223681321;-0,208630146;-0,879227044;1,08785719;0,670596898;1,967084235
DA NP VM;0,58;0,72;1,43;0,91;0,455741155;-0,724095238;-0,416903319;1,140998558;0,307191919;1,557901877
NP AQ VM;0,41;1,05;0,82;0,76;0,324191302;-1,079609472;0,894533563;0,18507591;1,974143035;0,709457653
VM CC PP;0,83;0,58;0,21;0,54;0,311929479;0,929697317;0,128234113;-1,05793143;0,801463205;1,186165543
RG AQ SP;0,78;0,48;1,02;0,76;0,270554985;0,073922127;-1,034909779;0,960987652;1,108831906;1,995897432
AQ NP CC;0,53;0,88;0,62;0,676666667;0,181750745;-0,806965972;1,118748279;-0,311782307;1,925714251;1,430530587
NP DP NC;0,71;0,68;0,41;0,6;0,165227116;0,665750286;0,484182026;-1,149932312;0,18156826;1,634114338
NC NP VM;0,58;0,75;1,02;0,783333333;0,221885857;-0,916387085;-0,150227391;1,066614476;0,766159694;1,216841867
SP VM DP;0,66;0,78;0,21;0,55;0,300499584;0,366057079;0,765392074;-1,131449154;0,399334995;1,896841228
CC VM RG;0,71;0,75;0;0,486666667;0,421939964;0,529301209;0,624101426;-1,153402636;0,094800217;1,777504062
NC SP DI;0,68;0,72;0,21;0,536666667;0,28360771;0,505392936;0,646432825;-1,151825761;0,141039889;1,798258586
DD NC CC;0,73;0,61;0,41;0,583333333;0,161658075;0,907264709;0,16495722;-1,072221928;0,742307489;1,237179148
VM PP DA;0,68;0,65;0,62;0,65;0,03;1;0;-1;1;1
SP PP DA;0,61;0,75;0,62;0,66;0,078102497;-0,6401844;1,152331919;-0,51214752;1,792516319;1,664479439
DI NC CC;0,61;0,78;0,41;0,6;0,185202592;0,053994925;0,971908645;-1,02590357;0,91791372;1,997812214
PR SP NC;0,66;0,65;0,82;0,71;0,09539392;-0,524142418;-0,628970902;1,15311332;0,104828484;1,782084222
DP NC DP;0,76;0,61;0,21;0,526666667;0,284312035;0,820694534;0,293105191;-1,113799725;0,527589344;1,406904916
NP VM CC;0,68;0,65;0,41;0,58;0,147986486;0,675737378;0,473016165;-1,148753543;0,202721214;1,621769708
RG AQ VM;0,66;0,61;0,82;0,696666667;0,109696551;-0,334255419;-0,790058263;1,124313682;0,455802844;1,914371945
NC CC RN;0,56;0,75;0,82;0,71;0,13453624;-1,114941219;0,297317658;0,817623561;1,412258878;0,520305902
VM P0 SP;0,61;0,75;0,41;0,59;0,170880075;0,117041147;0,936329178;-1,053370325;0,81928803;1,989699502
DA NP CC;0,38;0,68;2,65;1,236666667;1,233139624;-0,694703706;-0,451422252;1,146125958;0,243281453;1,59754821
VM CS RN;0,81;0,41;0,82;0,68;0,233880311;0,555839862;-1,154436637;0,598596775;1,710276499;1,753033412
AQ AQ NC;0,58;0,75;0,62;0,65;0,088881944;-0,787561531;1,125087901;-0,33752637;1,912649432;1,462614271
VM SP PR;0,66;0,58;1,02;0,753333333;0,234378611;-0,398216087;-0,739544161;1,137760248;0,341328074;1,877304409
PR VM RG;0,58;0,82;0,21;0,536666667;0,307300071;0,141013093;0,922008683;-1,063021776;0,78099559;1,985030459
RG P0 VM;0,68;0,58;0,62;0,626666667;0,05033223;1,059625886;-0,92717265;-0,132453236;1,986798536;0,794719414
CS VM RG;0,61;0,78;0;0,463333333;0,410162569;0,357581792;0,772051597;-1,129633389;0,414469805;1,901684986
NC SP CS;0,66;0,58;0,82;0,686666667;0,122202019;-0,21821789;-0,872871561;1,091089451;0,654653671;1,963961012
NP VM VM;0,63;0,38;2,25;1,086666667;1,015201129;-0,449828761;-0,696085383;1,145914144;0,246256621;1,841999527
VM P0 VM;0,68;0,61;0,41;0,566666667;0,140118997;0,808836316;0,309260944;-1,11809726;0,499575371;1,427358204
VM VM AQ;0,53;0,78;0,62;0,643333333;0,126622799;-0,895046815;1,079321159;-0,184274344;1,974367974;1,263595504
CC VM PP;0,56;0,72;0,82;0,7;0,13114877;-1,067489992;0,15249857;0,914991422;1,219988563;0,762492852
AQ NC NC;0,56;0,61;1,23;0,8;0,373229152;-0,643036587;-0,509070631;1,152107218;0,133965956;1,661177849
AQ NC RN;0,58;0,72;0,41;0,57;0,155241747;0,064415663;0,96623494;-1,030650602;0,901819277;1,996885542
VM CS PP;0,83;0,38;0,41;0,54;0,251594913;1,152646519;-0,635942907;-0,516703612;1,788589425;0,119239295
VM CS RG;0,73;0,48;0,62;0,61;0,125299641;0,957704261;-1,03751295;0,079808688;1,995217211;1,117321638
NP AQ SP;0,56;0,65;1,02;0,743333333;0,243789527;-0,752014805;-0,382843901;1,134858705;0,369170904;1,517702606
RG AQ CS;0,71;0,44;0,82;0,656666667;0,195533458;0,272758094;-1,108079755;0,835321662;1,380837849;1,943401417
VM RG RG;0,68;0,58;0,21;0,49;0,247588368;0,767402772;0,363506576;-1,130909348;0,403896196;1,494415925
AQ VM CC;0,56;0,68;0,62;0,62;0,06;-1;1;-1,85037E-15;2;1
RG VM RG;0,63;0,61;0,41;0,55;0,121655251;0,657595949;0,493196962;-1,150792911;0,164398987;1,643989873
VM NP SP;0,73;0,41;0,82;0,653333333;0,215483951;0,35578829;-1,129241095;0,773452805;1,485029385;1,9026939
VM DA PR;0,76;0,34;1,02;0,706666667;0,343122913;0,155435068;-1,068616093;0,913181025;1,224051161;1,981797118
SP NC DP;0,51;0,72;0,82;0,683333333;0,158219257;-1,095526148;0,231745916;0,863780232;1,327272064;0,632034316
NC NC CC;0,71;0,38;1,23;0,773333333;0,428524601;-0,147793927;-0,91787807;1,065671996;0,770084143;1,983550066
RG VM NC;0,68;0,55;0,21;0,48;0,242693222;0,824085643;0,288429975;-1,112515619;0,535655668;1,400945594
NP CC NP;0,58;0,48;1,43;0,83;0,522015325;-0,478913143;-0,6704784;1,149391542;0,191565257;1,819869942
AQ SP VM;0,51;0,75;0,41;0,556666667;0,174737899;-0,267066658;1,106419011;-0,839352353;1,373485669;1,945771364
SP DP VM;0,56;0,72;0,21;0,496666667;0,260832002;0,242812741;0,856234402;-1,099047143;0,613421661;1,955281545
CC CS VM;0,76;0,44;0,21;0,47;0,276224546;1,049870491;-0,108607292;-0,941263199;1,158477783;0,832655906
NC CS PP;0,51;0,72;0,62;0,616666667;0,105039675;-1,015489306;0,983755265;0,031734041;1,99924457;0,952021224
SP PP AQ;0,56;0,65;0,41;0,54;0,121243557;0,16495722;0,907264709;-1,072221928;0,742307489;1,979486637
NC VM PP;0,71;0,51;0;0,406666667;0,366105631;0,828540474;0,282250052;-1,110790525;0,546290422;1,393040577
SP NC PP;0,53;0,51;1,43;0,823333333;0,525483904;-0,558215639;-0,596275796;1,154491436;0,038060157;1,750767232
SP PR PP;0,61;0,58;0,41;0,533333333;0,107857931;0,710811581;0,432667919;-1,1434795;0,278143662;1,576147419
DI DA NC;0,63;0,61;0;0,413333333;0,358096821;0,605050517;0,5491997;-1,154250216;0,055850817;1,703449916
RG DA AQ;0,51;0,55;1,23;0,763333333;0,404639757;-0,626071286;-0,527217925;1,153289211;0,098853361;1,680507136
NP VM NC;0,71;0,38;0,62;0,57;0,170587221;0,820694534;-1,113799725;0,293105191;1,93449426;1,406904916
NP DA AQ;0,41;0,65;1,43;0,83;0,533291665;-0,787561531;-0,33752637;1,125087901;0,45003516;1,462614271
VM RG DP;0,73;0,38;0,41;0,506666667;0,193993127;1,151243535;-0,652944095;-0,498299441;1,80418763;0,154644654
NC VM PR;0,78;0,34;0,21;0,443333333;0,298719489;1,127032814;-0,345920963;-0,781111851;1,472953777;0,435190889
NC VM NC;0,53;0,61;0,62;0,586666667;0,049328829;-1,148753543;0,473016165;0,675737378;1,621769708;0,202721214
NC AQ RG;0,33;0,85;0,82;0,666666667;0,291947484;-1,153175435;0,627966821;0,525208614;1,781142256;0,102758207
NC PR RN;0,83;0,31;0;0,38;0,41940434;1,072950272;-0,166903376;-0,906046896;1,239853647;0,73914352
DP NC P0;0,66;0,44;0,62;0,573333333;0,117189306;0,739544161;-1,137760248;0,398216087;1,877304409;1,535976335
VM CC RN;0,63;0,55;0,21;0,463333333;0,223009716;0,747351594;0,388622829;-1,135974424;0,358728765;1,524597253
SP AQ CC;0,43;0,72;0,82;0,656666667;0,202566861;-1,118972102;0,31265397;0,806318132;1,431626072;0,493664163
P0 VM VM;0,66;0,41;0,62;0,563333333;0,134288247;0,719844578;-1,141822435;0,421977856;1,861667013;1,563800291
AQ CS VM;0,56;0,51;0,82;0,63;0,16643317;-0,420589238;-0,721010122;1,141599359;0,300420884;1,862609481
SP PP SP;0,63;0,48;0,41;0,506666667;0,112398102;1,097290178;-0,23725193;-0,860038247;1,334542108;0,622786317
AQ AQ CC;0,73;0,38;0,21;0,44;0,265141472;1,093755715;-0,226294286;-0,867461429;1,320050001;0,641167143
PP VM NC;0,56;0,51;0,82;0,63;0,16643317;-0,420589238;-0,721010122;1,141599359;0,300420884;1,862609481
AQ NC P0;0,61;0,41;0,82;0,613333333;0,205020324;-0,016258551;-0,991771592;1,008030143;0,975513041;1,999801735
CC DI NC;0,51;0,51;1,02;0,68;0,294448637;-0,577350269;-0,577350269;1,154700538;0;1,732050808
DD NC CS;0,51;0,68;0;0,396666667;0,35388322;0,320256308;0,800640769;-1,120897077;0,480384461;1,921537846
VM VM P0;0,58;0,51;0,41;0,5;0,085440037;0,936329178;0,117041147;-1,053370325;0,81928803;1,170411472
AQ RN VM;0,53;0,61;0,21;0,45;0,211660105;0,377964473;0,755928946;-1,133893419;0,377964473;1,889822365
CC SP NP;0,56;0,38;1,43;0,79;0,561515806;-0,409605567;-0,730166446;1,139772013;0,320560879;1,869938458
CC SP PP;0,61;0,51;0,21;0,443333333;0,2081666;0,800640769;0,320256308;-1,120897077;0,480384461;1,441153384
SP NC PR;0,66;0,44;0,21;0,436666667;0,225018518;0,992510908;0,014813596;-1,007324503;0,977697312;1,022138099
DP NC NP;0,46;0,75;0;0,403333333;0,378197479;0,149833539;0,916628708;-1,066462246;0,766795169;1,983090954
NC CS RN;0,58;0,55;0,21;0,446666667;0,205507502;0,648800322;0,502820249;-1,151620571;0,145980072;1,65444082
SP NP SP;0,56;0,44;1,02;0,673333333;0,306159;-0,370178023;-0,762131224;1,132309246;0,391953201;1,89444047
AQ NC AP;0,56;0,58;0;0,38;0,329241553;0,546711065;0,607456739;-1,154167805;0,060745674;1,761624544
NC AQ NP;0,43;0,51;1,43;0,79;0,55569776;-0,647834176;-0,503871026;1,151705201;0,14396315;1,655576227
RN VM CC;0,51;0,61;0,21;0,443333333;0,2081666;0,320256308;0,800640769;-1,120897077;0,480384461;1,921537846
CC VM AQ;0,41;0,75;0,21;0,456666667;0,273007936;-0,170935202;1,074449839;-0,903514637;1,245385041;1,977964477
NC CS DP;0,48;0,55;0,82;0,616666667;0,17953644;-0,761219653;-0,37132666;1,132546313;0,389892993;1,503872973
DP NC VS;0,53;0,55;0,41;0,496666667;0,075718778;0,440225453;0,704360725;-1,144586178;0,264135272;1,848946903
SP DA PR;0,63;0,31;0,82;0,586666667;0,257746646;0,168123753;-1,073405499;0,905281746;1,241529251;1,978687244
CS VM NC;0,51;0,61;0;0,373333333;0,327159492;0,417737128;0,723398441;-1,141135569;0,305661313;1,86453401
DA NC VS;0,53;0,51;0,41;0,483333333;0,064291005;0,725866186;0,414780678;-1,140646864;0,311085508;1,555427542
VM AQ VM;0,36;0,65;1,02;0,676666667;0,330807094;-0,957254764;-0,080610928;1,037865692;0,876643837;1,118476619
PP VM DP;0,46;0,65;0,21;0,44;0,220680765;0,090628651;0,951600834;-1,042229485;0,860972183;1,993830319
SP DA RG;0,41;0,68;0,21;0,433333333;0,235867194;-0,098925726;1,045786242;-0,946860516;1,144711967;1,992646758
AQ CC NC;0,36;0,72;0,41;0,496666667;0,195021366;-0,700777916;1,145173667;-0,444395752;1,845951583;1,589569419
VM RG NC;0,68;0,34;0;0,34;0,34;1;0;-1;1;1
RG VM PP;0,68;0,34;0;0,34;0,34;1;0;-1;1;1
PP NC SP;0,56;0,51;0;0,356666667;0,309892454;0,656141608;0,494795311;-1,150936919;0,161346297;1,64573223
VM AQ DA;0,41;0,58;0,82;0,603333333;0,205993527;-0,938540816;-0,113272167;1,051812984;0,825268649;1,165085151
NP PR VM;0,53;0,38;1,02;0,643333333;0,334713808;-0,338597723;-0,786741769;1,125339492;0,448144045;1,91208126
VS AQ NC;0,51;0,44;0,82;0,59;0,202237484;-0,395574541;-0,741702265;1,137276806;0,346127724;1,87897907
VM DI AQ;0,43;0,58;0,62;0,543333333;0,100166528;-1,131449154;0,366057079;0,765392074;1,497506233;0,399334995
AQ RG VM;0,36;0,68;0,62;0,553333333;0,170098011;-1,136599612;0,744668712;0,391930901;1,881268324;0,352737811
NP CC VM;0,36;0,72;0,21;0,43;0,262106848;-0,267066658;1,106419011;-0,839352353;1,373485669;1,945771364
DI NC PR;0,66;0,21;0,82;0,563333333;0,316280466;0,305635905;-1,11715193;0,811516025;1,422787836;1,928667955
AQ SP NP;0,61;0,34;0,41;0,453333333;0,140118997;1,11809726;-0,808836316;-0,309260944;1,926933576;0,499575371
NC AP CC;0,46;0,58;0,21;0,416666667;0,188767935;0,229558761;0,865259946;-1,094818707;0,635701185;1,960078653
CC P0 VM;0,38;0,65;0,21;0,413333333;0,221885857;-0,150227391;1,066614476;-0,916387085;1,216841867;1,983001562
SP RG VM;0,61;0,34;0,21;0,386666667;0,204042479;1,094543323;-0,228710545;-0,865832778;1,323253869;0,637122233
VM RG CC;0,41;0,61;0,21;0,41;0,2;0;1;-1;1;2
AQ SP PR;0,51;0,48;0,21;0,4;0,165227116;0,665750286;0,484182026;-1,149932312;0,18156826;1,634114338
AQ NC DP;0,66;0,28;0,21;0,383333333;0,242143208;1,142574547;-0,426744711;-0,715829837;1,569319258;0,289085126
VM NC CS;0,53;0,44;0,21;0,393333333;0,165025251;0,828156092;0,282785007;-1,110941099;0,545371085;1,393726107
CS SP AQ;0,33;0,48;1,63;0,813333333;0,71121961;-0,679583812;-0,468678491;1,148262302;0,210905321;1,616940793
AQ DA AQ;0,53;0,44;0,21;0,393333333;0,165025251;0,828156092;0,282785007;-1,110941099;0,545371085;1,393726107
VS NC SP;0,41;0,58;0,41;0,466666667;0,098149546;-0,577350269;1,154700538;-0,577350269;1,732050808;1,732050808
CS VM PP;0,53;0,41;0,21;0,383333333;0,161658075;0,907264709;0,16495722;-1,072221928;0,742307489;1,237179148
RG VM DP;0,43;0,48;0,62;0,51;0,098488578;-0,812276932;-0,30460385;1,116880782;0,507673083;1,421484631
NP AQ NC;0,48;0,28;1,43;0,73;0,614410286;-0,406894229;-0,732409613;1,139303842;0,325515384;1,871713455
NP CC DA;0,38;0,48;1,02;0,626666667;0,344286702;-0,716457142;-0,426001544;1,142458686;0,290455598;1,56846023
I AQ NC;0,48;0,41;0,62;0,503333333;0,106926766;-0,21821789;-0,872871561;1,091089451;0,654653671;1,963961012
DI NC RG;0,53;0,38;0,41;0,44;0,079372539;1,133893419;-0,755928946;-0,377964473;1,889822365;0,377964473
AQ RG SP;0,46;0,48;0,41;0,45;0,036055513;0,277350098;0,832050294;-1,109400392;0,554700196;1,941450687
NC NP SP;0,53;0,44;0;0,323333333;0,28360771;0,728706094;0,411366343;-1,140072437;0,31733975;1,55143878
NC AQ PP;0,43;0,48;0,62;0,51;0,098488578;-0,812276932;-0,30460385;1,116880782;0,507673083;1,421484631
NC AQ RN;0,46;0,48;0,41;0,45;0,036055513;0,277350098;0,832050294;-1,109400392;0,554700196;1,941450687
NC VS AQ;0,41;0,55;0,41;0,456666667;0,080829038;-0,577350269;1,154700538;-0,577350269;1,732050808;1,732050808
NC CC VS;0,48;0,48;0,21;0,39;0,155884573;0,577350269;0,577350269;-1,154700538;0;1,732050808
CC CS SP;0,43;0,44;0,82;0,563333333;0,222336082;-0,599692736;-0,554715781;1,154408517;0,044976955;1,709124298
VM CC CS;0,43;0,55;0,21;0,396666667;0,172433562;0,193311168;0,889231374;-1,082542542;0,695920206;1,971773916
NP VM AQ;0,38;0,58;0,21;0,39;0,185202592;-0,053994925;1,02590357;-0,971908645;1,079898494;1,997812214
AQ CC DA;0,33;0,68;0;0,336666667;0,340049016;-0,019605017;1,009658364;-0,990053347;1,029263381;1,999711712
AQ NP AQ;0,36;0,48;1,02;0,62;0,351567917;-0,739544161;-0,398216087;1,137760248;0,341328074;1,535976335
RG CS VM;0,51;0,41;0,21;0,376666667;0,152752523;0,872871561;0,21821789;-1,091089451;0,654653671;1,309307341
AQ SP AQ;0,28;0,68;0,41;0,456666667;0,204042479;-0,865832778;1,094543323;-0,228710545;1,960376102;1,323253869
SP PP PP;0,63;0,28;0;0,303333333;0,315647483;1,034909779;-0,073922127;-0,960987652;1,108831906;0,887065525
PR NC VM;0,46;0,41;0,62;0,496666667;0,109696551;-0,334255419;-0,790058263;1,124313682;0,455802844;1,914371945
CS RN PP;0,48;0,34;0,82;0,546666667;0,246846781;-0,270073065;-0,8372265;1,107299565;0,567153436;1,944526065
PR VM CS;0,46;0,38;0,82;0,553333333;0,234378611;-0,398216087;-0,739544161;1,137760248;0,341328074;1,877304409
DA RG VM;0,43;0,55;0;0,326666667;0,289194283;0,357314578;0,772260541;-1,129575119;0,414945962;1,90183566
NC VS SP;0,46;0,41;0,62;0,496666667;0,109696551;-0,334255419;-0,790058263;1,124313682;0,455802844;1,914371945
P0 VM RG;0,43;0,41;0,62;0,486666667;0,115902258;-0,488917712;-0,661476905;1,150394617;0,172559193;1,811871522
PP DP NC;0,51;0,34;0,41;0,42;0,085440037;1,053370325;-0,936329178;-0,117041147;1,989699502;0,81928803
SP PP DP;0,48;0,31;0,82;0,536666667;0,259679289;-0,21821789;-0,872871561;1,091089451;0,654653671;1,963961012
DI NC CS;0,41;0,55;0;0,32;0,285832119;0,314870143;0,804668143;-1,119538286;0,489798;1,924206428
RG NC SP;0,33;0,61;0,21;0,383333333;0,205264058;-0,259827921;1,104268664;-0,844440743;1,364096585;1,948709407
DP AQ NP;0,21;0,72;0,62;0,516666667;0,270246801;-1,134765206;0,752398669;0,382366537;1,887163876;0,370032133
PR VM AQ;0,38;0,55;0,21;0,38;0,17;-3,26536E-16;1;-1;1;2
VM PP NC;0,66;0,14;0,41;0,403333333;0,260064095;0,98693619;-1,012570896;0,025634706;1,999507086;1,038205602
SP PT VM;0,46;0,48;0;0,313333333;0,271538825;0,540131478;0,61378577;-1,153917248;0,073654292;1,767703018
AQ NC VS;0,43;0,44;0,21;0,36;0,13;0,538461538;0,615384615;-1,153846154;0,076923077;1,769230769
SP RG NC;0,41;0,48;0,21;0,366666667;0,140118997;0,309260944;0,808836316;-1,11809726;0,499575371;1,926933576
SP RG RG;0,33;0,51;0,62;0,486666667;0,146401275;-1,070118185;0,159379304;0,91073888;1,229497489;0,751359576
DI DP NC;0,61;0,24;0;0,283333333;0,307300071;1,063021776;-0,141013093;-0,922008683;1,204034869;0,78099559
VM PP AQ;0,38;0,48;0,41;0,423333333;0,051316014;-0,844440743;1,104268664;-0,259827921;1,948709407;1,364096585
VM DD AQ;0,33;0,61;0;0,313333333;0,305341339;0,054583722;0,971590246;-1,026173967;0,917006524;1,997764213
CC NC DA;0,28;0,55;0,82;0,55;0,27;-1;4,11194E-16;1;1;1
DP NP AQ;0,26;0,61;0,62;0,496666667;0,205020324;-1,154357099;0,552790723;0,601566376;1,707147822;0,048775652
P0 PP VM;0,43;0,44;0,21;0,36;0,13;0,538461538;0,615384615;-1,153846154;0,076923077;1,769230769
NC VM P0;0,58;0,28;0;0,286666667;0,290057466;1,011293858;-0,022983951;-0,988309906;1,034277809;0,965325955
AQ P0 VM;0,41;0,38;0,82;0,536666667;0,245831921;-0,515257198;-0,637291797;1,152548995;0,122034599;1,789840792
CC RG DA;0,43;0,41;0,21;0,35;0,121655251;0,657595949;0,493196962;-1,150792911;0,164398987;1,643989873
VM NC RG;0,48;0,38;0;0,286666667;0,253245599;0,763422283;0,368548689;-1,131970972;0,394873595;1,500519661
NC VM NP;0,46;0,34;0,41;0,403333333;0,060277138;0,940102148;-1,050702401;0,110600253;1,990804549;1,161302654
PP RG VM;0,41;0,48;0;0,296666667;0,259293913;0,437084434;0,70704835;-1,144132784;0,269963915;1,851181134
DA RG AQ;0,36;0,51;0,21;0,36;0,15;-3,70074E-16;1;-1;1;2
PP VM NP;0,48;0,34;0,21;0,343333333;0,135030861;1,012114312;-0,024685715;-0,987428597;1,036800027;0,962742882
CS VM AQ;0,31;0,51;0,62;0,48;0,157162336;-1,081684097;0,190885429;0,890798668;1,272569526;0,699913239
NC AP SP;0,53;0,21;0,41;0,383333333;0,161658075;0,907264709;-1,072221928;0,16495722;1,979486637;1,237179148
VS VM SP;0,48;0,11;1,43;0,673333333;0,680906259;-0,283935315;-0,827328764;1,111264079;0,543393448;1,938592843
PP SP NC;0,48;0,28;0,41;0,39;0,101488916;0,88679635;-1,083862206;0,197065856;1,970658556;1,280928062
CS DI NC;0,43;0,34;0,41;0,393333333;0,047258156;0,775880177;-1,128552985;0,352672808;1,904433163;1,481225793
VM NP VM;0,51;0,24;0,41;0,386666667;0,136503968;0,903514637;-1,074449839;0,170935202;1,977964477;1,245385041
NP PR SP;0,36;0,51;0;0,29;0,262106848;0,267066658;0,839352353;-1,106419011;0,572285695;1,945771364
RG NC VM;0,46;0,34;0,21;0,336666667;0,125033329;0,986403661;0,026659558;-1,013063219;0,959744102;1,039722778
AQ SP PP;0,38;0,38;0,62;0,46;0,138564065;-0,577350269;-0,577350269;1,154700538;0;1,732050808
CC SP VM;0,41;0,38;0,41;0,4;0,017320508;0,577350269;-1,154700538;0,577350269;1,732050808;1,732050808
NC NP CC;0,46;0,28;0,62;0,453333333;0,170098011;0,03919309;-1,019020342;0,979827252;1,058213432;1,998847594
SP PR DA;0,38;0,38;0,62;0,46;0,138564065;-0,577350269;-0,577350269;1,154700538;0;1,732050808
VM CC DP;0,28;0,58;0,21;0,356666667;0,19655364;-0,390054678;1,136246235;-0,746191558;1,526300913;1,882437793
PR VM NC;0,46;0,31;0,41;0,393333333;0,076376262;0,872871561;-1,091089451;0,21821789;1,963961012;1,309307341
PR VM NP;0,43;0,38;0,21;0,34;0,115325626;0,780398973;0,346843988;-1,12724296;0,433554985;1,474086948
P0 VM DP;0,28;0,55;0,21;0,346666667;0,17953644;-0,37132666;1,132546313;-0,761219653;1,503872973;1,893765966
AQ PR SP;0,46;0,31;0,21;0,326666667;0,125830574;1,059625886;-0,132453236;-0,92717265;1,192079121;0,794719414
RG VM AQ;0,46;0,34;0;0,266666667;0,238607069;0,810258197;0,307339316;-1,117597512;0,502918881;1,424936828
NC RG CS;0,38;0,31;0,82;0,503333333;0,276465791;-0,446107032;-0,699302915;1,145409948;0,253195883;1,844712863
SP PP NC;0,56;0,17;0,21;0,313333333;0,214553801;1,149672791;-0,668053108;-0,481619683;1,817725899;0,186433426
NP NC SP;0,41;0,34;0,41;0,386666667;0,040414519;0,577350269;-1,154700538;0,577350269;1,732050808;1,732050808
PT PP VM;0,31;0,51;0,21;0,343333333;0,152752523;-0,21821789;1,091089451;-0,872871561;1,309307341;1,963961012
CC DP AQ;0,43;0,38;0;0,27;0,23515952;0,680389209;0,467767581;-1,14815679;0,212621628;1,615924371
PR SP AQ;0,38;0,38;0,41;0,39;0,017320508;-0,577350269;-0,577350269;1,154700538;0;1,732050808
CC SP DD;0,38;0,41;0,21;0,333333333;0,107857931;0,432667919;0,710811581;-1,1434795;0,278143662;1,854291082
CS SP DD;0,31;0,51;0,21;0,343333333;0,152752523;-0,21821789;1,091089451;-0,872871561;1,309307341;1,963961012
CC PR VM;0,41;0,41;0;0,273333333;0,23671361;0,577350269;0,577350269;-1,154700538;0;1,732050808
CC AQ CS;0,28;0,58;0;0,286666667;0,290057466;-0,022983951;1,011293858;-0,988309906;1,034277809;1,999603764
CC AQ NP;0,21;0,55;0,82;0,526666667;0,305668666;-1,035980138;0,076335379;0,959644759;1,112315516;0,883309381
CC RG SP;0,46;0,24;0,41;0,37;0,115325626;0,780398973;-1,12724296;0,346843988;1,907641933;1,474086948
NC DI NC;0,36;0,41;0,21;0,326666667;0,1040833;0,320256308;0,800640769;-1,120897077;0,480384461;1,921537846
NP SP AQ;0,46;0,28;0,21;0,316666667;0,128970281;1,111367149;-0,284303224;-0,827063925;1,395670374;0,542760701
NP SP PR;0,31;0,38;0,82;0,503333333;0,276465791;-0,699302915;-0,446107032;1,145409948;0,253195883;1,59151698
RG NC CC;0,43;0,31;0,21;0,316666667;0,110151411;1,028886806;-0,060522753;-0,968364052;1,089409559;0,907841299
RG SP PP;0,43;0,34;0;0,256666667;0,226789183;0,764292773;0,367448449;-1,131741222;0,396844325;1,499189671
SP Z NC;0,38;0,34;0,41;0,376666667;0,035118846;0,0949158;-1,044073795;0,949157996;1,138989595;1,993231791
VM CS DP;0,23;0,61;0;0,28;0,308058436;-0,162306868;1,071225331;-0,908918462;1,233532199;1,980143793
CC CS DA;0,28;0,48;0,41;0,39;0,101488916;-1,083862206;0,88679635;0,197065856;1,970658556;0,689730495
DP AQ CC;0,46;0,28;0,21;0,316666667;0,128970281;1,111367149;-0,284303224;-0,827063925;1,395670374;0,542760701
NC CS CS;0,46;0,28;0,21;0,316666667;0,128970281;1,111367149;-0,284303224;-0,827063925;1,395670374;0,542760701
CC AQ DA;0,33;0,41;0,41;0,383333333;0,046188022;-1,154700538;0,577350269;0,577350269;1,732050808;0
VS SP NC;0,36;0,34;0,62;0,44;0,156204994;-0,51214752;-0,6401844;1,152331919;0,12803688;1,792516319
CS DA NP;0,36;0,31;0,62;0,43;0,16643317;-0,420589238;-0,721010122;1,141599359;0,300420884;1,862609481
NC CC NP;0,28;0,44;0,41;0,376666667;0,085049005;-1,136599612;0,744668712;0,391930901;1,881268324;0,352737811
VM NP CC;0,28;0,51;0;0,263333333;0,25540817;0,065255026;0,965774378;-1,031029404;0,900519353;1,996803782
VM P0 DA;0,48;0,17;0,41;0,353333333;0,162583312;0,77908775;-1,127627006;0,348539256;1,906714756;1,476166263
SP RN VM;0,38;0,28;0,62;0,426666667;0,174737899;-0,267066658;-0,839352353;1,106419011;0,572285695;1,945771364
DA AQ AQ;0,31;0,38;0,62;0,436666667;0,162583312;-0,77908775;-0,348539256;1,127627006;0,430548493;1,476166263
RN VM AQ;0,46;0,28;0;0,246666667;0,231804515;0,920315694;0,143799327;-1,064115021;0,776516367;1,207914348
CC VM DI;0,33;0,34;0,62;0,43;0,164620776;-0,607456739;-0,546711065;1,154167805;0,060745674;1,70087887
PR NP VM;0,43;0,31;0;0,246666667;0,221885857;0,826250651;0,285432043;-1,111682694;0,540818608;1,397114737
PT VM SP;0,38;0,28;0,62;0,426666667;0,174737899;-0,267066658;-0,839352353;1,106419011;0,572285695;1,945771364
RN VS AQ;0,33;0,38;0,41;0,373333333;0,040414519;-1,072221928;0,16495722;0,907264709;1,237179148;0,742307489
VS AQ CS;0,36;0,31;0,41;0,36;0,05;1,11022E-15;-1;1;1;2
VS AQ CC;0,36;0,34;0,21;0,303333333;0,081445278;0,695763683;0,45020003;-1,145963713;0,245563653;1,596163743
PP SP DP;0,38;0,31;0,21;0,3;0,085440037;0,936329178;0,117041147;-1,053370325;0,81928803;1,170411472
AQ VM DP;0,18;0,55;0,41;0,38;0,186815417;-1,070575455;0,909989137;0,160586318;1,980564592;0,749402819
AQ VM CS;0,26;0,41;0,62;0,43;0,180831413;-0,940102148;-0,110600253;1,050702401;0,829501895;1,161302654
P0 VM AQ;0,36;0,28;0,62;0,42;0,177763888;-0,33752637;-0,787561531;1,125087901;0,45003516;1,912649432
AQ CS DA;0,21;0,44;0,82;0,49;0,308058436;-0,908918462;-0,162306868;1,071225331;0,746611594;1,233532199
VM DA VM;0,43;0,28;0;0,236666667;0,21825062;0,88583177;0,1985485;-1,08438027;0,687283269;1,28292877
NC VM RN;0,41;0,28;0,21;0,3;0,101488916;1,083862206;-0,197065856;-0,88679635;1,280928062;0,689730495
CC NC CS;0,28;0,41;0,41;0,366666667;0,075055535;-1,154700538;0,577350269;0,577350269;1,732050808;0
VM NC DA;0,36;0,34;0,21;0,303333333;0,081445278;0,695763683;0,45020003;-1,145963713;0,245563653;1,596163743
CS RN VS;0,26;0,41;0,62;0,43;0,180831413;-0,940102148;-0,110600253;1,050702401;0,829501895;1,161302654
RN VM PP;0,36;0,34;0,21;0,303333333;0,081445278;0,695763683;0,45020003;-1,145963713;0,245563653;1,596163743
DP NP VM;0,28;0,44;0,21;0,31;0,117898261;-0,254456679;1,102645609;-0,84818893;1,357102287;1,950834538
NC RN PP;0,46;0,21;0,21;0,293333333;0,144337567;1,154700538;-0,577350269;-0,577350269;1,732050808;0
VM PP RG;0,38;0,34;0;0,24;0,20880613;0,6704784;0,478913143;-1,149391542;0,191565257;1,628304685
VM NC AP;0,56;0,11;0;0,223333333;0,296704117;1,134688219;-0,381974252;-0,752713967;1,516662471;0,370739715
PT VM VM;0,41;0,28;0,21;0,3;0,101488916;1,083862206;-0,197065856;-0,88679635;1,280928062;0,689730495
AQ NC NP;0,41;0,14;0,82;0,456666667;0,342393536;-0,136295408;-0,924861697;1,061157105;0,788566289;1,986018803
RG AQ DA;0,31;0,41;0;0,24;0,213775583;0,327446189;0,795226459;-1,122672647;0,46778027;1,917899106
NP AQ DA;0,21;0,44;0,62;0,423333333;0,205507502;-1,038080515;0,08110004;0,956980474;1,119180555;0,875880434
NC DP AQ;0,31;0,34;0,41;0,353333333;0,051316014;-0,844440743;-0,259827921;1,104268664;0,584612822;1,364096585
RG CS SP;0,43;0,17;0,41;0,336666667;0,144683563;0,645085949;-1,151939194;0,506853245;1,797025143;1,658792439
AQ SP DD;0,31;0,38;0,21;0,3;0,085440037;0,117041147;0,936329178;-1,053370325;0,81928803;1,989699502
RG PR VM;0,36;0,31;0,21;0,293333333;0,076376262;0,872871561;0,21821789;-1,091089451;0,654653671;1,309307341
VS AQ SP;0,41;0,21;0,41;0,343333333;0,115470054;0,577350269;-1,154700538;0,577350269;1,732050808;1,732050808
AQ AQ SP;0,26;0,44;0,21;0,303333333;0,120968315;-0,358220524;1,129772422;-0,771551898;1,487992946;1,90132432
SP PR NC;0,36;0,21;0,82;0,463333333;0,31785741;-0,325093359;-0,797003075;1,122096434;0,471909715;1,919099508
AQ VM RG;0,23;0,51;0;0,246666667;0,25540817;-0,065255026;1,031029404;-0,965774378;1,096284429;1,996803782
CS NC SP;0,26;0,44;0,21;0,303333333;0,120968315;-0,358220524;1,129772422;-0,771551898;1,487992946;1,90132432
NC PR DA;0,41;0,21;0,41;0,343333333;0,115470054;0,577350269;-1,154700538;0,577350269;1,732050808;1,732050808
PP VM PP;0,41;0,28;0;0,23;0,209523268;0,859093128;0,23863698;-1,097730108;0,620456148;1,336367088
PR DA AQ;0,38;0,24;0,41;0,343333333;0,090737717;0,404095097;-1,138813455;0,734718358;1,542908553;1,873531814
PP VM DI;0,36;0,34;0;0,233333333;0,202319879;0,626071286;0,527217925;-1,153289211;0,098853361;1,680507136
CS CS VM;0,38;0,31;0;0,23;0,202237484;0,741702265;0,395574541;-1,137276806;0,346127724;1,532851347
RG RG SP;0,28;0,34;0,62;0,413333333;0,181475435;-0,734718358;-0,404095097;1,138813455;0,330623261;1,542908553
NP VM CS;0,36;0,24;0,41;0,336666667;0,087368949;0,267066658;-1,106419011;0,839352353;1,373485669;1,945771364
CC DA NP;0,21;0,48;0,21;0,3;0,155884573;-0,577350269;1,154700538;-0,577350269;1,732050808;1,732050808
DD DP NC;0,23;0,48;0;0,236666667;0,240069434;-0,027769744;1,013595646;-0,985825902;1,041365389;1,999421547
SP PP RG;0,33;0,31;0,21;0,283333333;0,064291005;0,725866186;0,414780678;-1,140646864;0,311085508;1,555427542
VM VS SP;0,26;0,41;0,21;0,293333333;0,1040833;-0,320256308;1,120897077;-0,800640769;1,441153384;1,921537846
CC RN PP;0,28;0,38;0,21;0,29;0,085440037;-0,117041147;1,053370325;-0,936329178;1,170411472;1,989699502
NC VM DI;0,36;0,24;0,41;0,336666667;0,087368949;0,267066658;-1,106419011;0,839352353;1,373485669;1,945771364
NC DA PR;0,38;0,14;0,82;0,446666667;0,344867124;-0,193311168;-0,889231374;1,082542542;0,695920206;1,971773916
SP CS VM;0,31;0,38;0;0,23;0,202237484;0,395574541;0,741702265;-1,137276806;0,346127724;1,87897907
RN VS NC;0,28;0,34;0,41;0,343333333;0,065064071;-0,973399487;-0,051231552;1,024631039;0,922167935;1,075862591
RG DI NC;0,28;0,34;0,41;0,343333333;0,065064071;-0,973399487;-0,051231552;1,024631039;0,922167935;1,075862591
SP DA AP;0,28;0,38;0,21;0,29;0,085440037;-0,117041147;1,053370325;-0,936329178;1,170411472;1,989699502
PR AQ NC;0,28;0,28;0,62;0,393333333;0,196299092;-0,577350269;-0,577350269;1,154700538;0;1,732050808
PP RN VM;0,43;0,17;0;0,2;0,216564078;1,062041322;-0,138527129;-0,923514193;1,200568451;0,784987064
CS RG SP;0,28;0,34;0,21;0,276666667;0,065064071;0,051231552;0,973399487;-1,024631039;0,922167935;1,998030526
NC RG PP;0,43;0,14;0,21;0,26;0,15132746;1,123391621;-0,792982321;-0,3304093;1,916373941;0,46257302
SP PP CC;0,26;0,38;0,21;0,283333333;0,087368949;-0,267066658;1,106419011;-0,839352353;1,373485669;1,945771364
CC SP RG;0,36;0,24;0,21;0,27;0,079372539;1,133893419;-0,377964473;-0,755928946;1,511857892;0,377964473
NC VM VS;0,36;0,21;0,41;0,326666667;0,1040833;0,320256308;-1,120897077;0,800640769;1,441153384;1,921537846
DA NP NC;0,23;0,44;0;0,223333333;0,220075745;0,030292601;0,984509525;-1,014802126;0,954216924;1,99931165
CC SP DI;0,48;0,11;0;0,196666667;0,25146239;1,126742388;-0,344650613;-0,782091775;1,471393001;0,437441163
VM CS VS;0,33;0,31;0;0,213333333;0,185022521;0,63055387;0,52245892;-1,15301279;0,108094949;1,675471711
CS SP DI;0,31;0,28;0,41;0,333333333;0,068068593;-0,342791475;-0,783523371;1,126314846;0,440731896;1,909838217
VA VM SP;0,41;0,14;0,41;0,32;0,155884573;0,577350269;-1,154700538;0,577350269;1,732050808;1,732050808
CS SP VM;0,36;0,21;0,41;0,326666667;0,1040833;0,320256308;-1,120897077;0,800640769;1,441153384;1,921537846
NC PR NP;0,36;0,24;0,21;0,27;0,079372539;1,133893419;-0,377964473;-0,755928946;1,511857892;0,377964473
NC PR P0;0,31;0,31;0,21;0,276666667;0,057735027;0,577350269;0,577350269;-1,154700538;0;1,732050808
NP P0 VM;0,31;0,24;0,62;0,39;0,202237484;-0,395574541;-0,741702265;1,137276806;0,346127724;1,87897907
PP CS SP;0,28;0,38;0;0,22;0,196977156;0,30460385;0,812276932;-1,116880782;0,507673083;1,929157714
NC SP PT;0,26;0,34;0,41;0,336666667;0,075055535;-1,021465861;0,044411559;0,977054302;1,06587742;0,932642743
VS SP DP;0,23;0,38;0,41;0,34;0,096436508;-1,140646864;0,414780678;0,725866186;1,555427542;0,311085508
VM SP PT;0,38;0,24;0;0,206666667;0,192180471;0,901930007;0,173448078;-1,075378085;0,728481929;1,248826164
VS SP DA;0,26;0,28;0,82;0,453333333;0,317700068;-0,608540421;-0,545587964;1,154128385;0,062952457;1,699716349
NP CS VM;0,16;0,41;0,62;0,396666667;0,230289673;-1,027691185;0,057898095;0,96979309;1,08558928;0,911894995
RG AQ VS;0,31;0,28;0,21;0,266666667;0,051316014;0,844440743;0,259827921;-1,104268664;0,584612822;1,364096585
CS NP VM;0,33;0,28;0;0,203333333;0,177857621;0,712180147;0,431056405;-1,143236552;0,281123742;1,574292957
VM PP CC;0,33;0,24;0,21;0,26;0,06244998;1,120897077;-0,320256308;-0,800640769;1,441153384;0,480384461
NP AQ CS;0,16;0,44;0,41;0,336666667;0,153731367;-1,149190758;0,672168179;0,477022579;1,821358937;0,1951456
VM NP AQ;0,23;0,31;0,62;0,386666667;0,205993527;-0,760541696;-0,372179979;1,132721675;0,388361717;1,504901653
DA PR SP;0,33;0,17;0,62;0,373333333;0,228108161;-0,18996836;-0,891389997;1,081358357;0,701421637;1,972748354
NC RG RG;0,26;0,34;0,21;0,27;0,065574385;-0,15249857;1,067489992;-0,914991422;1,219988563;1,982481414
RG CC VM;0,28;0,34;0;0,206666667;0,181475435;0,404095097;0,734718358;-1,138813455;0,330623261;1,873531814
SP PP P0;0,28;0,24;0,62;0,38;0,20880613;-0,478913143;-0,6704784;1,149391542;0,191565257;1,819869942
PP AQ VM;0,33;0,28;0;0,203333333;0,177857621;0,712180147;0,431056405;-1,143236552;0,281123742;1,574292957
CS DP AQ;0,28;0,28;0,41;0,323333333;0,075055535;-0,577350269;-0,577350269;1,154700538;0;1,732050808
VM VS VM;0,33;0,28;0;0,203333333;0,177857621;0,712180147;0,431056405;-1,143236552;0,281123742;1,574292957
AQ VM PP;0,28;0,31;0,21;0,266666667;0,051316014;0,259827921;0,844440743;-1,104268664;0,584612822;1,948709407
SP VM RG;0,26;0,24;0,82;0,44;0,329241553;-0,546711065;-0,607456739;1,154167805;0,060745674;1,761624544
NC VS RG;0,31;0,21;0,62;0,38;0,213775583;-0,327446189;-0,795226459;1,122672647;0,46778027;1,917899106
CC NP SP;0,36;0,21;0,21;0,26;0,08660254;1,154700538;-0,577350269;-0,577350269;1,732050808;0
NP VM DP;0,26;0,34;0;0,2;0,177763888;0,33752637;0,787561531;-1,125087901;0,45003516;1,912649432
RG AQ RG;0,26;0,31;0,21;0,26;0,05;0;1;-1;1;2
AQ CC CS;0,31;0,17;0,62;0,366666667;0,230289673;-0,246066904;-0,8539969;1,100063804;0,607929997;1,954060705
VM PP CS;0,33;0,24;0;0,19;0,170587221;0,820694534;0,293105191;-1,113799725;0,527589344;1,406904916
NC RG CC;0,23;0,38;0;0,203333333;0,191398363;0,139325469;0,923031232;-1,062356701;0,783705763;1,985387932
NP NC AQ;0,18;0,34;0,62;0,38;0,222710575;-0,89802651;-0,179605302;1,077631812;0,718421208;1,257237114
AQ CS RG;0,13;0,38;0,82;0,443333333;0,349332697;-0,896948198;-0,18129804;1,078246238;0,715650158;1,259544278
RG SP VM;0,28;0,28;0,21;0,256666667;0,040414519;0,577350269;0,577350269;-1,154700538;0;1,732050808
RG SP AQ;0,23;0,28;0,62;0,376666667;0,212210587;-0,691137368;-0,455522356;1,146659724;0,235615012;1,60218208
VM VS AQ;0,31;0,14;0,82;0,423333333;0,35388322;-0,320256308;-0,800640769;1,120897077;0,480384461;1,921537846
SP NC P0;0,18;0,41;0,21;0,266666667;0,125033329;-0,693148518;1,146361011;-0,453212493;1,83950953;1,599573504
NC AQ P0;0,23;0,31;0,41;0,316666667;0,090184995;-0,960987652;-0,073922127;1,034909779;0,887065525;1,108831906
DA AQ SP;0,21;0,28;0,82;0,436666667;0,333816317;-0,679016139;-0,469319979;1,148336118;0,209696161;1,617656097
DP NC DI;0,21;0,38;0,21;0,266666667;0,098149546;-0,577350269;1,154700538;-0,577350269;1,732050808;1,732050808
NC PR VS;0,36;0,21;0;0,19;0,180831413;0,940102148;0,110600253;-1,050702401;0,829501895;1,161302654
NC NC AQ;0,21;0,41;0;0,206666667;0,205020324;0,016258551;0,991771592;-1,008030143;0,975513041;1,999801735
CC RG NC;0,18;0,38;0,21;0,256666667;0,107857931;-0,710811581;1,1434795;-0,432667919;1,854291082;1,576147419
VS AQ DA;0,33;0,17;0,21;0,236666667;0,08326664;1,120897077;-0,800640769;-0,320256308;1,921537846;0,480384461
CC AQ RG;0,21;0,38;0;0,196666667;0,190350554;0,070046202;0,963135277;-1,033181479;0,893089075;1,996316756
AQ CC DP;0,31;0,24;0;0,183333333;0,162583312;0,77908775;0,348539256;-1,127627006;0,430548493;1,476166263
NP VM RG;0,28;0,17;0,62;0,356666667;0,234591844;-0,326808747;-0,795708254;1,122517001;0,468899507;1,918225255
DA NC DI;0,33;0,21;0;0,18;0,167032931;0,89802651;0,179605302;-1,077631812;0,718421208;1,257237114
NP CC AQ;0,16;0,38;0,41;0,316666667;0,136503968;-1,147707783;0,463966976;0,683740807;1,611674759;0,219773831
RG CS DA;0,23;0,34;0;0,19;0,173493516;0,230556167;0,864585627;-1,095141794;0,634029459;1,95972742
RG CS PP;0,33;0,21;0;0,18;0,167032931;0,89802651;0,179605302;-1,077631812;0,718421208;1,257237114
VM VM PR;0,28;0,28;0;0,186666667;0,161658075;0,577350269;0,577350269;-1,154700538;0;1,732050808
VM AQ RG;0,33;0,21;0;0,18;0,167032931;0,89802651;0,179605302;-1,077631812;0,718421208;1,257237114
NP CS DA;0,21;0,31;0,41;0,31;0,1;-1;0;1;1;1
VM CS CS;0,31;0,17;0,41;0,296666667;0,120554275;0,110600253;-1,050702401;0,940102148;1,161302654;1,990804549
DA NP PR;0,21;0,31;0,41;0,31;0,1;-1;0;1;1;1
PP P0 VM;0,28;0,21;0,41;0,3;0,101488916;-0,197065856;-0,88679635;1,083862206;0,689730495;1,970658556
CC CS PP;0,28;0,28;0;0,186666667;0,161658075;0,577350269;0,577350269;-1,154700538;0;1,732050808
NC AQ DP;0,28;0,21;0,41;0,3;0,101488916;-0,197065856;-0,88679635;1,083862206;0,689730495;1,970658556
VM VM DI;0,26;0,31;0;0,19;0,16643317;0,420589238;0,721010122;-1,141599359;0,300420884;1,862609481
SP NC RN;0,28;0,17;0,62;0,356666667;0,234591844;-0,326808747;-0,795708254;1,122517001;0,468899507;1,918225255
NC PT VM;0,28;0,21;0,41;0,3;0,101488916;-0,197065856;-0,88679635;1,083862206;0,689730495;1,970658556
CC NC PR;0,38;0,07;0,41;0,286666667;0,188237439;0,495827684;-1,151028553;0,655200869;1,646856237;1,806229421
CC NC PP;0,26;0,31;0;0,19;0,16643317;0,420589238;0,721010122;-1,141599359;0,300420884;1,862609481
CC NC RG;0,31;0,21;0,21;0,243333333;0,057735027;1,154700538;-0,577350269;-0,577350269;1,732050808;0
NC CS NP;0,21;0,38;0;0,196666667;0,190350554;0,070046202;0,963135277;-1,033181479;0,893089075;1,996316756
SP VM VM;0,28;0,28;0;0,186666667;0,161658075;0,577350269;0,577350269;-1,154700538;0;1,732050808
CS VM CC;0,11;0,48;0,21;0,266666667;0,191398363;-0,81853713;1,114603751;-0,296066621;1,933140881;1,410670373
SP DD DP;0,21;0,38;0;0,196666667;0,190350554;0,070046202;0,963135277;-1,033181479;0,893089075;1,996316756
CC NP VM;0,23;0,24;0,62;0,363333333;0,222336082;-0,599692736;-0,554715781;1,154408517;0,044976955;1,709124298
SP NP PR;0,33;0,17;0,21;0,236666667;0,08326664;1,120897077;-0,800640769;-0,320256308;1,921537846;0,480384461
NP RG VM;0,31;0,24;0;0,183333333;0,162583312;0,77908775;0,348539256;-1,127627006;0,430548493;1,476166263
P0 DA NC;0,33;0,14;0,41;0,293333333;0,138684294;0,264389468;-1,105628685;0,841239217;1,370018153;1,946867902
VM CC VS;0,31;0,21;0,21;0,243333333;0,057735027;1,154700538;-0,577350269;-0,577350269;1,732050808;0
PR VM VS;0,28;0,24;0,21;0,243333333;0,035118846;1,044073795;-0,0949158;-0,949157996;1,138989595;0,854242196
CC DD NC;0,23;0,28;0,41;0,306666667;0,092915732;-0,825120404;-0,286998401;1,112118805;0,538122003;1,399117207
AQ PR RG;0,38;0,11;0;0,163333333;0,195533458;1,108079755;-0,272758094;-0,835321662;1,380837849;0,562563568
VM RG NP;0,31;0,14;0,41;0,286666667;0,136503968;0,170935202;-1,074449839;0,903514637;1,245385041;1,977964477
NC AP VM;0,26;0,24;0,21;0,236666667;0,025166115;0,92717265;0,132453236;-1,059625886;0,794719414;1,192079121
NP CC DP;0,18;0,31;0,41;0,3;0,115325626;-1,040531963;0,086710997;0,953820966;1,12724296;0,86710997
VM PT VM;0,23;0,28;0,21;0,24;0,036055513;-0,277350098;1,109400392;-0,832050294;1,386750491;1,941450687
CS RG PP;0,31;0,14;0,41;0,286666667;0,136503968;0,170935202;-1,074449839;0,903514637;1,245385041;1,977964477
PP VA VM;0,36;0,11;0,21;0,226666667;0,125830574;1,059625886;-0,92717265;-0,132453236;1,986798536;0,794719414
AQ CS RN;0,26;0,21;0,41;0,293333333;0,1040833;-0,320256308;-0,800640769;1,120897077;0,480384461;1,921537846
NP NC VM;0,18;0,38;0;0,186666667;0,190087699;-0,035071531;1,017074405;-0,982002873;1,052145936;1,999077278
PR DP NC;0,26;0,24;0,21;0,236666667;0,025166115;0,92717265;0,132453236;-1,059625886;0,794719414;1,192079121
PP AQ SP;0,28;0,24;0;0,173333333;0,151437556;0,704360725;0,440225453;-1,144586178;0,264135272;1,584811631
CC VS AQ;0,33;0,17;0;0,166666667;0,165025251;0,989747525;0,020198929;-1,009946454;0,969548596;1,030145383
RN VM DI;0,16;0,41;0;0,19;0,206639783;-0,145180176;1,064654621;-0,919474445;1,209834796;1,984129066
AQ NP PR;0,13;0,41;0,21;0,25;0,144222051;-0,832050294;1,109400392;-0,277350098;1,941450687;1,386750491
VM PP DP;0,33;0,17;0;0,166666667;0,165025251;0,989747525;0,020198929;-1,009946454;0,969548596;1,030145383
CS VS AQ;0,26;0,17;0,62;0,35;0,238117618;-0,377964473;-0,755928946;1,133893419;0,377964473;1,889822365
VS NC AQ;0,16;0,24;1,02;0,473333333;0,475114021;-0,659490815;-0,491110182;1,150600997;0,168380634;1,641711179
RN VS RG;0,26;0,21;0,41;0,293333333;0,1040833;-0,320256308;-0,800640769;1,120897077;0,480384461;1,921537846
RN VS SP;0,26;0,21;0,41;0,293333333;0,1040833;-0,320256308;-0,800640769;1,120897077;0,480384461;1,921537846
SP VM P0;0,18;0,21;1,02;0,47;0,476550102;-0,608540421;-0,545587964;1,154128385;0,062952457;1,699716349
VM CC PR;0,26;0,28;0;0,18;0,156204994;0,51214752;0,6401844;-1,152331919;0,12803688;1,792516319
DT NC VM;0,26;0,24;0,21;0,236666667;0,025166115;0,92717265;0,132453236;-1,059625886;0,794719414;1,192079121
PI VM SP;0,31;0,17;0;0,16;0,155241747;0,96623494;0,064415663;-1,030650602;0,901819277;1,095066265
AQ VS DA;0,28;0,21;0;0,163333333;0,14571662;0,800640769;0,320256308;-1,120897077;0,480384461;1,441153384
CS DD NC;0,11;0,41;0,21;0,243333333;0,152752523;-0,872871561;1,091089451;-0,21821789;1,963961012;1,309307341
P0 VM CS;0,21;0,28;0,21;0,233333333;0,040414519;-0,577350269;1,154700538;-0,577350269;1,732050808;1,732050808
SP DI DA;0,21;0,31;0;0,173333333;0,158219257;0,231745916;0,863780232;-1,095526148;0,632034316;1,95930638
CC DA PR;0,18;0,28;0,41;0,29;0,115325626;-0,953820966;-0,086710997;1,040531963;0,86710997;1,12724296
PP SP DD;0,28;0,21;0;0,163333333;0,14571662;0,800640769;0,320256308;-1,120897077;0,480384461;1,441153384
CC AQ PP;0,18;0,31;0,21;0,233333333;0,068068593;-0,783523371;1,126314846;-0,342791475;1,909838217;1,469106321
CC DA VM;0,23;0,21;0,41;0,283333333;0,110151411;-0,484182026;-0,665750286;1,149932312;0,18156826;1,815682598
PP CC VM;0,18;0,34;0;0,173333333;0,170098011;0,03919309;0,979827252;-1,019020342;0,940634162;1,998847594
AQ VM AQ;0,18;0,31;0,21;0,233333333;0,068068593;-0,783523371;1,126314846;-0,342791475;1,909838217;1,469106321
NC CC PR;0,38;0,04;0,21;0,21;0,17;1;-1;0;2;1
PR RG PP;0,36;0,11;0;0,156666667;0,184481255;1,102189671;-0,252961564;-0,849228107;1,355151234;0,596266543
AQ NP CS;0,13;0,28;0,82;0,41;0,362904946;-0,771551898;-0,358220524;1,129772422;0,413331374;1,487992946
AQ CS DP;0,23;0,28;0;0,17;0,149331845;0,401789718;0,736614483;-1,138404201;0,334824765;1,875018685
VM NC PR;0,28;0,17;0,21;0,22;0,055677644;1,077631812;-0,89802651;-0,179605302;1,975658322;0,718421208
NC VM DD;0,23;0,28;0;0,17;0,149331845;0,401789718;0,736614483;-1,138404201;0,334824765;1,875018685
RG SP DI;0,23;0,28;0;0,17;0,149331845;0,401789718;0,736614483;-1,138404201;0,334824765;1,875018685
SP NC DI;0,26;0,17;0,41;0,28;0,121243557;-0,16495722;-0,907264709;1,072221928;0,742307489;1,979486637
DA AQ VM;0,23;0,17;0,62;0,34;0,244335834;-0,45020003;-0,695763683;1,145963713;0,245563653;1,841727395
DP NC DD;0,23;0,24;0,21;0,226666667;0,015275252;0,21821789;0,872871561;-1,091089451;0,654653671;1,963961012
NC RN P0;0,23;0,24;0,21;0,226666667;0,015275252;0,21821789;0,872871561;-1,091089451;0,654653671;1,963961012
NC RN VS;0,18;0,24;0,62;0,346666667;0,238607069;-0,698498445;-0,447039005;1,14553745;0,25145944;1,592576455
SP NP NC;0,13;0,28;0,82;0,41;0,362904946;-0,771551898;-0,358220524;1,129772422;0,413331374;1,487992946
VM CC P0;0,18;0,31;0,21;0,233333333;0,068068593;-0,783523371;1,126314846;-0,342791475;1,909838217;1,469106321
PR VM PP;0,31;0,17;0;0,16;0,155241747;0,96623494;0,064415663;-1,030650602;0,901819277;1,095066265
PR DA NP;0,33;0,11;0;0,146666667;0,168027775;1,091089451;-0,21821789;-0,872871561;1,309307341;0,654653671
AQ CC PP;0,28;0,17;0;0,15;0,14106736;0,921545567;0,141776241;-1,063321808;0,779769326;1,205098049
PR AQ VM;0,08;0,38;0,41;0,29;0,182482876;-1,150792911;0,493196962;0,657595949;1,643989873;0,164398987
PP NC CC;0,26;0,21;0;0,156666667;0,137961347;0,74900206;0,386581709;-1,135583769;0,362420352;1,522165477
PP PR VM;0,23;0,21;0,21;0,216666667;0,011547005;1,154700538;-0,577350269;-0,577350269;1,732050808;0
CS RG DA;0,23;0,11;0,82;0,386666667;0,380043857;-0,412233124;-0,727986156;1,140219281;0,315753032;1,868205437
CS RG RN;0,18;0,24;0,41;0,276666667;0,119303534;-0,810258197;-0,307339316;1,117597512;0,502918881;1,424936828
VM AQ DP;0,11;0,38;0,21;0,233333333;0,136503968;-0,903514637;1,074449839;-0,170935202;1,977964477;1,245385041
VM DI DA;0,21;0,28;0;0,163333333;0,14571662;0,320256308;0,800640769;-1,120897077;0,480384461;1,921537846
P0 SP DA;0,23;0,24;0;0,156666667;0,135769412;0,540131478;0,61378577;-1,153917248;0,073654292;1,767703018
VM PR RG;0,28;0,17;0;0,15;0,14106736;0,921545567;0,141776241;-1,063321808;0,779769326;1,205098049
SP DP RG;0,26;0,21;0;0,156666667;0,137961347;0,74900206;0,386581709;-1,135583769;0,362420352;1,522165477
SP PR SP;0,23;0,24;0;0,156666667;0,135769412;0,540131478;0,61378577;-1,153917248;0,073654292;1,767703018
NC DA NP;0,16;0,24;0,62;0,34;0,245764115;-0,732409613;-0,406894229;1,139303842;0,325515384;1,546198072
CS NC AQ;0,16;0,34;0;0,166666667;0,170098011;-0,03919309;1,019020342;-0,979827252;1,058213432;1,998847594
NC AQ VS;0,23;0,14;0,62;0,33;0,255147016;-0,391930901;-0,744668712;1,136599612;0,352737811;1,881268324
NC NC VM;0,23;0,17;0,41;0,27;0,12489996;-0,320256308;-0,800640769;1,120897077;0,480384461;1,921537846
NP RG AQ;0,28;0,14;0,21;0,21;0,07;1;-1;0;2;1
SP VM AQ;0,16;0,34;0;0,166666667;0,170098011;-0,03919309;1,019020342;-0,979827252;1,058213432;1,998847594
VM DP NP;0,26;0,17;0,21;0,213333333;0,045092498;1,034909779;-0,960987652;-0,073922127;1,995897432;0,887065525
NC VS VM;0,26;0,11;0,62;0,33;0,262106848;-0,267066658;-0,839352353;1,106419011;0,572285695;1,945771364
NC CS VS;0,23;0,14;0,62;0,33;0,255147016;-0,391930901;-0,744668712;1,136599612;0,352737811;1,881268324
VM CC NP;0,26;0,21;0;0,156666667;0,137961347;0,74900206;0,386581709;-1,135583769;0,362420352;1,522165477
P0 VM NC;0,21;0,14;0,62;0,323333333;0,259293913;-0,437084434;-0,70704835;1,144132784;0,269963915;1,851181134
CS NP PP;0,23;0,14;0,41;0,26;0,137477271;-0,21821789;-0,872871561;1,091089451;0,654653671;1,963961012
VS DA AQ;0,16;0,31;0;0,156666667;0,155026879;0,021501648;0,989075791;-1,010577438;0,967574143;1,999653229
RG AQ PP;0,18;0,28;0;0,153333333;0,141891978;0,187936394;0,892697873;-1,080634267;0,704761479;1,97333214
DD NC RN;0,21;0,24;0;0,15;0,130766968;0,458831468;0,688247202;-1,147078669;0,229415734;1,835325871
CS AQ NC;0,23;0,17;0,21;0,203333333;0,030550505;0,872871561;-1,091089451;0,21821789;1,963961012;1,309307341
SP RG DA;0,23;0,17;0,21;0,203333333;0,030550505;0,872871561;-1,091089451;0,21821789;1,963961012;1,309307341
RG VM VS;0,18;0,28;0;0,153333333;0,141891978;0,187936394;0,892697873;-1,080634267;0,704761479;1,97333214
NP CC NC;0,23;0,14;0,41;0,26;0,137477271;-0,21821789;-0,872871561;1,091089451;0,654653671;1,963961012
NC RG P0;0,21;0,21;0,21;0,21;0;#¡DIV/0!;#¡DIV/0!;#¡DIV/0!;#¡DIV/0!;#¡DIV/0!
RG CC RG;0,21;0,21;0,21;0,21;0;#¡DIV/0!;#¡DIV/0!;#¡DIV/0!;#¡DIV/0!;#¡DIV/0!
CC PP SP;0,28;0,14;0;0,14;0,14;1;0;-1;1;1
CC NC AP;0,18;0,21;0,41;0,266666667;0,125033329;-0,693148518;-0,453212493;1,146361011;0,239936026;1,599573504
SP NC AP;0,28;0,11;0,21;0,2;0,085440037;0,936329178;-1,053370325;0,117041147;1,989699502;1,170411472
NC DD NC;0,33;0,07;0;0,133333333;0,173877351;1,131065461;-0,36424142;-0,766824041;1,495306881;0,402582622
SP PR P0;0,23;0,14;0,41;0,26;0,137477271;-0,21821789;-0,872871561;1,091089451;0,654653671;1,963961012
Z NC AQ;0,23;0,17;0,21;0,203333333;0,030550505;0,872871561;-1,091089451;0,21821789;1,963961012;1,309307341
AQ AQ AQ;0,23;0,21;0;0,146666667;0,127410099;0,65405595;0,497082522;-1,151138472;0,156973428;1,648220994
VM CS P0;0,23;0,17;0,21;0,203333333;0,030550505;0,872871561;-1,091089451;0,21821789;1,963961012;1,309307341
RN VM NP;0,28;0,07;0,41;0,253333333;0,171561456;0,155435068;-1,068616093;0,913181025;1,224051161;1,981797118
CC CS RN;0,11;0,31;0,41;0,276666667;0,152752523;-1,091089451;0,21821789;0,872871561;1,309307341;0,654653671
VS NC VM;0,23;0,14;0,41;0,26;0,137477271;-0,21821789;-0,872871561;1,091089451;0,654653671;1,963961012
PT DA NC;0,13;0,31;0,21;0,216666667;0,090184995;-0,960987652;1,034909779;-0,073922127;1,995897432;1,108831906
PT VM DA;0,18;0,28;0;0,153333333;0,141891978;0,187936394;0,892697873;-1,080634267;0,704761479;1,97333214
CS VM CS;0,23;0,17;0,21;0,203333333;0,030550505;0,872871561;-1,091089451;0,21821789;1,963961012;1,309307341
CC AQ AQ;0,18;0,28;0;0,153333333;0,141891978;0,187936394;0,892697873;-1,080634267;0,704761479;1,97333214
CS CS PP;0,21;0,17;0,41;0,263333333;0,12858201;-0,414780678;-0,725866186;1,140646864;0,311085508;1,866513051
CC PT VM;0,31;0,11;0;0,14;0,157162336;1,081684097;-0,190885429;-0,890798668;1,272569526;0,699913239
AQ NC PT;0,13;0,21;0,62;0,32;0,262868789;-0,722794064;-0,418459721;1,141253785;0,304334343;1,559713507
NP CS SP;0,16;0,11;1,02;0,43;0,511566222;-0,527790906;-0,625529963;1,153320868;0,097739057;1,778850831
AQ CC RN;0,18;0,21;0,21;0,2;0,017320508;-1,154700538;0,577350269;0,577350269;1,732050808;0
RG AQ PR;0,21;0,17;0,21;0,196666667;0,023094011;0,577350269;-1,154700538;0,577350269;1,732050808;1,732050808
CC AQ PR;0,26;0,14;0;0,133333333;0,130128142;0,973399487;0,051231552;-1,024631039;0,922167935;1,075862591
CS VM VS;0,13;0,28;0,21;0,206666667;0,075055535;-1,021465861;0,977054302;0,044411559;1,998520163;0,932642743
DD NC RG;0,18;0,24;0;0,14;0,12489996;0,320256308;0,800640769;-1,120897077;0,480384461;1,921537846
CS DA VM;0,13;0,31;0;0,146666667;0,155670592;-0,107063681;1,049224075;-0,942160394;1,156287756;1,991384469
PT RN VM;0,16;0,21;0,41;0,26;0,132287566;-0,755928946;-0,377964473;1,133893419;0,377964473;1,511857892
PP SP PR;0,23;0,17;0;0,133333333;0,119303534;0,810258197;0,307339316;-1,117597512;0,502918881;1,424936828
CC RG RG;0,26;0,14;0;0,133333333;0,130128142;0,973399487;0,051231552;-1,024631039;0,922167935;1,075862591
CC RG PP;0,28;0,11;0;0,13;0,14106736;1,063321808;-0,141776241;-0,921545567;1,205098049;0,779769326
AQ VM NC;0,13;0,24;0,41;0,26;0,14106736;-0,921545567;-0,141776241;1,063321808;0,779769326;1,205098049
DD DP AQ;0,26;0,14;0;0,133333333;0,130128142;0,973399487;0,051231552;-1,024631039;0,922167935;1,075862591
DP RG VM;0,26;0,14;0;0,133333333;0,130128142;0,973399487;0,051231552;-1,024631039;0,922167935;1,075862591
VM NP DP;0,26;0,11;0,21;0,193333333;0,076376262;0,872871561;-1,091089451;0,21821789;1,963961012;1,309307341
VM NP DA;0,23;0,14;0,21;0,193333333;0,047258156;0,775880177;-1,128552985;0,352672808;1,904433163;1,481225793
VM NP CS;0,23;0,14;0,21;0,193333333;0,047258156;0,775880177;-1,128552985;0,352672808;1,904433163;1,481225793
SP PP CS;0,23;0,17;0;0,133333333;0,119303534;0,810258197;0,307339316;-1,117597512;0,502918881;1,424936828
DA PR PP;0,23;0,14;0,21;0,193333333;0,047258156;0,775880177;-1,128552985;0,352672808;1,904433163;1,481225793
VS RG VM;0,31;0,04;0,21;0,186666667;0,136503968;0,903514637;-1,074449839;0,170935202;1,977964477;1,245385041
NP SP NP;0,23;0,14;0,21;0,193333333;0,047258156;0,775880177;-1,128552985;0,352672808;1,904433163;1,481225793
VM VM NP;0,16;0,17;0,62;0,316666667;0,262741952;-0,596275796;-0,558215639;1,154491436;0,038060157;1,712707075
RG NC CS;0,23;0,17;0;0,133333333;0,119303534;0,810258197;0,307339316;-1,117597512;0,502918881;1,424936828
AQ CS PP;0,16;0,28;0;0,146666667;0,140475383;0,0949158;0,949157996;-1,044073795;0,854242196;1,993231791
RG NC AQ;0,23;0,17;0;0,133333333;0,119303534;0,810258197;0,307339316;-1,117597512;0,502918881;1,424936828
AQ SP RG;0,21;0,21;0;0,14;0,121243557;0,577350269;0,577350269;-1,154700538;0;1,732050808
DP NP CC;0,11;0,28;0,41;0,266666667;0,150443788;-1,041363481;0,088626679;0,952736801;1,12999016;0,864110122
CC CC VM;0,13;0,17;0,82;0,373333333;0,387341365;-0,628214167;-0,524946085;1,153160252;0,103268082;1,678106337
VM NC PP;0,21;0,21;0;0,14;0,121243557;0,577350269;0,577350269;-1,154700538;0;1,732050808
VM PR RN;0,21;0,17;0,21;0,196666667;0,023094011;0,577350269;-1,154700538;0,577350269;1,732050808;1,732050808
VM NC NP;0,18;0,17;0,41;0,253333333;0,135769412;-0,540131478;-0,61378577;1,153917248;0,073654292;1,767703018
PP AQ CC;0,23;0,17;0;0,133333333;0,119303534;0,810258197;0,307339316;-1,117597512;0,502918881;1,424936828
VM NC DP;0,23;0,17;0;0,133333333;0,119303534;0,810258197;0,307339316;-1,117597512;0,502918881;1,424936828
SP PR DP;0,21;0,17;0,21;0,196666667;0,023094011;0,577350269;-1,154700538;0,577350269;1,732050808;1,732050808
DA VM NP;0,16;0,28;0;0,146666667;0,140475383;0,0949158;0,949157996;-1,044073795;0,854242196;1,993231791
SP NC NP;0,26;0,11;0,21;0,193333333;0,076376262;0,872871561;-1,091089451;0,21821789;1,963961012;1,309307341
SP PR RG;0,21;0,14;0,41;0,253333333;0,140118997;-0,309260944;-0,808836316;1,11809726;0,499575371;1,926933576
PR VS NC;0,18;0,21;0,21;0,2;0,017320508;-1,154700538;0,577350269;0,577350269;1,732050808;0
RN VM VS;0,31;0,07;0;0,126666667;0,162583312;1,127627006;-0,348539256;-0,77908775;1,476166263;0,430548493
SP CS DA;0,23;0,14;0,21;0,193333333;0,047258156;0,775880177;-1,128552985;0,352672808;1,904433163;1,481225793
RN VM PR;0,11;0,34;0;0,15;0,173493516;-0,230556167;1,095141794;-0,864585627;1,325697961;1,95972742
CS VS SP;0,16;0,24;0,21;0,203333333;0,040414519;-1,072221928;0,907264709;0,16495722;1,979486637;0,742307489
NP DA NP;0,18;0,14;0,62;0,313333333;0,266333125;-0,500626174;-0,650814027;1,151440201;0,150187852;1,802254228
Z NC SP;0,28;0,07;0,21;0,186666667;0,106926766;0,872871561;-1,091089451;0,21821789;1,963961012;1,309307341
NC CS P0;0,26;0,14;0;0,133333333;0,130128142;0,973399487;0,051231552;-1,024631039;0,922167935;1,075862591
RG RG AQ;0,13;0,31;0;0,146666667;0,155670592;-0,107063681;1,049224075;-0,942160394;1,156287756;1,991384469
PP VM DD;0,18;0,21;0,21;0,2;0,017320508;-1,154700538;0,577350269;0,577350269;1,732050808;0
SP DA AO;0,11;0,24;0,62;0,323333333;0,265015723;-0,804983686;-0,314446752;1,119430438;0,490536934;1,43387719
PP VM VS;0,26;0,11;0,21;0,193333333;0,076376262;0,872871561;-1,091089451;0,21821789;1,963961012;1,309307341
SP PI VM;0,26;0,11;0,21;0,193333333;0,076376262;0,872871561;-1,091089451;0,21821789;1,963961012;1,309307341
AQ PR PP;0,16;0,21;0,21;0,193333333;0,028867513;-1,154700538;0,577350269;0,577350269;1,732050808;0
CC AQ RN;0,23;0,11;0,21;0,183333333;0,064291005;0,725866186;-1,140646864;0,414780678;1,866513051;1,555427542
DD NC PP;0,28;0,07;0;0,116666667;0,14571662;1,120897077;-0,320256308;-0,800640769;1,441153384;0,480384461
VM I AQ;0,16;0,24;0;0,133333333;0,122202019;0,21821789;0,872871561;-1,091089451;0,654653671;1,963961012
RG VM PR;0,18;0,21;0;0,13;0,113578167;0,440225453;0,704360725;-1,144586178;0,264135272;1,848946903
PP VS AQ;0,16;0,21;0,21;0,193333333;0,028867513;-1,154700538;0,577350269;0,577350269;1,732050808;0
NC RG DA;0,06;0,34;0,21;0,203333333;0,140118997;-1,022940046;0,97536144;0,047578607;1,998301486;0,927782833
DA PR RG;0,26;0,07;0,21;0,18;0,098488578;0,812276932;-1,116880782;0,30460385;1,929157714;1,421484631
VM AQ NP;0,23;0,11;0,21;0,183333333;0,064291005;0,725866186;-1,140646864;0,414780678;1,866513051;1,555427542
NP PR PP;0,16;0,24;0;0,133333333;0,122202019;0,21821789;0,872871561;-1,091089451;0,654653671;1,963961012
AQ SP DI;0,18;0,17;0,21;0,186666667;0,02081666;-0,320256308;-0,800640769;1,120897077;0,480384461;1,921537846
SP PP RN;0,16;0,21;0,21;0,193333333;0,028867513;-1,154700538;0,577350269;0,577350269;1,732050808;0
PP DA AQ;0,18;0,17;0,21;0,186666667;0,02081666;-0,320256308;-0,800640769;1,120897077;0,480384461;1,921537846
VM VS CS;0,23;0,11;0,21;0,183333333;0,064291005;0,725866186;-1,140646864;0,414780678;1,866513051;1,555427542
PR SP PP;0,28;0,07;0;0,116666667;0,14571662;1,120897077;-0,320256308;-0,800640769;1,441153384;0,480384461
VM PR SP;0,13;0,17;0,62;0,306666667;0,272090671;-0,649293362;-0,502283544;1,151576906;0,147009818;1,653860451
PI PP VM;0,26;0,11;0;0,123333333;0,130511813;1,047159361;-0,102161889;-0,944997472;1,14932125;0,842835583
CS PP RN;0,21;0,17;0;0,126666667;0,111504858;0,747351594;0,388622829;-1,135974424;0,358728765;1,524597253
CS PP SP;0,28;0,07;0;0,116666667;0,14571662;1,120897077;-0,320256308;-0,800640769;1,441153384;0,480384461
DA NP RG;0,23;0,14;0;0,123333333;0,115902258;0,920315694;0,143799327;-1,064115021;0,776516367;1,207914348
DA VM SP;0,21;0,14;0,21;0,186666667;0,040414519;0,577350269;-1,154700538;0,577350269;1,732050808;1,732050808
CC CS DP;0,16;0,24;0;0,133333333;0,122202019;0,21821789;0,872871561;-1,091089451;0,654653671;1,963961012
VM CS NC;0,26;0,07;0,21;0,18;0,098488578;0,812276932;-1,116880782;0,30460385;1,929157714;1,421484631
DA AQ PR;0,21;0,11;0,41;0,243333333;0,152752523;-0,21821789;-0,872871561;1,091089451;0,654653671;1,963961012
CS SP NP;0,18;0,14;0,41;0,243333333;0,14571662;-0,43463356;-0,709138967;1,143772527;0,274505407;1,852911494
CS VS NC;0,18;0,17;0,21;0,186666667;0,02081666;-0,320256308;-0,800640769;1,120897077;0,480384461;1,921537846
AQ NP NC;0,08;0,31;0,21;0,2;0,115325626;-1,040531963;0,953820966;0,086710997;1,99435293;0,86710997
PR VM DI;0,21;0,14;0,21;0,186666667;0,040414519;0,577350269;-1,154700538;0,577350269;1,732050808;1,732050808
PR VM DD;0,21;0,17;0;0,126666667;0,111504858;0,747351594;0,388622829;-1,135974424;0,358728765;1,524597253
SP PD VM;0,18;0,17;0,21;0,186666667;0,02081666;-0,320256308;-0,800640769;1,120897077;0,480384461;1,921537846
CC CS RG;0,16;0,21;0,21;0,193333333;0,028867513;-1,154700538;0,577350269;0,577350269;1,732050808;0
NC SP RN;0,26;0,11;0;0,123333333;0,130511813;1,047159361;-0,102161889;-0,944997472;1,14932125;0,842835583
VM PP NP;0,16;0,24;0;0,133333333;0,122202019;0,21821789;0,872871561;-1,091089451;0,654653671;1,963961012
VS SP PP;0,23;0,14;0;0,123333333;0,115902258;0,920315694;0,143799327;-1,064115021;0,776516367;1,207914348
PP VM PR;0,11;0,31;0;0,14;0,157162336;-0,190885429;1,081684097;-0,890798668;1,272569526;1,972482765
VS NC CC;0,23;0,14;0;0,123333333;0,115902258;0,920315694;0,143799327;-1,064115021;0,776516367;1,207914348
AQ RG AQ;0,18;0,14;0,41;0,243333333;0,14571662;-0,43463356;-0,709138967;1,143772527;0,274505407;1,852911494
SP PT PP;0,16;0,24;0;0,133333333;0,122202019;0,21821789;0,872871561;-1,091089451;0,654653671;1,963961012
CC VM NP;0,21;0,11;0,41;0,243333333;0,152752523;-0,21821789;-0,872871561;1,091089451;0,654653671;1,963961012
PP VM RN;0,18;0,21;0;0,13;0,113578167;0,440225453;0,704360725;-1,144586178;0,264135272;1,848946903
NC PP SP;0,13;0,24;0;0,123333333;0,120138809;0,055491367;0,971098915;-1,026590281;0,915607548;1,997689196
RG AQ DP;0,16;0,07;0,82;0,35;0,409511905;-0,463966976;-0,683740807;1,147707783;0,219773831;1,831448589
VM RG RN;0,16;0,21;0;0,123333333;0,109696551;0,334255419;0,790058263;-1,124313682;0,455802844;1,914371945
PP SP VM;0,21;0,14;0;0,116666667;0,106926766;0,872871561;0,21821789;-1,091089451;0,654653671;1,309307341
DD NC AP;0,26;0,07;0;0,11;0,13453624;1,114941219;-0,297317658;-0,817623561;1,412258878;0,520305902
RG VM DI;0,21;0,14;0;0,116666667;0,106926766;0,872871561;0,21821789;-1,091089451;0,654653671;1,309307341
NP VM PP;0,26;0,07;0;0,11;0,13453624;1,114941219;-0,297317658;-0,817623561;1,412258878;0,520305902
AQ VM P0;0,23;0,11;0;0,113333333;0,115036226;1,014173279;-0,028976379;-0,985196899;1,043149658;0,95622052
AQ NP DA;0,13;0,17;0,41;0,236666667;0,151437556;-0,704360725;-0,440225453;1,144586178;0,264135272;1,584811631
NP RN VM;0,13;0,21;0,21;0,183333333;0,046188022;-1,154700538;0,577350269;0,577350269;1,732050808;0
NC RG NC;0,11;0,28;0;0,13;0,14106736;-0,141776241;1,063321808;-0,921545567;1,205098049;1,984867374
NC AP CS;0,16;0,21;0;0,123333333;0,109696551;0,334255419;0,790058263;-1,124313682;0,455802844;1,914371945
VS AQ VM;0,16;0,14;0,41;0,236666667;0,150443788;-0,509603405;-0,642543424;1,15214683;0,132940019;1,794690254
VM DA SP;0,23;0,07;0,21;0,17;0,087177979;0,688247202;-1,147078669;0,458831468;1,835325871;1,605910137
RG VS AQ;0,16;0,17;0,21;0,18;0,026457513;-0,755928946;-0,377964473;1,133893419;0,377964473;1,511857892
CC RN VS;0,16;0,14;0,41;0,236666667;0,150443788;-0,509603405;-0,642543424;1,15214683;0,132940019;1,794690254
NC NP DA;0,13;0,17;0,41;0,236666667;0,151437556;-0,704360725;-0,440225453;1,144586178;0,264135272;1,584811631
NC NP AQ;0,11;0,24;0,21;0,186666667;0,068068593;-1,126314846;0,783523371;0,342791475;1,909838217;0,440731896
VM PR VS;0,13;0,14;0,62;0,296666667;0,280059517;-0,595111597;-0,559404901;1,154516498;0,035706696;1,713921399
VM SP VS;0,26;0,07;0;0,11;0,13453624;1,114941219;-0,297317658;-0,817623561;1,412258878;0,520305902
DA NP DA;0,08;0,28;0,21;0,19;0,101488916;-1,083862206;0,88679635;0,197065856;1,970658556;0,689730495
CC VS SP;0,11;0,24;0,21;0,186666667;0,068068593;-1,126314846;0,783523371;0,342791475;1,909838217;0,440731896
VM CS NP;0,16;0,11;0,62;0,296666667;0,281128678;-0,48613563;-0,663990128;1,150125758;0,177854499;1,814115886
PR NC SP;0,23;0,11;0;0,113333333;0,115036226;1,014173279;-0,028976379;-0,985196899;1,043149658;0,95622052
CS SP RG;0,18;0,14;0,21;0,176666667;0,035118846;0,0949158;-1,044073795;0,949157996;1,138989595;1,993231791
CC NC P0;0,16;0,14;0,41;0,236666667;0,150443788;-0,509603405;-0,642543424;1,15214683;0,132940019;1,794690254
CC NC NC;0,18;0,11;0,41;0,233333333;0,156950098;-0,339810767;-0,7858124;1,125623167;0,446001632;1,911435567
CS NC VM;0,26;0,07;0;0,11;0,13453624;1,114941219;-0,297317658;-0,817623561;1,412258878;0,520305902
NC VS DA;0,13;0,24;0;0,123333333;0,120138809;0,055491367;0,971098915;-1,026590281;0,915607548;1,997689196
SP CS SP;0,21;0,11;0,21;0,176666667;0,057735027;0,577350269;-1,154700538;0,577350269;1,732050808;1,732050808
CC VM DD;0,08;0,31;0;0,13;0,160934769;-0,310684883;1,118465579;-0,807780696;1,429150462;1,926246275
VS CS DA;0,21;0,07;0,41;0,23;0,170880075;-0,117041147;-0,936329178;1,053370325;0,81928803;1,989699502
DD AQ CC;0,16;0,21;0;0,123333333;0,109696551;0,334255419;0,790058263;-1,124313682;0,455802844;1,914371945
CS CS DA;0,18;0,14;0,21;0,176666667;0,035118846;0,0949158;-1,044073795;0,949157996;1,138989595;1,993231791
NC NC PR;0,21;0,11;0,21;0,176666667;0,057735027;0,577350269;-1,154700538;0,577350269;1,732050808;1,732050808
VM SP CS;0,18;0,17;0;0,116666667;0,101159939;0,626071286;0,527217925;-1,153289211;0,098853361;1,680507136
CS VM DI;0,16;0,17;0,21;0,18;0,026457513;-0,755928946;-0,377964473;1,133893419;0,377964473;1,511857892
SP NP PP;0,16;0,21;0;0,123333333;0,109696551;0,334255419;0,790058263;-1,124313682;0,455802844;1,914371945
CC VM P0;0,16;0,21;0;0,123333333;0,109696551;0,334255419;0,790058263;-1,124313682;0,455802844;1,914371945
CC VM PR;0,13;0,24;0;0,123333333;0,120138809;0,055491367;0,971098915;-1,026590281;0,915607548;1,997689196
SP DA PI;0,16;0,14;0,21;0,17;0,036055513;-0,277350098;-0,832050294;1,109400392;0,554700196;1,941450687
RN SP NC;0,13;0,17;0,21;0,17;0,04;-1;0;1;1;1
RG NP VM;0,16;0,14;0,21;0,17;0,036055513;-0,277350098;-0,832050294;1,109400392;0,554700196;1,941450687
SP DI CC;0,18;0,07;0,41;0,22;0,173493516;-0,230556167;-0,864585627;1,095141794;0,634029459;1,95972742
DD NC VS;0,08;0,24;0,21;0,176666667;0,085049005;-1,136599612;0,744668712;0,391930901;1,881268324;0,352737811
VM RG VS;0,16;0,11;0,41;0,226666667;0,160727513;-0,414780678;-0,725866186;1,140646864;0,311085508;1,866513051
CS AQ SP;0,03;0,17;1,02;0,406666667;0,535754919;-0,703057785;-0,441744272;1,144802057;0,261313513;1,586546329
VS VM CS;0,18;0,14;0;0,106666667;0,094516313;0,775880177;0,352672808;-1,128552985;0,42320737;1,481225793
SP DI VM;0,08;0,24;0,21;0,176666667;0,085049005;-1,136599612;0,744668712;0,391930901;1,881268324;0,352737811
PP NC AQ;0,21;0,04;0,41;0,22;0,185202592;-0,053994925;-0,971908645;1,02590357;0,91791372;1,997812214
SP RG SP;0,11;0,24;0;0,116666667;0,120138809;-0,055491367;1,026590281;-0,971098915;1,082081648;1,997689196
NC CC P0;0,16;0,17;0;0,11;0,09539392;0,524142418;0,628970902;-1,15311332;0,104828484;1,782084222
DI CC DI;0,18;0,07;0,41;0,22;0,173493516;-0,230556167;-0,864585627;1,095141794;0,634029459;1,95972742
PR RG RG;0,16;0,17;0;0,11;0,09539392;0,524142418;0,628970902;-1,15311332;0,104828484;1,782084222
RG CS AQ;0,11;0,11;0,82;0,346666667;0,409918691;-0,577350269;-0,577350269;1,154700538;0;1,732050808
VM AQ CS;0,11;0,24;0;0,116666667;0,120138809;-0,055491367;1,026590281;-0,971098915;1,082081648;1,997689196
DI NC DP;0,03;0,31;0,21;0,183333333;0,141891978;-1,080634267;0,892697873;0,187936394;1,97333214;0,704761479
NP SP PP;0,18;0,11;0,21;0,166666667;0,051316014;0,259827921;-1,104268664;0,844440743;1,364096585;1,948709407
VM NP RG;0,16;0,14;0,21;0,17;0,036055513;-0,277350098;-0,832050294;1,109400392;0,554700196;1,941450687
RG CC SP;0,21;0,11;0;0,106666667;0,105039675;0,983755265;0,031734041;-1,015489306;0,952021224;1,047223346
DI NC PP;0,08;0,28;0;0,12;0,144222051;-0,277350098;1,109400392;-0,832050294;1,386750491;1,941450687
RG SP NP;0,11;0,17;0,41;0,23;0,158745079;-0,755928946;-0,377964473;1,133893419;0,377964473;1,511857892
P0 SP DP;0,13;0,21;0;0,113333333;0,105987421;0,157251366;0,912057922;-1,069309288;0,754806556;1,981367211
CC PP NC;0,21;0,11;0;0,106666667;0,105039675;0,983755265;0,031734041;-1,015489306;0,952021224;1,047223346
VM NC RN;0,18;0,14;0;0,106666667;0,094516313;0,775880177;0,352672808;-1,128552985;0,42320737;1,481225793
VM VS DA;0,18;0,14;0;0,106666667;0,094516313;0,775880177;0,352672808;-1,128552985;0,42320737;1,481225793
VM NC NC;0,13;0,17;0,21;0,17;0,04;-1;0;1;1;1
PP AQ NC;0,13;0,17;0,21;0,17;0,04;-1;0;1;1;1
VM VS NC;0,16;0,11;0,41;0,226666667;0,160727513;-0,414780678;-0,725866186;1,140646864;0,311085508;1,866513051
PR SP NP;0,08;0,17;0,62;0,29;0,289309523;-0,725866186;-0,414780678;1,140646864;0,311085508;1,555427542
RG SP DD;0,21;0,11;0;0,106666667;0,105039675;0,983755265;0,031734041;-1,015489306;0,952021224;1,047223346
AQ DA NP;0,13;0,21;0;0,113333333;0,105987421;0,157251366;0,912057922;-1,069309288;0,754806556;1,981367211
DA NP CS;0,13;0,14;0,41;0,226666667;0,158850034;-0,608540421;-0,545587964;1,154128385;0,062952457;1,699716349
SP NC DD;0,21;0,11;0;0,106666667;0,105039675;0,983755265;0,031734041;-1,015489306;0,952021224;1,047223346
SP PR NP;0,18;0,14;0;0,106666667;0,094516313;0,775880177;0,352672808;-1,128552985;0,42320737;1,481225793
SP PR RN;0,18;0,14;0;0,106666667;0,094516313;0,775880177;0,352672808;-1,128552985;0,42320737;1,481225793
AQ AQ NP;0,06;0,28;0,21;0,183333333;0,112398102;-1,097290178;0,860038247;0,23725193;1,957328425;0,622786317
CC CS NC;0,16;0,11;0,41;0,226666667;0,160727513;-0,414780678;-0,725866186;1,140646864;0,311085508;1,866513051
AQ DD NC;0,11;0,24;0;0,116666667;0,120138809;-0,055491367;1,026590281;-0,971098915;1,082081648;1,997689196
DP NP SP;0,13;0,17;0,21;0,17;0,04;-1;0;1;1;1
NC DI AQ;0,18;0,11;0,21;0,166666667;0,051316014;0,259827921;-1,104268664;0,844440743;1,364096585;1,948709407
CS RN P0;0,13;0,21;0;0,113333333;0,105987421;0,157251366;0,912057922;-1,069309288;0,754806556;1,981367211
RN VM DD;0,13;0,21;0;0,113333333;0,105987421;0,157251366;0,912057922;-1,069309288;0,754806556;1,981367211
CS VS RG;0,21;0,07;0,21;0,163333333;0,080829038;0,577350269;-1,154700538;0,577350269;1,732050808;1,732050808
NP AQ PR;0,21;0,07;0,21;0,163333333;0,080829038;0,577350269;-1,154700538;0,577350269;1,732050808;1,732050808
Z NC VM;0,11;0,21;0,21;0,176666667;0,057735027;-1,154700538;0,577350269;0,577350269;1,732050808;0
NP DI NC;0,08;0,24;0,21;0,176666667;0,085049005;-1,136599612;0,744668712;0,391930901;1,881268324;0,352737811
NC PR AQ;0,08;0,28;0;0,12;0,144222051;-0,277350098;1,109400392;-0,832050294;1,386750491;1,941450687
VM PP PR;0,18;0,14;0;0,106666667;0,094516313;0,775880177;0,352672808;-1,128552985;0,42320737;1,481225793
SP VM CC;0,13;0,17;0,21;0,17;0,04;-1;0;1;1;1
SP VM CS;0,21;0,11;0;0,106666667;0,105039675;0,983755265;0,031734041;-1,015489306;0,952021224;1,047223346
RN VS VM;0,11;0,17;0,41;0,23;0,158745079;-0,755928946;-0,377964473;1,133893419;0,377964473;1,511857892
CC AQ DP;0,16;0,17;0;0,11;0,09539392;0,524142418;0,628970902;-1,15311332;0,104828484;1,782084222
PR VM RN;0,18;0,14;0;0,106666667;0,094516313;0,775880177;0,352672808;-1,128552985;0,42320737;1,481225793
PD VM SP;0,13;0,17;0;0,1;0,088881944;0,33752637;0,787561531;-1,125087901;0,45003516;1,912649432
CS NP SP;0,08;0,21;0,21;0,166666667;0,075055535;-1,154700538;0,577350269;0,577350269;1,732050808;0
NC AP RN;0,18;0,11;0;0,096666667;0,090737717;0,918397948;0,146943672;-1,06534162;0,771454276;1,212285291
CC DI DA;0,13;0,14;0,21;0,16;0,043588989;-0,688247202;-0,458831468;1,147078669;0,229415734;1,605910137
VM SP Z;0,18;0,07;0,21;0,153333333;0,073711148;0,361772505;-1,130539079;0,768766574;1,492311584;1,899305653
PR RG DA;0,16;0,07;0,41;0,213333333;0,176162803;-0,302750253;-0,813641305;1,116391558;0,510891052;1,930032863
CS VM RN;0,13;0,14;0,21;0,16;0,043588989;-0,688247202;-0,458831468;1,147078669;0,229415734;1,605910137
VM RG PP;0,21;0,07;0;0,093333333;0,106926766;1,091089451;-0,21821789;-0,872871561;1,309307341;0,654653671
NC RN AQ;0,18;0,11;0;0,096666667;0,090737717;0,918397948;0,146943672;-1,06534162;0,771454276;1,212285291
NC CC CC;0,08;0,17;0,41;0,22;0,170587221;-0,820694534;-0,293105191;1,113799725;0,527589344;1,406904916
DD NC DP;0,06;0,28;0;0,113333333;0,147422296;-0,361772505;1,130539079;-0,768766574;1,492311584;1,899305653
DD NC DA;0,16;0,11;0,21;0,16;0,05;0;-1;1;1;2
NP AQ AQ;0,11;0,17;0,21;0,163333333;0,05033223;-1,059625886;0,132453236;0,92717265;1,192079121;0,794719414
PD PR VM;0,11;0,21;0;0,106666667;0,105039675;0,031734041;0,983755265;-1,015489306;0,952021224;1,99924457
RG NP SP;0,11;0,14;0,41;0,22;0,165227116;-0,665750286;-0,484182026;1,149932312;0,18156826;1,634114338
RG VM NP;0,13;0,17;0;0,1;0,088881944;0,33752637;0,787561531;-1,125087901;0,45003516;1,912649432
VS CS VM;0,13;0,14;0,21;0,16;0,043588989;-0,688247202;-0,458831468;1,147078669;0,229415734;1,605910137
PD VS DA;0,13;0,17;0;0,1;0,088881944;0,33752637;0,787561531;-1,125087901;0,45003516;1,912649432
I AQ NP;0,13;0,14;0,21;0,16;0,043588989;-0,688247202;-0,458831468;1,147078669;0,229415734;1,605910137
VS RG RG;0,11;0,21;0;0,106666667;0,105039675;0,031734041;0,983755265;-1,015489306;0,952021224;1,99924457
DA NC PT;0,18;0,04;0,41;0,21;0,186815417;-0,160586318;-0,909989137;1,070575455;0,749402819;1,980564592
RG SP RG;0,18;0,11;0;0,096666667;0,090737717;0,918397948;0,146943672;-1,06534162;0,771454276;1,212285291
DA AO NC;0,11;0,17;0,21;0,163333333;0,05033223;-1,059625886;0,132453236;0,92717265;1,192079121;0,794719414
SP PP NP;0,16;0,11;0,21;0,16;0,05;0;-1;1;1;2
DI NC VS;0,21;0,04;0,21;0,153333333;0,098149546;0,577350269;-1,154700538;0,577350269;1,732050808;1,732050808
VM PR PP;0,13;0,17;0;0,1;0,088881944;0,33752637;0,787561531;-1,125087901;0,45003516;1,912649432
AQ DI NC;0,16;0,11;0,21;0,16;0,05;0;-1;1;1;2
PR SP VM;0,13;0,14;0,21;0,16;0,043588989;-0,688247202;-0,458831468;1,147078669;0,229415734;1,605910137
CC SP PR;0,13;0,17;0;0,1;0,088881944;0,33752637;0,787561531;-1,125087901;0,45003516;1,912649432
PR RN P0;0,18;0,07;0,21;0,153333333;0,073711148;0,361772505;-1,130539079;0,768766574;1,492311584;1,899305653
RG CC AQ;0,08;0,24;0;0,106666667;0,122202019;-0,21821789;1,091089451;-0,872871561;1,309307341;1,963961012
VM RN VS;0,21;0,07;0;0,093333333;0,106926766;1,091089451;-0,21821789;-0,872871561;1,309307341;0,654653671
VM PR DA;0,16;0,14;0;0,1;0,087177979;0,688247202;0,458831468;-1,147078669;0,229415734;1,605910137
RN DA NC;0,16;0,07;0,41;0,213333333;0,176162803;-0,302750253;-0,813641305;1,116391558;0,510891052;1,930032863
DA AQ CS;0,06;0,17;0,62;0,283333333;0,296704117;-0,752713967;-0,381974252;1,134688219;0,370739715;1,516662471
CC CS CS;0,21;0,07;0;0,093333333;0,106926766;1,091089451;-0,21821789;-0,872871561;1,309307341;0,654653671
DI AQ NP;0,13;0,11;0,41;0,216666667;0,167729942;-0,516703612;-0,635942907;1,152646519;0,119239295;1,788589425
NC NC NC;0,11;0,11;0,62;0,28;0,294448637;-0,577350269;-0,577350269;1,154700538;0;1,732050808
AQ VM PR;0,13;0,17;0;0,1;0,088881944;0,33752637;0,787561531;-1,125087901;0,45003516;1,912649432
AP CC SP;0,16;0,14;0;0,1;0,087177979;0,688247202;0,458831468;-1,147078669;0,229415734;1,605910137
NC PR NC;0,13;0,17;0;0,1;0,088881944;0,33752637;0,787561531;-1,125087901;0,45003516;1,912649432
PP CS DA;0,13;0,14;0,21;0,16;0,043588989;-0,688247202;-0,458831468;1,147078669;0,229415734;1,605910137
NC VS CS;0,13;0,07;0,62;0,273333333;0,301717307;-0,475058374;-0,673920019;1,148978393;0,198861645;1,822898413
VM I NC;0,11;0,11;0,62;0,28;0,294448637;-0,577350269;-0,577350269;1,154700538;0;1,732050808
SP VM DI;0,16;0,07;0,41;0,213333333;0,176162803;-0,302750253;-0,813641305;1,116391558;0,510891052;1,930032863
NC CS AQ;0,08;0,14;0,62;0,28;0,295972972;-0,675737378;-0,473016165;1,148753543;0,202721214;1,621769708
NC CS NC;0,13;0,07;0,62;0,273333333;0,301717307;-0,475058374;-0,673920019;1,148978393;0,198861645;1,822898413
CS VM DD;0,11;0,21;0;0,106666667;0,105039675;0,031734041;0,983755265;-1,015489306;0,952021224;1,99924457
RG RG NC;0,18;0,11;0;0,096666667;0,090737717;0,918397948;0,146943672;-1,06534162;0,771454276;1,212285291
CS CS SP;0,13;0,17;0;0,1;0,088881944;0,33752637;0,787561531;-1,125087901;0,45003516;1,912649432
VM RN PP;0,18;0,11;0;0,096666667;0,090737717;0,918397948;0,146943672;-1,06534162;0,771454276;1,212285291
CC I CS;0,21;0,07;0;0,093333333;0,106926766;1,091089451;-0,21821789;-0,872871561;1,309307341;0,654653671
PT VM NC;0,18;0,11;0;0,096666667;0,090737717;0,918397948;0,146943672;-1,06534162;0,771454276;1,212285291
AQ NC I;0,13;0,11;0,21;0,15;0,052915026;-0,377964473;-0,755928946;1,133893419;0,377964473;1,889822365
PI VM VM;0,16;0,11;0;0,09;0,081853528;0,85518611;0,244338889;-1,099524999;0,610847222;1,343863888
PR RG AQ;0,16;0,11;0;0,09;0,081853528;0,85518611;0,244338889;-1,099524999;0,610847222;1,343863888
CC RG CS;0,11;0,17;0;0,093333333;0,086216781;0,193311168;0,889231374;-1,082542542;0,695920206;1,971773916
P0 VM DI;0,21;0,04;0;0,083333333;0,111504858;1,135974424;-0,388622829;-0,747351594;1,524597253;0,358728765
NP NP CC;0,08;0,17;0,21;0,153333333;0,066583281;-1,101377584;0,250313087;0,851064496;1,351690671;0,600751409
RG AQ NP;0,08;0,21;0;0,096666667;0,105987421;-0,157251366;1,069309288;-0,912057922;1,226560654;1,981367211
AQ CC NP;0,16;0,11;0;0,09;0,081853528;0,85518611;0,244338889;-1,099524999;0,610847222;1,343863888
VM RG PR;0,16;0,11;0;0,09;0,081853528;0,85518611;0,244338889;-1,099524999;0,610847222;1,343863888
PP SP AQ;0,13;0,14;0;0,09;0,078102497;0,51214752;0,6401844;-1,152331919;0,12803688;1,792516319
DD NC NC;0,18;0,07;0;0,083333333;0,090737717;1,06534162;-0,146943672;-0,918397948;1,212285291;0,771454276
CS AQ VM;0;0,17;0,82;0,33;0,4327817;-0,762509135;-0,369701399;1,132210534;0,392807736;1,501911933
DP NC I;0,13;0,14;0;0,09;0,078102497;0,51214752;0,6401844;-1,152331919;0,12803688;1,792516319
NP DD NC;0,13;0,11;0,21;0,15;0,052915026;-0,377964473;-0,755928946;1,133893419;0,377964473;1,889822365
VS VM CC;0,21;0,04;0;0,083333333;0,111504858;1,135974424;-0,388622829;-0,747351594;1,524597253;0,358728765
VS VM DA;0,16;0,04;0,41;0,203333333;0,188767935;-0,229558761;-0,865259946;1,094818707;0,635701185;1,960078653
PP NC CS;0,23;0;0;0,076666667;0,132790562;1,154700538;-0,577350269;-0,577350269;1,732050808;0
CS DA PR;0,11;0,11;0,41;0,21;0,173205081;-0,577350269;-0,577350269;1,154700538;0;1,732050808
CS RG P0;0,11;0,17;0;0,093333333;0,086216781;0,193311168;0,889231374;-1,082542542;0,695920206;1,971773916
CC RG RN;0,08;0,17;0,21;0,153333333;0,066583281;-1,101377584;0,250313087;0,851064496;1,351690671;0,600751409
I NC AQ;0,08;0,17;0,21;0,153333333;0,066583281;-1,101377584;0,250313087;0,851064496;1,351690671;0,600751409
NC CC DD;0,13;0,14;0;0,09;0,078102497;0,51214752;0,6401844;-1,152331919;0,12803688;1,792516319
NC CC DI;0,13;0,11;0,21;0,15;0,052915026;-0,377964473;-0,755928946;1,133893419;0,377964473;1,889822365
PI PR VM;0,16;0,07;0,21;0,146666667;0,070945989;0,187936394;-1,080634267;0,892697873;1,268570661;1,97333214
AQ VM NP;0,11;0,14;0,21;0,153333333;0,051316014;-0,844440743;-0,259827921;1,104268664;0,584612822;1,364096585
RG VM RN;0,16;0,11;0;0,09;0,081853528;0,85518611;0,244338889;-1,099524999;0,610847222;1,343863888
RG VS VM;0,13;0,14;0;0,09;0,078102497;0,51214752;0,6401844;-1,152331919;0,12803688;1,792516319
RG CS DP;0,16;0,11;0;0,09;0,081853528;0,85518611;0,244338889;-1,099524999;0,610847222;1,343863888
VM PI SP;0,08;0,11;0,62;0,27;0,303479818;-0,626071286;-0,527217925;1,153289211;0,098853361;1,680507136
CS RG RG;0,18;0,07;0;0,083333333;0,090737717;1,06534162;-0,146943672;-0,918397948;1,212285291;0,771454276
VM PI VM;0,11;0,17;0;0,093333333;0,086216781;0,193311168;0,889231374;-1,082542542;0,695920206;1,971773916
VM AQ AQ;0,13;0,14;0;0,09;0,078102497;0,51214752;0,6401844;-1,152331919;0,12803688;1,792516319
NP NC CC;0,16;0,11;0;0,09;0,081853528;0,85518611;0,244338889;-1,099524999;0,610847222;1,343863888
NC RG RN;0,08;0,21;0;0,096666667;0,105987421;-0,157251366;1,069309288;-0,912057922;1,226560654;1,981367211
VM VM RN;0,18;0,07;0;0,083333333;0,090737717;1,06534162;-0,146943672;-0,918397948;1,212285291;0,771454276
AO NC SP;0,08;0,21;0;0,096666667;0,105987421;-0,157251366;1,069309288;-0,912057922;1,226560654;1,981367211
NP VS NC;0,16;0,11;0;0,09;0,081853528;0,85518611;0,244338889;-1,099524999;0,610847222;1,343863888
VM P0 RG;0,16;0,07;0,21;0,146666667;0,070945989;0,187936394;-1,080634267;0,892697873;1,268570661;1,97333214
VS RG CS;0,03;0,24;0,21;0,16;0,113578167;-1,144586178;0,704360725;0,440225453;1,848946903;0,264135272
AQ CS NP;0,08;0,21;0;0,096666667;0,105987421;-0,157251366;1,069309288;-0,912057922;1,226560654;1,981367211
DI NC RN;0,08;0,17;0,21;0,153333333;0,066583281;-1,101377584;0,250313087;0,851064496;1,351690671;0,600751409
VM DA RG;0,13;0,14;0;0,09;0,078102497;0,51214752;0,6401844;-1,152331919;0,12803688;1,792516319
DA VM CC;0,18;0,07;0;0,083333333;0,090737717;1,06534162;-0,146943672;-0,918397948;1,212285291;0,771454276
VM VS RG;0,08;0,17;0,21;0,153333333;0,066583281;-1,101377584;0,250313087;0,851064496;1,351690671;0,600751409
NC PI SP;0,06;0,24;0;0,1;0,12489996;-0,320256308;1,120897077;-0,800640769;1,441153384;1,921537846
DP NP DA;0,11;0,14;0,21;0,153333333;0,051316014;-0,844440743;-0,259827921;1,104268664;0,584612822;1,364096585
SP PR AQ;0,08;0,21;0;0,096666667;0,105987421;-0,157251366;1,069309288;-0,912057922;1,226560654;1,981367211
DA NP DP;0,06;0,17;0,41;0,213333333;0,178978583;-0,856713303;-0,242114629;1,098827932;0,614598674;1,340942561
AQ AQ VM;0,11;0,17;0;0,093333333;0,086216781;0,193311168;0,889231374;-1,082542542;0,695920206;1,971773916
CC VS NC;0,08;0,17;0,21;0,153333333;0,066583281;-1,101377584;0,250313087;0,851064496;1,351690671;0,600751409
VM VM DD;0,11;0,17;0;0,093333333;0,086216781;0,193311168;0,889231374;-1,082542542;0,695920206;1,971773916
PP DI NC;0,16;0,11;0;0,09;0,081853528;0,85518611;0,244338889;-1,099524999;0,610847222;1,343863888
SP VS VM;0,21;0,04;0;0,083333333;0,111504858;1,135974424;-0,388622829;-0,747351594;1,524597253;0,358728765
NC DA VM;0,16;0,07;0,21;0,146666667;0,070945989;0,187936394;-1,080634267;0,892697873;1,268570661;1,97333214
RN VM RN;0,08;0,21;0;0,096666667;0,105987421;-0,157251366;1,069309288;-0,912057922;1,226560654;1,981367211
SP CS DP;0,06;0,21;0,21;0,16;0,08660254;-1,154700538;0,577350269;0,577350269;1,732050808;0
PR VS AQ;0,13;0,14;0;0,09;0,078102497;0,51214752;0,6401844;-1,152331919;0,12803688;1,792516319
CC NP AQ;0,11;0,17;0;0,093333333;0,086216781;0,193311168;0,889231374;-1,082542542;0,695920206;1,971773916
SP PD PR;0,08;0,17;0,21;0,153333333;0,066583281;-1,101377584;0,250313087;0,851064496;1,351690671;0,600751409
DA DI NC;0,13;0,11;0,21;0,15;0,052915026;-0,377964473;-0,755928946;1,133893419;0,377964473;1,889822365
AQ NP RG;0,06;0,24;0;0,1;0,12489996;-0,320256308;1,120897077;-0,800640769;1,441153384;1,921537846
VS NC PR;0,16;0,11;0;0,09;0,081853528;0,85518611;0,244338889;-1,099524999;0,610847222;1,343863888
PP CS VM;0,08;0,21;0;0,096666667;0,105987421;-0,157251366;1,069309288;-0,912057922;1,226560654;1,981367211
NC RN SP;0,03;0,24;0,21;0,16;0,113578167;-1,144586178;0,704360725;0,440225453;1,848946903;0,264135272
CS VS DA;0,16;0,11;0;0,09;0,081853528;0,85518611;0,244338889;-1,099524999;0,610847222;1,343863888
NC SP VS;0,08;0,14;0,41;0,21;0,175783958;-0,739544161;-0,398216087;1,137760248;0,341328074;1,535976335
VM PP PP;0,21;0,04;0;0,083333333;0,111504858;1,135974424;-0,388622829;-0,747351594;1,524597253;0,358728765
PP NP AQ;0,18;0,07;0;0,083333333;0,090737717;1,06534162;-0,146943672;-0,918397948;1,212285291;0,771454276
VM CC DI;0,11;0,17;0;0,093333333;0,086216781;0,193311168;0,889231374;-1,082542542;0,695920206;1,971773916
CS CS RG;0,13;0,11;0,21;0,15;0,052915026;-0,377964473;-0,755928946;1,133893419;0,377964473;1,889822365
RG AQ AQ;0,13;0,07;0,21;0,136666667;0,070237692;-0,0949158;-0,949157996;1,044073795;0,854242196;1,993231791
AQ VS DP;0,13;0,11;0;0,08;0,07;0,714285714;0,428571429;-1,142857143;0,285714286;1,571428571
NC PP VS;0,11;0,14;0;0,083333333;0,073711148;0,361772505;0,768766574;-1,130539079;0,406994068;1,899305653
PR RG NC;0,16;0,04;0,21;0,136666667;0,087368949;0,267066658;-1,106419011;0,839352353;1,373485669;1,945771364
P0 VM PR;0,08;0,14;0,21;0,143333333;0,065064071;-0,973399487;-0,051231552;1,024631039;0,922167935;1,075862591
VS DD NC;0,13;0,11;0;0,08;0,07;0,714285714;0,428571429;-1,142857143;0,285714286;1,571428571
AQ PR RN;0,13;0,11;0;0,08;0,07;0,714285714;0,428571429;-1,142857143;0,285714286;1,571428571
SP DA SP;0,11;0,07;0,41;0,196666667;0,185831465;-0,466372402;-0,681621203;1,147993605;0,215248801;1,829614809
CS VM NP;0,11;0,14;0;0,083333333;0,073711148;0,361772505;0,768766574;-1,130539079;0,406994068;1,899305653
CC AQ VS;0,16;0,07;0;0,076666667;0,080208063;1,038964544;-0,083117163;-0,95584738;1,122081707;0,872730217
SP DI DP;0,18;0,04;0;0,073333333;0,094516313;1,128552985;-0,352672808;-0,775880177;1,481225793;0,42320737
NC PP NC;0,13;0,11;0;0,08;0,07;0,714285714;0,428571429;-1,142857143;0,285714286;1,571428571
SP DT NC;0,13;0,11;0;0,08;0,07;0,714285714;0,428571429;-1,142857143;0,285714286;1,571428571
PP SP PP;0,11;0,14;0;0,083333333;0,073711148;0,361772505;0,768766574;-1,130539079;0,406994068;1,899305653
NP AQ DP;0,06;0,11;0,62;0,263333333;0,309892454;-0,656141608;-0,494795311;1,150936919;0,161346297;1,64573223
NC DP NP;0,06;0,21;0;0,09;0,108166538;-0,277350098;1,109400392;-0,832050294;1,386750491;1,941450687
Z AQ NC;0,16;0,07;0;0,076666667;0,080208063;1,038964544;-0,083117163;-0,95584738;1,122081707;0,872730217
NP AQ NP;0,11;0,11;0,21;0,143333333;0,057735027;-0,577350269;-0,577350269;1,154700538;0;1,732050808
PR RG P0;0,16;0,07;0;0,076666667;0,080208063;1,038964544;-0,083117163;-0,95584738;1,122081707;0,872730217
CS RG DP;0,11;0,14;0;0,083333333;0,073711148;0,361772505;0,768766574;-1,130539079;0,406994068;1,899305653
RG DD NC;0,03;0,24;0;0,09;0,130766968;-0,458831468;1,147078669;-0,688247202;1,605910137;1,835325871
VM DD DP;0,18;0,04;0;0,073333333;0,094516313;1,128552985;-0,352672808;-0,775880177;1,481225793;0,42320737
VM NP AP;0,16;0,07;0;0,076666667;0,080208063;1,038964544;-0,083117163;-0,95584738;1,122081707;0,872730217
CC PP AQ;0,16;0,04;0,21;0,136666667;0,087368949;0,267066658;-1,106419011;0,839352353;1,373485669;1,945771364
I NC SP;0,11;0,04;0,62;0,256666667;0,316596483;-0,463260568;-0,684362202;1,14762277;0,221101635;1,831984972
RN VA VM;0,13;0,11;0;0,08;0,07;0,714285714;0,428571429;-1,142857143;0,285714286;1,571428571
DI NC DI;0,13;0,04;0,41;0,193333333;0,192959409;-0,328221017;-0,794640357;1,122861375;0,46641934;1,917501732
DI NC DA;0,11;0,11;0,21;0,143333333;0,057735027;-0,577350269;-0,577350269;1,154700538;0;1,732050808
VM NP PR;0,08;0,17;0;0,083333333;0,085049005;-0,03919309;1,019020342;-0,979827252;1,058213432;1,998847594
SP PP VS;0,11;0,14;0;0,083333333;0,073711148;0,361772505;0,768766574;-1,130539079;0,406994068;1,899305653
NC I AQ;0,08;0,14;0,21;0,143333333;0,065064071;-0,973399487;-0,051231552;1,024631039;0,922167935;1,075862591
DI NC NC;0,08;0,14;0,21;0,143333333;0,065064071;-0,973399487;-0,051231552;1,024631039;0,922167935;1,075862591
NP PR NC;0,08;0,17;0;0,083333333;0,085049005;-0,03919309;1,019020342;-0,979827252;1,058213432;1,998847594
AQ CS CS;0,08;0,14;0,21;0,143333333;0,065064071;-0,973399487;-0,051231552;1,024631039;0,922167935;1,075862591
DA PR VS;0,08;0,14;0,21;0,143333333;0,065064071;-0,973399487;-0,051231552;1,024631039;0,922167935;1,075862591
PR PP VA;0,16;0,07;0;0,076666667;0,080208063;1,038964544;-0,083117163;-0,95584738;1,122081707;0,872730217
NC AP AQ;0,13;0,11;0;0,08;0,07;0,714285714;0,428571429;-1,142857143;0,285714286;1,571428571
VM PR P0;0,13;0,11;0;0,08;0,07;0,714285714;0,428571429;-1,142857143;0,285714286;1,571428571
PR SP RG;0,13;0,11;0;0,08;0,07;0,714285714;0,428571429;-1,142857143;0,285714286;1,571428571
CC RN SP;0,11;0,11;0,21;0,143333333;0,057735027;-0,577350269;-0,577350269;1,154700538;0;1,732050808
NC NP CS;0,08;0,11;0,41;0,2;0,182482876;-0,657595949;-0,493196962;1,150792911;0,164398987;1,643989873
PR RN PP;0,21;0;0;0,07;0,121243557;1,154700538;-0,577350269;-0,577350269;1,732050808;0
CS PP PP;0,16;0,07;0;0,076666667;0,080208063;1,038964544;-0,083117163;-0,95584738;1,122081707;0,872730217
VM CS DI;0,16;0,07;0;0,076666667;0,080208063;1,038964544;-0,083117163;-0,95584738;1,122081707;0,872730217
RG DP AQ;0,11;0,14;0;0,083333333;0,073711148;0,361772505;0,768766574;-1,130539079;0,406994068;1,899305653
NC NP PR;0,13;0,11;0;0,08;0,07;0,714285714;0,428571429;-1,142857143;0,285714286;1,571428571
RG CC NC;0,08;0,17;0;0,083333333;0,085049005;-0,03919309;1,019020342;-0,979827252;1,058213432;1,998847594
VM NC VS;0,13;0,11;0;0,08;0,07;0,714285714;0,428571429;-1,142857143;0,285714286;1,571428571
VM CS PR;0,16;0,07;0;0,076666667;0,080208063;1,038964544;-0,083117163;-0,95584738;1,122081707;0,872730217
PR VS SP;0,06;0,11;0,62;0,263333333;0,309892454;-0,656141608;-0,494795311;1,150936919;0,161346297;1,64573223
VA VM VM;0,18;0,04;0;0,073333333;0,094516313;1,128552985;-0,352672808;-0,775880177;1,481225793;0,42320737
CC CS NP;0,08;0,14;0,21;0,143333333;0,065064071;-0,973399487;-0,051231552;1,024631039;0,922167935;1,075862591
PR VS RG;0,16;0,07;0;0,076666667;0,080208063;1,038964544;-0,083117163;-0,95584738;1,122081707;0,872730217
SP NC VS;0,11;0,07;0,41;0,196666667;0,185831465;-0,466372402;-0,681621203;1,147993605;0,215248801;1,829614809
AQ PP CS;0,06;0,21;0;0,09;0,108166538;-0,277350098;1,109400392;-0,832050294;1,386750491;1,941450687
CC VS DP;0,13;0,11;0;0,08;0,07;0,714285714;0,428571429;-1,142857143;0,285714286;1,571428571
P0 VA VM;0,11;0,14;0;0,083333333;0,073711148;0,361772505;0,768766574;-1,130539079;0,406994068;1,899305653
VA VM DA;0,13;0,07;0,21;0,136666667;0,070237692;-0,0949158;-0,949157996;1,044073795;0,854242196;1,993231791
DD AQ NP;0;0,24;0,21;0,15;0,130766968;-1,147078669;0,688247202;0,458831468;1,835325871;0,229415734
PP RG SP;0,13;0,11;0;0,08;0,07;0,714285714;0,428571429;-1,142857143;0,285714286;1,571428571
NC P0 PP;0,13;0,04;0,41;0,193333333;0,192959409;-0,328221017;-0,794640357;1,122861375;0,46641934;1,917501732
VM PP VS;0,18;0;0,21;0,13;0,113578167;0,440225453;-1,144586178;0,704360725;1,584811631;1,848946903
NP AQ RG;0,11;0,11;0,21;0,143333333;0,057735027;-0,577350269;-0,577350269;1,154700538;0;1,732050808
AQ NP NP;0,13;0,11;0;0,08;0,07;0,714285714;0,428571429;-1,142857143;0,285714286;1,571428571
AQ NP PP;0,16;0,07;0;0,076666667;0,080208063;1,038964544;-0,083117163;-0,95584738;1,122081707;0,872730217
CS VS VM;0,18;0,04;0;0,073333333;0,094516313;1,128552985;-0,352672808;-0,775880177;1,481225793;0,42320737
DP NC PT;0,11;0,14;0;0,083333333;0,073711148;0,361772505;0,768766574;-1,130539079;0,406994068;1,899305653
NC VS NC;0,18;0,04;0;0,073333333;0,094516313;1,128552985;-0,352672808;-0,775880177;1,481225793;0,42320737
AP CC VM;0,08;0,17;0;0,083333333;0,085049005;-0,03919309;1,019020342;-0,979827252;1,058213432;1,998847594
AQ NP VS;0,11;0,14;0;0,083333333;0,073711148;0,361772505;0,768766574;-1,130539079;0,406994068;1,899305653
PT VM DP;0,11;0,11;0,21;0,143333333;0,057735027;-0,577350269;-0,577350269;1,154700538;0;1,732050808
VS SP RG;0,06;0,14;0,41;0,203333333;0,183393929;-0,781559858;-0,345340402;1,12690026;0,436219455;1,472240662
VM CC CC;0,13;0,11;0;0,08;0,07;0,714285714;0,428571429;-1,142857143;0,285714286;1,571428571
PT VM CS;0,18;0,04;0;0,073333333;0,094516313;1,128552985;-0,352672808;-0,775880177;1,481225793;0,42320737
PT VM AQ;0,11;0,14;0;0,083333333;0,073711148;0,361772505;0,768766574;-1,130539079;0,406994068;1,899305653
SP NP CS;0,08;0,07;0,62;0,256666667;0,31469562;-0,561389023;-0,59316576;1,154554783;0,031776737;1,747720543
SP NP RG;0,16;0;0,41;0,19;0,206639783;-0,145180176;-0,919474445;1,064654621;0,77429427;1,984129066
CC PI SP;0,13;0,07;0,21;0,136666667;0,070237692;-0,0949158;-0,949157996;1,044073795;0,854242196;1,993231791
AQ RG DP;0,13;0,11;0;0,08;0,07;0,714285714;0,428571429;-1,142857143;0,285714286;1,571428571
CC NP PR;0,11;0,14;0;0,083333333;0,073711148;0,361772505;0,768766574;-1,130539079;0,406994068;1,899305653
AQ RG CC;0,13;0,11;0;0,08;0,07;0,714285714;0,428571429;-1,142857143;0,285714286;1,571428571
SP AQ DA;0,13;0,04;0,41;0,193333333;0,192959409;-0,328221017;-0,794640357;1,122861375;0,46641934;1,917501732
VM CC I;0,16;0,07;0;0,076666667;0,080208063;1,038964544;-0,083117163;-0,95584738;1,122081707;0,872730217
PR NP SP;0,16;0,04;0,21;0,136666667;0,087368949;0,267066658;-1,106419011;0,839352353;1,373485669;1,945771364
SP PT RN;0,13;0,11;0;0,08;0,07;0,714285714;0,428571429;-1,142857143;0,285714286;1,571428571
AQ RG PP;0,08;0,14;0,21;0,143333333;0,065064071;-0,973399487;-0,051231552;1,024631039;0,922167935;1,075862591
AQ VS AQ;0,11;0,07;0,21;0,13;0,072111026;-0,277350098;-0,832050294;1,109400392;0,554700196;1,941450687
NC AP PR;0,13;0,07;0;0,066666667;0,065064071;0,973399487;0,051231552;-1,024631039;0,922167935;1,075862591
SP AQ NP;0,11;0,07;0,21;0,13;0,072111026;-0,277350098;-0,832050294;1,109400392;0,554700196;1,941450687
P0 VM NP;0,16;0,04;0;0,066666667;0,08326664;1,120897077;-0,320256308;-0,800640769;1,441153384;0,480384461
NC AP RG;0,08;0,11;0,21;0,133333333;0,068068593;-0,783523371;-0,342791475;1,126314846;0,440731896;1,469106321
CC RG CC;0,13;0,07;0;0,066666667;0,065064071;0,973399487;0,051231552;-1,024631039;0,922167935;1,075862591
CC RG DP;0,11;0,11;0;0,073333333;0,06350853;0,577350269;0,577350269;-1,154700538;0;1,732050808
AQ VS SP;0,08;0,14;0;0,073333333;0,070237692;0,0949158;0,949157996;-1,044073795;0,854242196;1,993231791
DA AP VM;0,11;0,07;0,21;0,13;0,072111026;-0,277350098;-0,832050294;1,109400392;0,554700196;1,941450687
PP SP DI;0,06;0,14;0,21;0,136666667;0,075055535;-1,021465861;0,044411559;0,977054302;1,06587742;0,932642743
AQ CC PR;0,03;0,21;0;0,08;0,113578167;-0,440225453;1,144586178;-0,704360725;1,584811631;1,848946903
RG DA NP;0,06;0,07;0,62;0,25;0,320468407;-0,592882155;-0,561677831;1,154559987;0,031204324;1,716237818
NP NP AQ;0,13;0,04;0,21;0,126666667;0,085049005;0,03919309;-1,019020342;0,979827252;1,058213432;1,998847594
PP CC SP;0,08;0,11;0,21;0,133333333;0,068068593;-0,783523371;-0,342791475;1,126314846;0,440731896;1,469106321
PP DP NP;0,06;0,14;0,21;0,136666667;0,075055535;-1,021465861;0,044411559;0,977054302;1,06587742;0,932642743
DD NC NP;0,16;0,04;0;0,066666667;0,08326664;1,120897077;-0,320256308;-0,800640769;1,441153384;0,480384461
SP DI NP;0,08;0,04;0,62;0,246666667;0,32393415;-0,514507862;-0,637989748;1,15249761;0,123481887;1,790487358
AQ DP AQ;0,11;0,07;0,21;0,13;0,072111026;-0,277350098;-0,832050294;1,109400392;0,554700196;1,941450687
NP NP NP;0,08;0,11;0,21;0,133333333;0,068068593;-0,783523371;-0,342791475;1,126314846;0,440731896;1,469106321
CS DI AQ;0,11;0,07;0,21;0,13;0,072111026;-0,277350098;-0,832050294;1,109400392;0,554700196;1,941450687
NP VM P0;0,13;0,04;0,21;0,126666667;0,085049005;0,03919309;-1,019020342;0,979827252;1,058213432;1,998847594
CS RG NC;0,13;0,04;0,21;0,126666667;0,085049005;0,03919309;-1,019020342;0,979827252;1,058213432;1,998847594
RG VM P0;0,11;0,11;0;0,073333333;0,06350853;0,577350269;0,577350269;-1,154700538;0;1,732050808
PP PR RG;0,11;0,11;0;0,073333333;0,06350853;0,577350269;0,577350269;-1,154700538;0;1,732050808
CS RG AQ;0,06;0,14;0,21;0,136666667;0,075055535;-1,021465861;0,044411559;0,977054302;1,06587742;0,932642743
PP NC VM;0,13;0,07;0;0,066666667;0,065064071;0,973399487;0,051231552;-1,024631039;0,922167935;1,075862591
NC RG VS;0,11;0,11;0;0,073333333;0,06350853;0,577350269;0,577350269;-1,154700538;0;1,732050808
DA NC AO;0,11;0,11;0;0,073333333;0,06350853;0,577350269;0,577350269;-1,154700538;0;1,732050808
DA SP NP;0,11;0,07;0,21;0,13;0,072111026;-0,277350098;-0,832050294;1,109400392;0,554700196;1,941450687
NP SP DI;0,11;0,11;0;0,073333333;0,06350853;0,577350269;0,577350269;-1,154700538;0;1,732050808
DA PR DA;0,11;0,04;0,41;0,186666667;0,19655364;-0,390054678;-0,746191558;1,136246235;0,35613688;1,882437793
NP SP DD;0,13;0,07;0;0,066666667;0,065064071;0,973399487;0,051231552;-1,024631039;0,922167935;1,075862591
NP CC PP;0;0,11;0,82;0,31;0,445084262;-0,69649733;-0,449353116;1,145850447;0,247144214;1,595203563
DI AQ CC;0,16;0,04;0;0,066666667;0,08326664;1,120897077;-0,320256308;-0,800640769;1,441153384;0,480384461
NP DP AQ;0,11;0,11;0;0,073333333;0,06350853;0,577350269;0,577350269;-1,154700538;0;1,732050808
CC PP CS;0,11;0,11;0;0,073333333;0,06350853;0,577350269;0,577350269;-1,154700538;0;1,732050808
RG CS NP;0,06;0,07;0,62;0,25;0,320468407;-0,592882155;-0,561677831;1,154559987;0,031204324;1,716237818
I NC NC;0,16;0,04;0;0,066666667;0,08326664;1,120897077;-0,320256308;-0,800640769;1,441153384;0,480384461
SP PP DI;0,13;0,04;0,21;0,126666667;0,085049005;0,03919309;-1,019020342;0,979827252;1,058213432;1,998847594
PD DP NC;0,03;0,21;0;0,08;0,113578167;-0,440225453;1,144586178;-0,704360725;1,584811631;1,848946903
DA PR RN;0,08;0,04;0,62;0,246666667;0,32393415;-0,514507862;-0,637989748;1,15249761;0,123481887;1,790487358
NP CC RG;0,13;0,07;0;0,066666667;0,065064071;0,973399487;0,051231552;-1,024631039;0,922167935;1,075862591
VM PI CC;0,03;0,21;0;0,08;0,113578167;-0,440225453;1,144586178;-0,704360725;1,584811631;1,848946903
PR VA VM;0,11;0,04;0,41;0,186666667;0,19655364;-0,390054678;-0,746191558;1,136246235;0,35613688;1,882437793
VM AQ PR;0,08;0,14;0;0,073333333;0,070237692;0,0949158;0,949157996;-1,044073795;0,854242196;1,993231791
DI NC P0;0,13;0,04;0,21;0,126666667;0,085049005;0,03919309;-1,019020342;0,979827252;1,058213432;1,998847594
NP VS VM;0,13;0,04;0,21;0,126666667;0,085049005;0,03919309;-1,019020342;0,979827252;1,058213432;1,998847594
VM DA CC;0,13;0,04;0,21;0,126666667;0,085049005;0,03919309;-1,019020342;0,979827252;1,058213432;1,998847594
SP PP PR;0,13;0,07;0;0,066666667;0,065064071;0,973399487;0,051231552;-1,024631039;0,922167935;1,075862591
SP PP PI;0,18;0;0;0,06;0,103923048;1,154700538;-0,577350269;-0,577350269;1,732050808;0
RG SP PR;0,13;0,07;0;0,066666667;0,065064071;0,973399487;0,051231552;-1,024631039;0,922167935;1,075862591
VM DI DP;0,16;0,04;0;0,066666667;0,08326664;1,120897077;-0,320256308;-0,800640769;1,441153384;0,480384461
AQ CS AQ;0;0,14;0,62;0,253333333;0,325166624;-0,77908775;-0,348539256;1,127627006;0,430548493;1,476166263
AQ SP PT;0,03;0,21;0;0,08;0,113578167;-0,440225453;1,144586178;-0,704360725;1,584811631;1,848946903
CC PP PP;0,11;0,11;0;0,073333333;0,06350853;0,577350269;0,577350269;-1,154700538;0;1,732050808
AQ PR DA;0,13;0,07;0;0,066666667;0,065064071;0,973399487;0,051231552;-1,024631039;0,922167935;1,075862591
RG NC PP;0,16;0,04;0;0,066666667;0,08326664;1,120897077;-0,320256308;-0,800640769;1,441153384;0,480384461
VS DA PR;0,16;0,04;0;0,066666667;0,08326664;1,120897077;-0,320256308;-0,800640769;1,441153384;0,480384461
CC NC DP;0,08;0,14;0;0,073333333;0,070237692;0,0949158;0,949157996;-1,044073795;0,854242196;1,993231791
PR NC CC;0,13;0,07;0;0,066666667;0,065064071;0,973399487;0,051231552;-1,024631039;0,922167935;1,075862591
VM VS DP;0,18;0;0;0,06;0,103923048;1,154700538;-0,577350269;-0,577350269;1,732050808;0
AQ RG RG;0,06;0,17;0;0,076666667;0,086216781;-0,193311168;1,082542542;-0,889231374;1,27585371;1,971773916
CS PP VS;0,08;0,14;0;0,073333333;0,070237692;0,0949158;0,949157996;-1,044073795;0,854242196;1,993231791
PR RN VS;0,11;0,11;0;0,073333333;0,06350853;0,577350269;0,577350269;-1,154700538;0;1,732050808
NC DD AQ;0,11;0,11;0;0,073333333;0,06350853;0,577350269;0,577350269;-1,154700538;0;1,732050808
CS PP RG;0,11;0,07;0,21;0,13;0,072111026;-0,277350098;-0,832050294;1,109400392;0,554700196;1,941450687
PP VM I;0,08;0,14;0;0,073333333;0,070237692;0,0949158;0,949157996;-1,044073795;0,854242196;1,993231791
PP AQ NP;0,13;0,04;0,21;0,126666667;0,085049005;0,03919309;-1,019020342;0,979827252;1,058213432;1,998847594
CS PP NC;0,08;0,11;0,21;0,133333333;0,068068593;-0,783523371;-0,342791475;1,126314846;0,440731896;1,469106321
PR NC AQ;0,06;0,17;0;0,076666667;0,086216781;-0,193311168;1,082542542;-0,889231374;1,27585371;1,971773916
VM SP RN;0,11;0;0,62;0,243333333;0,330807094;-0,403054638;-0,735574714;1,138629351;0,332520076;1,874204065
PR DP AQ;0,11;0,07;0,21;0,13;0,072111026;-0,277350098;-0,832050294;1,109400392;0,554700196;1,941450687
NC AQ AP;0,03;0,21;0;0,08;0,113578167;-0,440225453;1,144586178;-0,704360725;1,584811631;1,848946903
DA NP P0;0,08;0,11;0,21;0,133333333;0,068068593;-0,783523371;-0,342791475;1,126314846;0,440731896;1,469106321
PR SP DD;0,13;0,07;0;0,066666667;0,065064071;0,973399487;0,051231552;-1,024631039;0,922167935;1,075862591
RG CC DA;0,06;0,17;0;0,076666667;0,086216781;-0,193311168;1,082542542;-0,889231374;1,27585371;1,971773916
NC NP PP;0,06;0,17;0;0,076666667;0,086216781;-0,193311168;1,082542542;-0,889231374;1,27585371;1,971773916
NC NP NC;0,16;0,04;0;0,066666667;0,08326664;1,120897077;-0,320256308;-0,800640769;1,441153384;0,480384461
NC VM PI;0,16;0,04;0;0,066666667;0,08326664;1,120897077;-0,320256308;-0,800640769;1,441153384;0,480384461
VM PR NC;0,13;0,07;0;0,066666667;0,065064071;0,973399487;0,051231552;-1,024631039;0,922167935;1,075862591
AQ DA PR;0,11;0,07;0,21;0,13;0,072111026;-0,277350098;-0,832050294;1,109400392;0,554700196;1,941450687
RN AQ SP;0,08;0,11;0,21;0,133333333;0,068068593;-0,783523371;-0,342791475;1,126314846;0,440731896;1,469106321
NC AQ PT;0,11;0,11;0;0,073333333;0,06350853;0,577350269;0,577350269;-1,154700538;0;1,732050808
CC VS RG;0,16;0,04;0;0,066666667;0,08326664;1,120897077;-0,320256308;-0,800640769;1,441153384;0,480384461
NC AQ DI;0,08;0,11;0,21;0,133333333;0,068068593;-0,783523371;-0,342791475;1,126314846;0,440731896;1,469106321
NC PI VM;0,16;0,04;0;0,066666667;0,08326664;1,120897077;-0,320256308;-0,800640769;1,441153384;0,480384461
CC PR SP;0,08;0,14;0;0,073333333;0,070237692;0,0949158;0,949157996;-1,044073795;0,854242196;1,993231791
CS CC VM;0,06;0,04;0,82;0,306666667;0,444672164;-0,554715781;-0,599692736;1,154408517;0,044976955;1,754101253
DP NP PR;0,13;0,07;0;0,066666667;0,065064071;0,973399487;0,051231552;-1,024631039;0,922167935;1,075862591
CC PR PP;0,13;0,07;0;0,066666667;0,065064071;0,973399487;0,051231552;-1,024631039;0,922167935;1,075862591
DA AQ RG;0,08;0,14;0;0,073333333;0,070237692;0,0949158;0,949157996;-1,044073795;0,854242196;1,993231791
CC NC VS;0,11;0,07;0,21;0,13;0,072111026;-0,277350098;-0,832050294;1,109400392;0,554700196;1,941450687
CC VS DA;0,11;0,11;0;0,073333333;0,06350853;0,577350269;0,577350269;-1,154700538;0;1,732050808
CS SP PD;0,06;0,14;0,21;0,136666667;0,075055535;-1,021465861;0,044411559;0,977054302;1,06587742;0,932642743
CS SP PR;0,08;0,14;0;0,073333333;0,070237692;0,0949158;0,949157996;-1,044073795;0,854242196;1,993231791
CS DP NP;0,08;0,14;0;0,073333333;0,070237692;0,0949158;0,949157996;-1,044073795;0,854242196;1,993231791
CS NC CC;0,11;0,07;0,21;0,13;0,072111026;-0,277350098;-0,832050294;1,109400392;0,554700196;1,941450687
DE AQ NC;0,06;0,17;0;0,076666667;0,086216781;-0,193311168;1,082542542;-0,889231374;1,27585371;1,971773916
CC NC RN;0,11;0,07;0,21;0,13;0,072111026;-0,277350098;-0,832050294;1,109400392;0,554700196;1,941450687
NC VS CC;0,11;0,07;0,21;0,13;0,072111026;-0,277350098;-0,832050294;1,109400392;0,554700196;1,941450687
AQ VM RN;0,03;0,21;0;0,08;0,113578167;-0,440225453;1,144586178;-0,704360725;1,584811631;1,848946903
CC NP CC;0,06;0,11;0,41;0,193333333;0,189296945;-0,704360725;-0,440225453;1,144586178;0,264135272;1,584811631
AP RN VM;0,16;0,04;0;0,066666667;0,08326664;1,120897077;-0,320256308;-0,800640769;1,441153384;0,480384461
NC VS DP;0,06;0,14;0,21;0,136666667;0,075055535;-1,021465861;0,044411559;0,977054302;1,06587742;0,932642743
AQ NP P0;0,08;0,11;0,21;0,133333333;0,068068593;-0,783523371;-0,342791475;1,126314846;0,440731896;1,469106321
SP VM DD;0,08;0,07;0,41;0,186666667;0,193476958;-0,551314574;-0,603000315;1,154314888;0,051685741;1,757315203
CS VS DP;0,13;0,07;0;0,066666667;0,065064071;0,973399487;0,051231552;-1,024631039;0,922167935;1,075862591
NC NC RG;0,11;0,11;0;0,073333333;0,06350853;0,577350269;0,577350269;-1,154700538;0;1,732050808
RG VA VM;0,13;0,04;0,21;0,126666667;0,085049005;0,03919309;-1,019020342;0,979827252;1,058213432;1,998847594
CC PD VS;0,13;0,07;0;0,066666667;0,065064071;0,973399487;0,051231552;-1,024631039;0,922167935;1,075862591
VS SP PR;0,08;0,07;0,41;0,186666667;0,193476958;-0,551314574;-0,603000315;1,154314888;0,051685741;1,757315203
VS SP NP;0,13;0,07;0;0,066666667;0,065064071;0,973399487;0,051231552;-1,024631039;0,922167935;1,075862591
SP NP NP;0,03;0,17;0,21;0,136666667;0,094516313;-1,128552985;0,352672808;0,775880177;1,481225793;0,42320737
RG RG DA;0,08;0,14;0;0,073333333;0,070237692;0,0949158;0,949157996;-1,044073795;0,854242196;1,993231791
SP DD NP;0,11;0,11;0;0,073333333;0,06350853;0,577350269;0,577350269;-1,154700538;0;1,732050808
VM RN P0;0,11;0,11;0;0,073333333;0,06350853;0,577350269;0,577350269;-1,154700538;0;1,732050808
VM SP PI;0,11;0,07;0,21;0,13;0,072111026;-0,277350098;-0,832050294;1,109400392;0,554700196;1,941450687
DP NC VA;0,13;0,07;0;0,066666667;0,065064071;0,973399487;0,051231552;-1,024631039;0,922167935;1,075862591
CC VM RN;0,13;0,07;0;0,066666667;0,065064071;0,973399487;0,051231552;-1,024631039;0,922167935;1,075862591
RG RG RG;0,06;0,17;0;0,076666667;0,086216781;-0,193311168;1,082542542;-0,889231374;1,27585371;1,971773916
NC PP RG;0,08;0,11;0;0,063333333;0,056862407;0,293105191;0,820694534;-1,113799725;0,527589344;1,93449426
NC AP PP;0,13;0,04;0;0,056666667;0,066583281;1,101377584;-0,250313087;-0,851064496;1,351690671;0,600751409
SP AQ SP;0,06;0,14;0;0,066666667;0,070237692;-0,0949158;1,044073795;-0,949157996;1,138989595;1,993231791
DA AP AQ;0,11;0,07;0;0,06;0,055677644;0,89802651;0,179605302;-1,077631812;0,718421208;1,257237114
AQ PR P0;0,08;0,07;0,21;0,12;0,078102497;-0,51214752;-0,6401844;1,152331919;0,12803688;1,792516319
P0 VM DD;0,11;0,07;0;0,06;0,055677644;0,89802651;0,179605302;-1,077631812;0,718421208;1,257237114
CS AQ DA;0,03;0,11;0,41;0,183333333;0,200333056;-0,765392074;-0,366057079;1,131449154;0,399334995;1,497506233
CS VM PI;0,11;0,07;0;0,06;0,055677644;0,89802651;0,179605302;-1,077631812;0,718421208;1,257237114
RG AQ P0;0,13;0,04;0;0,056666667;0,066583281;1,101377584;-0,250313087;-0,851064496;1,351690671;0,600751409
AQ CC DI;0,06;0,14;0;0,066666667;0,070237692;-0,0949158;1,044073795;-0,949157996;1,138989595;1,993231791
CC DI AQ;0,11;0,07;0;0,06;0,055677644;0,89802651;0,179605302;-1,077631812;0,718421208;1,257237114
VS VM NC;0,13;0,04;0;0,056666667;0,066583281;1,101377584;-0,250313087;-0,851064496;1,351690671;0,600751409
AQ VS VM;0,13;0,04;0;0,056666667;0,066583281;1,101377584;-0,250313087;-0,851064496;1,351690671;0,600751409
SP RG CS;0,11;0;0,41;0,173333333;0,212210587;-0,298445682;-0,816798707;1,115244389;0,518353026;1,932043096
DI VM NC;0,06;0,14;0;0,066666667;0,070237692;-0,0949158;1,044073795;-0,949157996;1,138989595;1,993231791
PP NC NP;0,11;0,04;0,21;0,12;0,085440037;-0,117041147;-0,936329178;1,053370325;0,81928803;1,989699502
PP SP RG;0,08;0,11;0;0,063333333;0,056862407;0,293105191;0,820694534;-1,113799725;0,527589344;1,93449426
VM PP DI;0,11;0,07;0;0,06;0,055677644;0,89802651;0,179605302;-1,077631812;0,718421208;1,257237114
VS CS SP;0,08;0,11;0;0,063333333;0,056862407;0,293105191;0,820694534;-1,113799725;0,527589344;1,93449426
AP VM SP;0,08;0,11;0;0,063333333;0,056862407;0,293105191;0,820694534;-1,113799725;0,527589344;1,93449426
AQ NP AP;0,06;0,14;0;0,066666667;0,070237692;-0,0949158;1,044073795;-0,949157996;1,138989595;1,993231791
AQ NP DP;0,06;0,14;0;0,066666667;0,070237692;-0,0949158;1,044073795;-0,949157996;1,138989595;1,993231791
NC SP Z;0,08;0,07;0,21;0,12;0,078102497;-0,51214752;-0,6401844;1,152331919;0,12803688;1,792516319
DI DA AQ;0,08;0,11;0;0,063333333;0,056862407;0,293105191;0,820694534;-1,113799725;0,527589344;1,93449426
P0 SP NC;0,08;0,11;0;0,063333333;0,056862407;0,293105191;0,820694534;-1,113799725;0,527589344;1,93449426
NP CC PR;0,08;0,11;0;0,063333333;0,056862407;0,293105191;0,820694534;-1,113799725;0,527589344;1,93449426
RG VS NC;0,11;0,04;0,21;0,12;0,085440037;-0,117041147;-0,936329178;1,053370325;0,81928803;1,989699502
RG VS SP;0,06;0,11;0,21;0,126666667;0,076376262;-0,872871561;-0,21821789;1,091089451;0,654653671;1,309307341
RG VS RG;0,06;0,07;0,41;0,18;0,199248588;-0,602262736;-0,552074175;1,15433691;0,050188561;1,706411085
RG CS NC;0,03;0,17;0;0,066666667;0,090737717;-0,404095097;1,138813455;-0,734718358;1,542908553;1,873531814
SP PP DD;0,08;0,04;0,41;0,176666667;0,203059925;-0,476049947;-0,673036131;1,149086078;0,196986185;1,822122209
VM P0 CC;0,08;0,07;0,21;0,12;0,078102497;-0,51214752;-0,6401844;1,152331919;0,12803688;1,792516319
NP SP VM;0,08;0,07;0,21;0,12;0,078102497;-0,51214752;-0,6401844;1,152331919;0,12803688;1,792516319
I NC VM;0,13;0;0,21;0,113333333;0,105987421;0,157251366;-1,069309288;0,912057922;1,226560654;1,981367211
PI P0 VM;0,08;0,11;0;0,063333333;0,056862407;0,293105191;0,820694534;-1,113799725;0,527589344;1,93449426
VM NP NC;0,08;0,11;0;0,063333333;0,056862407;0,293105191;0,820694534;-1,113799725;0,527589344;1,93449426
RG NC DA;0,06;0,14;0;0,066666667;0,070237692;-0,0949158;1,044073795;-0,949157996;1,138989595;1,993231791
PP PP NC;0,11;0,07;0;0,06;0,055677644;0,89802651;0,179605302;-1,077631812;0,718421208;1,257237114
NP VS SP;0,08;0,11;0;0,063333333;0,056862407;0,293105191;0,820694534;-1,113799725;0,527589344;1,93449426
AQ CS P0;0,06;0,14;0;0,066666667;0,070237692;-0,0949158;1,044073795;-0,949157996;1,138989595;1,993231791
VM RG DD;0,03;0,17;0;0,066666667;0,090737717;-0,404095097;1,138813455;-0,734718358;1,542908553;1,873531814
RN RG VM;0,08;0,04;0,41;0,176666667;0,203059925;-0,476049947;-0,673036131;1,149086078;0,196986185;1,822122209
AQ NC DD;0,11;0,07;0;0,06;0,055677644;0,89802651;0,179605302;-1,077631812;0,718421208;1,257237114
CC PP NP;0,13;0,04;0;0,056666667;0,066583281;1,101377584;-0,250313087;-0,851064496;1,351690671;0,600751409
VS AQ RG;0,08;0,11;0;0,063333333;0,056862407;0,293105191;0,820694534;-1,113799725;0,527589344;1,93449426
VM NC PI;0,06;0,14;0;0,066666667;0,070237692;-0,0949158;1,044073795;-0,949157996;1,138989595;1,993231791
NC NP DP;0,11;0,07;0;0,06;0,055677644;0,89802651;0,179605302;-1,077631812;0,718421208;1,257237114
CC DP NP;0,06;0,11;0,21;0,126666667;0,076376262;-0,872871561;-0,21821789;1,091089451;0,654653671;1,309307341
DA NP AP;0,03;0,17;0;0,066666667;0,090737717;-0,404095097;1,138813455;-0,734718358;1,542908553;1,873531814
CC CC SP;0,11;0,07;0;0,06;0,055677644;0,89802651;0,179605302;-1,077631812;0,718421208;1,257237114
PD PP VM;0,06;0,14;0;0,066666667;0,070237692;-0,0949158;1,044073795;-0,949157996;1,138989595;1,993231791
DA VM AQ;0,08;0,11;0;0,063333333;0,056862407;0,293105191;0,820694534;-1,113799725;0,527589344;1,93449426
VM CS CC;0,08;0,04;0,41;0,176666667;0,203059925;-0,476049947;-0,673036131;1,149086078;0,196986185;1,822122209
VM CS AQ;0,08;0,11;0;0,063333333;0,056862407;0,293105191;0,820694534;-1,113799725;0,527589344;1,93449426
VM CS DD;0,08;0,11;0;0,063333333;0,056862407;0,293105191;0,820694534;-1,113799725;0,527589344;1,93449426
CC CC DA;0,06;0,11;0,21;0,126666667;0,076376262;-0,872871561;-0,21821789;1,091089451;0,654653671;1,309307341
DA VM RG;0,06;0,07;0,41;0,18;0,199248588;-0,602262736;-0,552074175;1,15433691;0,050188561;1,706411085
NC VM PT;0,08;0,11;0;0,063333333;0,056862407;0,293105191;0,820694534;-1,113799725;0,527589344;1,93449426
DA PI CC;0,08;0;0,62;0,233333333;0,33724373;-0,454666224;-0,691883385;1,146549609;0,237217161;1,838432994
SP NC PI;0,08;0,11;0;0,063333333;0,056862407;0,293105191;0,820694534;-1,113799725;0,527589344;1,93449426
CC CS AQ;0;0,11;0,62;0,243333333;0,330807094;-0,735574714;-0,403054638;1,138629351;0,332520076;1,541683989
Z NC CC;0,08;0,07;0,21;0,12;0,078102497;-0,51214752;-0,6401844;1,152331919;0,12803688;1,792516319
PR VS VM;0,13;0;0,21;0,113333333;0,105987421;0,157251366;-1,069309288;0,912057922;1,226560654;1,981367211
VA VM RG;0,11;0,04;0,21;0,12;0,085440037;-0,117041147;-0,936329178;1,053370325;0,81928803;1,989699502
SP VS AQ;0,13;0;0,21;0,113333333;0,105987421;0,157251366;-1,069309288;0,912057922;1,226560654;1,981367211
DP AQ RG;0,06;0,11;0,21;0,126666667;0,076376262;-0,872871561;-0,21821789;1,091089451;0,654653671;1,309307341
PP RG CS;0,13;0,04;0;0,056666667;0,066583281;1,101377584;-0,250313087;-0,851064496;1,351690671;0,600751409
PP RG DA;0,11;0,07;0;0,06;0,055677644;0,89802651;0,179605302;-1,077631812;0,718421208;1,257237114
DP NP RG;0,11;0,07;0;0,06;0,055677644;0,89802651;0,179605302;-1,077631812;0,718421208;1,257237114
PR VS DA;0,08;0,11;0;0,063333333;0,056862407;0,293105191;0,820694534;-1,113799725;0,527589344;1,93449426
DP AQ AQ;0,08;0,11;0;0,063333333;0,056862407;0,293105191;0,820694534;-1,113799725;0,527589344;1,93449426
AQ PP NC;0,11;0,07;0;0,06;0,055677644;0,89802651;0,179605302;-1,077631812;0,718421208;1,257237114
RG PP SP;0,08;0,07;0,21;0,12;0,078102497;-0,51214752;-0,6401844;1,152331919;0,12803688;1,792516319
I I NC;0,13;0,04;0;0,056666667;0,066583281;1,101377584;-0,250313087;-0,851064496;1,351690671;0,600751409
CS PR VM;0,08;0,07;0,21;0,12;0,078102497;-0,51214752;-0,6401844;1,152331919;0,12803688;1,792516319
PR NP AQ;0,06;0,14;0;0,066666667;0,070237692;-0,0949158;1,044073795;-0,949157996;1,138989595;1,993231791
PP CS CS;0,11;0,07;0;0,06;0,055677644;0,89802651;0,179605302;-1,077631812;0,718421208;1,257237114
PP CS RN;0,06;0,14;0;0,066666667;0,070237692;-0,0949158;1,044073795;-0,949157996;1,138989595;1,993231791
PP VS SP;0,08;0,11;0;0,063333333;0,056862407;0,293105191;0,820694534;-1,113799725;0,527589344;1,93449426
NC DP VM;0,06;0,07;0,41;0,18;0,199248588;-0,602262736;-0,552074175;1,15433691;0,050188561;1,706411085
CC CS VS;0,03;0,17;0;0,066666667;0,090737717;-0,404095097;1,138813455;-0,734718358;1,542908553;1,873531814
VS NC RG;0,13;0;0,21;0,113333333;0,105987421;0,157251366;-1,069309288;0,912057922;1,226560654;1,981367211
NC SP PI;0,08;0,11;0;0,063333333;0,056862407;0,293105191;0,820694534;-1,113799725;0,527589344;1,93449426
AP SP DP;0,11;0,07;0;0,06;0,055677644;0,89802651;0,179605302;-1,077631812;0,718421208;1,257237114
PT P0 VM;0,11;0,07;0;0,06;0,055677644;0,89802651;0,179605302;-1,077631812;0,718421208;1,257237114
PI SP PP;0,11;0,07;0;0,06;0,055677644;0,89802651;0,179605302;-1,077631812;0,718421208;1,257237114
AP CC DA;0,06;0,14;0;0,066666667;0,070237692;-0,0949158;1,044073795;-0,949157996;1,138989595;1,993231791
CS CS DP;0,11;0,07;0;0,06;0,055677644;0,89802651;0,179605302;-1,077631812;0,718421208;1,257237114
VM PP RN;0,16;0;0;0,053333333;0,092376043;1,154700538;-0,577350269;-0,577350269;1,732050808;0
NC NC PP;0,06;0,14;0;0,066666667;0,070237692;-0,0949158;1,044073795;-0,949157996;1,138989595;1,993231791
DA RG PP;0,06;0,14;0;0,066666667;0,070237692;-0,0949158;1,044073795;-0,949157996;1,138989595;1,993231791
PT VM DD;0,11;0,07;0;0,06;0,055677644;0,89802651;0,179605302;-1,077631812;0,718421208;1,257237114
PP NP DA;0,03;0,17;0;0,066666667;0,090737717;-0,404095097;1,138813455;-0,734718358;1,542908553;1,873531814
PP VM PI;0,06;0,14;0;0,066666667;0,070237692;-0,0949158;1,044073795;-0,949157996;1,138989595;1,993231791
PT VM CC;0,11;0,07;0;0,06;0,055677644;0,89802651;0,179605302;-1,077631812;0,718421208;1,257237114
CC PI VM;0,13;0,04;0;0,056666667;0,066583281;1,101377584;-0,250313087;-0,851064496;1,351690671;0,600751409
PI CC DI;0,06;0,11;0,21;0,126666667;0,076376262;-0,872871561;-0,21821789;1,091089451;0,654653671;1,309307341
NC CS DI;0,08;0,07;0,21;0,12;0,078102497;-0,51214752;-0,6401844;1,152331919;0,12803688;1,792516319
SP PI CC;0,03;0,14;0,21;0,126666667;0,090737717;-1,06534162;0,146943672;0,918397948;1,212285291;0,771454276
RG RG DP;0,13;0;0,21;0,113333333;0,105987421;0,157251366;-1,069309288;0,912057922;1,226560654;1,981367211
VS SP DD;0,03;0,17;0;0,066666667;0,090737717;-0,404095097;1,138813455;-0,734718358;1,542908553;1,873531814
VS SP DI;0,06;0,14;0;0,066666667;0,070237692;-0,0949158;1,044073795;-0,949157996;1,138989595;1,993231791
RN VS DA;0,13;0;0,21;0,113333333;0,105987421;0,157251366;-1,069309288;0,912057922;1,226560654;1,981367211
VS SP AQ;0,11;0,07;0;0,06;0,055677644;0,89802651;0,179605302;-1,077631812;0,718421208;1,257237114
PT VM RG;0,06;0,14;0;0,066666667;0,070237692;-0,0949158;1,044073795;-0,949157996;1,138989595;1,993231791
RN NC SP;0,13;0,04;0;0,056666667;0,066583281;1,101377584;-0,250313087;-0,851064496;1,351690671;0,600751409
SP DD VM;0,11;0,07;0;0,06;0,055677644;0,89802651;0,179605302;-1,077631812;0,718421208;1,257237114
NC VM I;0,08;0,07;0,21;0,12;0,078102497;-0,51214752;-0,6401844;1,152331919;0,12803688;1,792516319
SP AQ AQ;0,11;0,07;0;0,06;0,055677644;0,89802651;0,179605302;-1,077631812;0,718421208;1,257237114
RG RG PP;0,06;0,14;0;0,066666667;0,070237692;-0,0949158;1,044073795;-0,949157996;1,138989595;1,993231791
RG RG P0;0,11;0,07;0;0,06;0,055677644;0,89802651;0,179605302;-1,077631812;0,718421208;1,257237114
DA NC I;0,08;0,11;0;0,063333333;0,056862407;0,293105191;0,820694534;-1,113799725;0,527589344;1,93449426
VS DP AQ;0,08;0,11;0;0,063333333;0,056862407;0,293105191;0,820694534;-1,113799725;0,527589344;1,93449426
SP DA DI;0,08;0,07;0,21;0,12;0,078102497;-0,51214752;-0,6401844;1,152331919;0,12803688;1,792516319
PR VM PR;0,11;0,04;0,21;0,12;0,085440037;-0,117041147;-0,936329178;1,053370325;0,81928803;1,989699502
AQ NC PI;0,13;0;0;0,043333333;0,075055535;1,154700538;-0,577350269;-0,577350269;1,732050808;0
DT NC AQ;0,03;0,14;0;0,056666667;0,073711148;-0,361772505;1,130539079;-0,768766574;1,492311584;1,899305653
NP VM DI;0,06;0,07;0,21;0,113333333;0,083864971;-0,635942907;-0,516703612;1,152646519;0,119239295;1,66935013
AQ NC VA;0,06;0,11;0;0,056666667;0,055075705;0,060522753;0,968364052;-1,028886806;0,907841299;1,997250858
VS NP SP;0,13;0;0;0,043333333;0,075055535;1,154700538;-0,577350269;-0,577350269;1,732050808;0
SP AQ VM;0,11;0,04;0;0,05;0,055677644;1,077631812;-0,179605302;-0,89802651;1,257237114;0,718421208
RG PI VM;0,11;0,04;0;0,05;0,055677644;1,077631812;-0,179605302;-0,89802651;1,257237114;0,718421208
RN SP DA;0,06;0,07;0,21;0,113333333;0,083864971;-0,635942907;-0,516703612;1,152646519;0,119239295;1,66935013
VM Z NC;0,13;0;0;0,043333333;0,075055535;1,154700538;-0,577350269;-0,577350269;1,732050808;0
VS AQ DP;0,06;0,07;0,21;0,113333333;0,083864971;-0,635942907;-0,516703612;1,152646519;0,119239295;1,66935013
CS DA AP;0,06;0,11;0;0,056666667;0,055075705;0,060522753;0,968364052;-1,028886806;0,907841299;1,997250858
AP CS SP;0,06;0,11;0;0,056666667;0,055075705;0,060522753;0,968364052;-1,028886806;0,907841299;1,997250858
CC Z NC;0,03;0,14;0;0,056666667;0,073711148;-0,361772505;1,130539079;-0,768766574;1,492311584;1,899305653
RG AQ RN;0,11;0,04;0;0,05;0,055677644;1,077631812;-0,179605302;-0,89802651;1,257237114;0,718421208
VS VM RG;0,06;0,11;0;0,056666667;0,055075705;0,060522753;0,968364052;-1,028886806;0,907841299;1,997250858
PP DP AQ;0,11;0,04;0;0,05;0,055677644;1,077631812;-0,179605302;-0,89802651;1,257237114;0,718421208
PP CC PP;0,13;0;0;0,043333333;0,075055535;1,154700538;-0,577350269;-0,577350269;1,732050808;0
PP CC RN;0,11;0,04;0;0,05;0,055677644;1,077631812;-0,179605302;-0,89802651;1,257237114;0,718421208
RG DA VM;0,03;0,14;0;0,056666667;0,073711148;-0,361772505;1,130539079;-0,768766574;1,492311584;1,899305653
SP RG DI;0,06;0,04;0,41;0,17;0,20808652;-0,528626264;-0,624740131;1,153366395;0,096113866;1,778106526
DI VM CC;0,08;0,07;0;0,05;0,043588989;0,688247202;0,458831468;-1,147078669;0,229415734;1,605910137
CS P0 PP;0,08;0,07;0;0,05;0,043588989;0,688247202;0,458831468;-1,147078669;0,229415734;1,605910137
AP AQ CC;0,08;0,07;0;0,05;0,043588989;0,688247202;0,458831468;-1,147078669;0,229415734;1,605910137
RG VM DD;0,08;0,07;0;0,05;0,043588989;0,688247202;0,458831468;-1,147078669;0,229415734;1,605910137
PP VS NC;0,11;0,04;0;0,05;0,055677644;1,077631812;-0,179605302;-0,89802651;1,257237114;0,718421208
PP NC PR;0,08;0,07;0;0,05;0,043588989;0,688247202;0,458831468;-1,147078669;0,229415734;1,605910137
CC RG VS;0,06;0,11;0;0,056666667;0,055075705;0,060522753;0,968364052;-1,028886806;0,907841299;1,997250858
DA RN VM;0,06;0,07;0,21;0,113333333;0,083864971;-0,635942907;-0,516703612;1,152646519;0,119239295;1,66935013
VM VM VS;0,08;0,07;0;0,05;0,043588989;0,688247202;0,458831468;-1,147078669;0,229415734;1,605910137
AQ PP SP;0,11;0,04;0;0,05;0,055677644;1,077631812;-0,179605302;-0,89802651;1,257237114;0,718421208
CS RG VS;0,11;0;0,21;0,106666667;0,105039675;0,031734041;-1,015489306;0,983755265;1,047223346;1,99924457
PD PR PP;0,08;0,07;0;0,05;0,043588989;0,688247202;0,458831468;-1,147078669;0,229415734;1,605910137
RG CS RN;0,08;0,07;0;0,05;0,043588989;0,688247202;0,458831468;-1,147078669;0,229415734;1,605910137
PI RG AQ;0,08;0,04;0,21;0,11;0,088881944;-0,33752637;-0,787561531;1,125087901;0,45003516;1,912649432
RG CS RG;0,06;0,11;0;0,056666667;0,055075705;0,060522753;0,968364052;-1,028886806;0,907841299;1,997250858
NP PR DA;0,08;0,07;0;0,05;0,043588989;0,688247202;0,458831468;-1,147078669;0,229415734;1,605910137
PD SP DP;0,08;0,07;0;0,05;0,043588989;0,688247202;0,458831468;-1,147078669;0,229415734;1,605910137
NP CC RN;0,06;0,11;0;0,056666667;0,055075705;0,060522753;0,968364052;-1,028886806;0,907841299;1,997250858
AQ CS VS;0,08;0,07;0;0,05;0,043588989;0,688247202;0,458831468;-1,147078669;0,229415734;1,605910137
VM VM PT;0,08;0,04;0,21;0,11;0,088881944;-0,33752637;-0,787561531;1,125087901;0,45003516;1,912649432
NP NC DA;0,06;0,11;0;0,056666667;0,055075705;0,060522753;0,968364052;-1,028886806;0,907841299;1,997250858
DA NC PI;0,06;0,11;0;0,056666667;0,055075705;0,060522753;0,968364052;-1,028886806;0,907841299;1,997250858
AQ SP Z;0,08;0,07;0;0,05;0,043588989;0,688247202;0,458831468;-1,147078669;0,229415734;1,605910137
AQ CS NC;0,06;0,11;0;0,056666667;0,055075705;0,060522753;0,968364052;-1,028886806;0,907841299;1,997250858
DE NC VM;0,08;0,07;0;0,05;0,043588989;0,688247202;0,458831468;-1,147078669;0,229415734;1,605910137
NC VA VM;0,11;0,04;0;0,05;0,055677644;1,077631812;-0,179605302;-0,89802651;1,257237114;0,718421208
NP PR RG;0,03;0,14;0;0,056666667;0,073711148;-0,361772505;1,130539079;-0,768766574;1,492311584;1,899305653
VS RG DA;0,11;0,04;0;0,05;0,055677644;1,077631812;-0,179605302;-0,89802651;1,257237114;0,718421208
DA AO NP;0;0,14;0,21;0,116666667;0,106926766;-1,091089451;0,21821789;0,872871561;1,309307341;0,654653671
AQ CS DI;0,11;0,04;0;0,05;0,055677644;1,077631812;-0,179605302;-0,89802651;1,257237114;0,718421208
AQ SP CS;0,06;0,11;0;0,056666667;0,055075705;0,060522753;0,968364052;-1,028886806;0,907841299;1,997250858
VM RG DI;0,06;0,11;0;0,056666667;0,055075705;0,060522753;0,968364052;-1,028886806;0,907841299;1,997250858
AQ RN P0;0,08;0;0,41;0,163333333;0,217332311;-0,383437387;-0,751537278;1,134974665;0,368099891;1,886511943
P0 SP DD;0,08;0,07;0;0,05;0,043588989;0,688247202;0,458831468;-1,147078669;0,229415734;1,605910137
RG VS CS;0,06;0,11;0;0,056666667;0,055075705;0,060522753;0,968364052;-1,028886806;0,907841299;1,997250858
AQ NC DI;0,06;0,11;0;0,056666667;0,055075705;0,060522753;0,968364052;-1,028886806;0,907841299;1,997250858
CS PP AQ;0,08;0,07;0;0,05;0,043588989;0,688247202;0,458831468;-1,147078669;0,229415734;1,605910137
VM DA RN;0,03;0,07;0,41;0,17;0,20880613;-0,6704784;-0,478913143;1,149391542;0,191565257;1,628304685
VS DA RG;0,11;0,04;0;0,05;0,055677644;1,077631812;-0,179605302;-0,89802651;1,257237114;0,718421208
RG NC PI;0,06;0,11;0;0,056666667;0,055075705;0,060522753;0,968364052;-1,028886806;0,907841299;1,997250858
RG NC PR;0,11;0,04;0;0,05;0,055677644;1,077631812;-0,179605302;-0,89802651;1,257237114;0,718421208
CC PP RG;0,08;0,07;0;0,05;0,043588989;0,688247202;0,458831468;-1,147078669;0,229415734;1,605910137
RG NC RG;0,08;0,07;0;0,05;0,043588989;0,688247202;0,458831468;-1,147078669;0,229415734;1,605910137
VS DA NP;0,08;0,04;0,21;0,11;0,088881944;-0,33752637;-0,787561531;1,125087901;0,45003516;1,912649432
DP NP CS;0,08;0,04;0,21;0,11;0,088881944;-0,33752637;-0,787561531;1,125087901;0,45003516;1,912649432
AQ RG RN;0,13;0;0;0,043333333;0,075055535;1,154700538;-0,577350269;-0,577350269;1,732050808;0
VM NC P0;0,03;0,14;0;0,056666667;0,073711148;-0,361772505;1,130539079;-0,768766574;1,492311584;1,899305653
CC PR DA;0,08;0,07;0;0,05;0,043588989;0,688247202;0,458831468;-1,147078669;0,229415734;1,605910137
PP AQ CS;0,03;0,07;0,41;0,17;0,20880613;-0,6704784;-0,478913143;1,149391542;0,191565257;1,628304685
NC PT PP;0,03;0,11;0,21;0,116666667;0,090184995;-0,960987652;-0,073922127;1,034909779;0,887065525;1,108831906
CC DP VM;0,06;0,11;0;0,056666667;0,055075705;0,060522753;0,968364052;-1,028886806;0,907841299;1,997250858
DP NP DP;0,08;0,07;0;0,05;0,043588989;0,688247202;0,458831468;-1,147078669;0,229415734;1,605910137
DA NP NP;0;0,14;0,21;0,116666667;0,106926766;-1,091089451;0,21821789;0,872871561;1,309307341;0,654653671
PP RG AQ;0,06;0,07;0,21;0,113333333;0,083864971;-0,635942907;-0,516703612;1,152646519;0,119239295;1,66935013
VM PR AQ;0,06;0,07;0,21;0,113333333;0,083864971;-0,635942907;-0,516703612;1,152646519;0,119239295;1,66935013
NP VA VM;0,11;0;0,21;0,106666667;0,105039675;0,031734041;-1,015489306;0,983755265;1,047223346;1,99924457
NC NP RG;0,08;0,07;0;0,05;0,043588989;0,688247202;0,458831468;-1,147078669;0,229415734;1,605910137
PR SP DI;0,11;0,04;0;0,05;0,055677644;1,077631812;-0,179605302;-0,89802651;1,257237114;0,718421208
VM PR NP;0;0,17;0;0,056666667;0,098149546;-0,577350269;1,154700538;-0,577350269;1,732050808;1,732050808
SP NC PT;0,13;0;0;0,043333333;0,075055535;1,154700538;-0,577350269;-0,577350269;1,732050808;0
PP RG RG;0,08;0,07;0;0,05;0,043588989;0,688247202;0,458831468;-1,147078669;0,229415734;1,605910137
NP AP VM;0,03;0,14;0;0,056666667;0,073711148;-0,361772505;1,130539079;-0,768766574;1,492311584;1,899305653
CC VS VM;0,06;0,04;0,41;0,17;0,20808652;-0,528626264;-0,624740131;1,153366395;0,096113866;1,778106526
NP AP SP;0,11;0,04;0;0,05;0,055677644;1,077631812;-0,179605302;-0,89802651;1,257237114;0,718421208
DA AQ DP;0,08;0,07;0;0,05;0,043588989;0,688247202;0,458831468;-1,147078669;0,229415734;1,605910137
RG PP VA;0,11;0;0,21;0,106666667;0,105039675;0,031734041;-1,015489306;0,983755265;1,047223346;1,99924457
DI AQ VM;0,11;0,04;0;0,05;0,055677644;1,077631812;-0,179605302;-0,89802651;1,257237114;0,718421208
PR VS DP;0,06;0,07;0,21;0,113333333;0,083864971;-0,635942907;-0,516703612;1,152646519;0,119239295;1,66935013
CS RN SP;0,08;0,04;0,21;0,11;0,088881944;-0,33752637;-0,787561531;1,125087901;0,45003516;1,912649432
AP PP VM;0,11;0,04;0;0,05;0,055677644;1,077631812;-0,179605302;-0,89802651;1,257237114;0,718421208
CS SP PI;0,11;0,04;0;0,05;0,055677644;1,077631812;-0,179605302;-0,89802651;1,257237114;0,718421208
I RG AQ;0,11;0,04;0;0,05;0,055677644;1,077631812;-0,179605302;-0,89802651;1,257237114;0,718421208
SP PD CS;0,06;0,11;0;0,056666667;0,055075705;0,060522753;0,968364052;-1,028886806;0,907841299;1,997250858
PR NC RN;0,08;0,04;0,21;0,11;0,088881944;-0,33752637;-0,787561531;1,125087901;0,45003516;1,912649432
AP CC RG;0,08;0,07;0;0,05;0,043588989;0,688247202;0,458831468;-1,147078669;0,229415734;1,605910137
CC NP DA;0,11;0,04;0;0,05;0,055677644;1,077631812;-0,179605302;-0,89802651;1,257237114;0,718421208
NP AQ PP;0,08;0,07;0;0,05;0,043588989;0,688247202;0,458831468;-1,147078669;0,229415734;1,605910137
PP CS PP;0,08;0,07;0;0,05;0,043588989;0,688247202;0,458831468;-1,147078669;0,229415734;1,605910137
CC I RG;0,08;0;0,41;0,163333333;0,217332311;-0,383437387;-0,751537278;1,134974665;0,368099891;1,886511943
DP NC PD;0,08;0,07;0;0,05;0,043588989;0,688247202;0,458831468;-1,147078669;0,229415734;1,605910137
NC NC CS;0,06;0,07;0,21;0,113333333;0,083864971;-0,635942907;-0,516703612;1,152646519;0,119239295;1,66935013
NC NC DA;0,06;0;0,62;0,226666667;0,341955163;-0,487393333;-0,662854934;1,150248267;0,1754616;1,8131032
NC SP PD;0,06;0,11;0;0,056666667;0,055075705;0,060522753;0,968364052;-1,028886806;0,907841299;1,997250858
PI SP DP;0,06;0,07;0,21;0,113333333;0,083864971;-0,635942907;-0,516703612;1,152646519;0,119239295;1,66935013
PI SP DA;0,06;0,07;0,21;0,113333333;0,083864971;-0,635942907;-0,516703612;1,152646519;0,119239295;1,66935013
VS SP VM;0,06;0,11;0;0,056666667;0,055075705;0,060522753;0,968364052;-1,028886806;0,907841299;1,997250858
DP AO NC;0,06;0,07;0,21;0,113333333;0,083864971;-0,635942907;-0,516703612;1,152646519;0,119239295;1,66935013
P0 DA AQ;0,11;0,04;0;0,05;0,055677644;1,077631812;-0,179605302;-0,89802651;1,257237114;0,718421208
NC PD PR;0,08;0,07;0;0,05;0,043588989;0,688247202;0,458831468;-1,147078669;0,229415734;1,605910137
SP NP DP;0,08;0,07;0;0,05;0,043588989;0,688247202;0,458831468;-1,147078669;0,229415734;1,605910137
CS PD VM;0,08;0,07;0;0,05;0,043588989;0,688247202;0,458831468;-1,147078669;0,229415734;1,605910137
CS CS RN;0,08;0,07;0;0,05;0,043588989;0,688247202;0,458831468;-1,147078669;0,229415734;1,605910137
NP RG SP;0,03;0,14;0;0,056666667;0,073711148;-0,361772505;1,130539079;-0,768766574;1,492311584;1,899305653
RG RG CS;0,11;0,04;0;0,05;0,055677644;1,077631812;-0,179605302;-0,89802651;1,257237114;0,718421208
NC AQ I;0,11;0,04;0;0,05;0,055677644;1,077631812;-0,179605302;-0,89802651;1,257237114;0,718421208
VM SP PD;0,08;0,07;0;0,05;0,043588989;0,688247202;0,458831468;-1,147078669;0,229415734;1,605910137
PP NP SP;0,08;0,07;0;0,05;0,043588989;0,688247202;0,458831468;-1,147078669;0,229415734;1,605910137
RN VS DP;0,08;0,07;0;0,05;0,043588989;0,688247202;0,458831468;-1,147078669;0,229415734;1,605910137
CS NP CC;0,03;0;0,82;0,283333333;0,46500896;-0,544792369;-0,609307255;1,154099624;0,064514886;1,76340688
CC VM VS;0,06;0,07;0,21;0,113333333;0,083864971;-0,635942907;-0,516703612;1,152646519;0,119239295;1,66935013
CC I AQ;0,06;0,11;0;0,056666667;0,055075705;0,060522753;0,968364052;-1,028886806;0,907841299;1,997250858
SP PI SP;0,08;0,04;0,21;0,11;0,088881944;-0,33752637;-0,787561531;1,125087901;0,45003516;1,912649432
PR VM P0;0,08;0,07;0;0,05;0,043588989;0,688247202;0,458831468;-1,147078669;0,229415734;1,605910137
CC VM PT;0,08;0,04;0,21;0,11;0,088881944;-0,33752637;-0,787561531;1,125087901;0,45003516;1,912649432
PP DD NC;0,08;0;0,41;0,163333333;0,217332311;-0,383437387;-0,751537278;1,134974665;0,368099891;1,886511943
NC AP NP;0,03;0,11;0;0,046666667;0,056862407;-0,293105191;1,113799725;-0,820694534;1,406904916;1,93449426
SP AQ PP;0,08;0,04;0;0,04;0,04;1;0;-1;1;1
AQ VS CC;0,08;0,04;0;0,04;0,04;1;0;-1;1;1
NC PP RN;0,11;0;0;0,036666667;0,06350853;1,154700538;-0,577350269;-0,577350269;1,732050808;0
CS NP RN;0,03;0,11;0;0,046666667;0,056862407;-0,293105191;1,113799725;-0,820694534;1,406904916;1,93449426
PT VS RG;0,08;0,04;0;0,04;0,04;1;0;-1;1;1
AQ VS CS;0,08;0,04;0;0,04;0,04;1;0;-1;1;1
CS PI PR;0,06;0,07;0;0,043333333;0,037859389;0,440225453;0,704360725;-1,144586178;0,264135272;1,848946903
NP VM DD;0,08;0,04;0;0,04;0,04;1;0;-1;1;1
NC PP VA;0,08;0,04;0;0,04;0,04;1;0;-1;1;1
PT VS VM;0,08;0;0,21;0,096666667;0,105987421;-0,157251366;-0,912057922;1,069309288;0,754806556;1,981367211
P0 VM PP;0,08;0,04;0;0,04;0,04;1;0;-1;1;1
SP AQ RG;0,08;0,04;0;0,04;0,04;1;0;-1;1;1
CC DI DP;0,08;0,04;0;0,04;0,04;1;0;-1;1;1
NP CS RN;0,03;0,07;0,21;0,103333333;0,094516313;-0,775880177;-0,352672808;1,128552985;0,42320737;1,481225793
CC DT NC;0,03;0,11;0;0,046666667;0,056862407;-0,293105191;1,113799725;-0,820694534;1,406904916;1,93449426
AQ PR VS;0,08;0,04;0;0,04;0,04;1;0;-1;1;1
PD VM NC;0,03;0,11;0;0,046666667;0,056862407;-0,293105191;1,113799725;-0,820694534;1,406904916;1,93449426
NP VM NP;0,06;0,04;0,21;0,103333333;0,092915732;-0,466372402;-0,681621203;1,147993605;0,215248801;1,829614809
VM DT NC;0,03;0,11;0;0,046666667;0,056862407;-0,293105191;1,113799725;-0,820694534;1,406904916;1,93449426
CS VM P0;0,03;0,07;0,21;0,103333333;0,094516313;-0,775880177;-0,352672808;1,128552985;0,42320737;1,481225793
CS AQ CC;0,06;0,07;0;0,043333333;0,037859389;0,440225453;0,704360725;-1,144586178;0,264135272;1,848946903
CS VM PR;0,03;0,04;0,41;0,16;0,216564078;-0,600284226;-0,554108516;1,154392741;0,04617571;1,708501257
CC DA RG;0,08;0,04;0;0,04;0,04;1;0;-1;1;1
NC PP CS;0,03;0,11;0;0,046666667;0,056862407;-0,293105191;1,113799725;-0,820694534;1,406904916;1,93449426
RG DA PR;0,06;0,07;0;0,043333333;0,037859389;0,440225453;0,704360725;-1,144586178;0,264135272;1,848946903
PI VM DA;0,03;0,11;0;0,046666667;0,056862407;-0,293105191;1,113799725;-0,820694534;1,406904916;1,93449426
PI VM CS;0,08;0;0,21;0,096666667;0,105987421;-0,157251366;-0,912057922;1,069309288;0,754806556;1,981367211
NC AP VS;0,03;0,11;0;0,046666667;0,056862407;-0,293105191;1,113799725;-0,820694534;1,406904916;1,93449426
VS VM PP;0,08;0,04;0;0,04;0,04;1;0;-1;1;1
CS PI VM;0,08;0,04;0;0,04;0,04;1;0;-1;1;1
PP CC RG;0,11;0;0;0,036666667;0,06350853;1,154700538;-0,577350269;-0,577350269;1,732050808;0
DI NP AQ;0;0,11;0,21;0,106666667;0,105039675;-1,015489306;0,031734041;0,983755265;1,047223346;0,952021224
RG DA RG;0,08;0,04;0;0,04;0,04;1;0;-1;1;1
PR P0 PP;0,06;0,04;0,21;0,103333333;0,092915732;-0,466372402;-0,681621203;1,147993605;0,215248801;1,829614809
NC PP PP;0,06;0,07;0;0,043333333;0,037859389;0,440225453;0,704360725;-1,144586178;0,264135272;1,848946903
DD VM NC;0,06;0,07;0;0,043333333;0,037859389;0,440225453;0,704360725;-1,144586178;0,264135272;1,848946903
NP NP VM;0;0,14;0;0,046666667;0,080829038;-0,577350269;1,154700538;-0,577350269;1,732050808;1,732050808
PP RN VS;0,08;0,04;0;0,04;0,04;1;0;-1;1;1
RG NP AP;0,11;0;0;0,036666667;0,06350853;1,154700538;-0,577350269;-0,577350269;1,732050808;0
PT DP NC;0,06;0,04;0,21;0,103333333;0,092915732;-0,466372402;-0,681621203;1,147993605;0,215248801;1,829614809
SP RG P0;0,08;0;0,21;0,096666667;0,105987421;-0,157251366;-0,912057922;1,069309288;0,754806556;1,981367211
PT SP DA;0,11;0;0;0,036666667;0,06350853;1,154700538;-0,577350269;-0,577350269;1,732050808;0
DD NP PR;0;0,11;0,21;0,106666667;0,105039675;-1,015489306;0,031734041;0,983755265;1,047223346;0,952021224
PP RN PP;0;0,11;0,21;0,106666667;0,105039675;-1,015489306;0,031734041;0,983755265;1,047223346;0,952021224
PI CS VM;0,06;0,07;0;0,043333333;0,037859389;0,440225453;0,704360725;-1,144586178;0,264135272;1,848946903
PP NC DA;0,08;0,04;0;0,04;0,04;1;0;-1;1;1
AP VM VM;0,08;0,04;0;0,04;0,04;1;0;-1;1;1
NP VM PR;0;0,14;0;0,046666667;0,080829038;-0,577350269;1,154700538;-0,577350269;1,732050808;1,732050808
DA SP DA;0,08;0,04;0;0,04;0,04;1;0;-1;1;1
RG DD AQ;0,06;0,07;0;0,043333333;0,037859389;0,440225453;0,704360725;-1,144586178;0,264135272;1,848946903
NP VM RN;0,06;0,04;0,21;0,103333333;0,092915732;-0,466372402;-0,681621203;1,147993605;0,215248801;1,829614809
PD CS VM;0;0,14;0;0,046666667;0,080829038;-0,577350269;1,154700538;-0,577350269;1,732050808;1,732050808
NC CC PT;0,08;0;0,21;0,096666667;0,105987421;-0,157251366;-0,912057922;1,069309288;0,754806556;1,981367211
NP AQ P0;0,06;0,07;0;0,043333333;0,037859389;0,440225453;0,704360725;-1,144586178;0,264135272;1,848946903
RG VM PT;0,06;0,07;0;0,043333333;0,037859389;0,440225453;0,704360725;-1,144586178;0,264135272;1,848946903
I DP NC;0;0,14;0;0,046666667;0,080829038;-0,577350269;1,154700538;-0,577350269;1,732050808;1,732050808
PR RG RN;0,03;0,11;0;0,046666667;0,056862407;-0,293105191;1,113799725;-0,820694534;1,406904916;1,93449426
CS RG CS;0,03;0,11;0;0,046666667;0,056862407;-0,293105191;1,113799725;-0,820694534;1,406904916;1,93449426
CC RG PR;0,11;0;0;0,036666667;0,06350853;1,154700538;-0,577350269;-0,577350269;1,732050808;0
RN PP NC;0,06;0,04;0,21;0,103333333;0,092915732;-0,466372402;-0,681621203;1,147993605;0,215248801;1,829614809
PR RG VS;0,06;0,07;0;0,043333333;0,037859389;0,440225453;0,704360725;-1,144586178;0,264135272;1,848946903
PP PR PP;0,06;0,07;0;0,043333333;0,037859389;0,440225453;0,704360725;-1,144586178;0,264135272;1,848946903
PD VS NC;0,06;0,07;0;0,043333333;0,037859389;0,440225453;0,704360725;-1,144586178;0,264135272;1,848946903
PR RG SP;0,11;0;0;0,036666667;0,06350853;1,154700538;-0,577350269;-0,577350269;1,732050808;0
RG CS CS;0,06;0,07;0;0,043333333;0,037859389;0,440225453;0,704360725;-1,144586178;0,264135272;1,848946903
PD VS AQ;0,06;0,04;0,21;0,103333333;0,092915732;-0,466372402;-0,681621203;1,147993605;0,215248801;1,829614809
SP DA Z;0,06;0;0,41;0,156666667;0,221434716;-0,436547026;-0,707507249;1,144054276;0,270960223;1,851561525
NP CC CS;0,06;0,07;0;0,043333333;0,037859389;0,440225453;0,704360725;-1,144586178;0,264135272;1,848946903
AQ PP VS;0;0,14;0;0,046666667;0,080829038;-0,577350269;1,154700538;-0,577350269;1,732050808;1,732050808
NC DI SP;0,11;0;0;0,036666667;0,06350853;1,154700538;-0,577350269;-0,577350269;1,732050808;0
VM PT PP;0,11;0;0;0,036666667;0,06350853;1,154700538;-0,577350269;-0,577350269;1,732050808;0
PD PR RG;0,06;0;0,41;0,156666667;0,221434716;-0,436547026;-0,707507249;1,144054276;0,270960223;1,851561525
RG CS P0;0,03;0,11;0;0,046666667;0,056862407;-0,293105191;1,113799725;-0,820694534;1,406904916;1,93449426
SP VA VM;0,11;0;0;0,036666667;0,06350853;1,154700538;-0,577350269;-0,577350269;1,732050808;0
DA CC VM;0,06;0,04;0,21;0,103333333;0,092915732;-0,466372402;-0,681621203;1,147993605;0,215248801;1,829614809
NC RG DP;0,11;0;0;0,036666667;0,06350853;1,154700538;-0,577350269;-0,577350269;1,732050808;0
I PR VM;0,03;0,11;0;0,046666667;0,056862407;-0,293105191;1,113799725;-0,820694534;1,406904916;1,93449426
DP RG AQ;0,06;0,07;0;0,043333333;0,037859389;0,440225453;0,704360725;-1,144586178;0,264135272;1,848946903
VS DI NC;0,11;0;0;0,036666667;0,06350853;1,154700538;-0,577350269;-0,577350269;1,732050808;0
DA NC VA;0,08;0,04;0;0,04;0,04;1;0;-1;1;1
AP P0 VM;0,11;0;0;0,036666667;0,06350853;1,154700538;-0,577350269;-0,577350269;1,732050808;0
VM AQ DI;0,03;0,11;0;0,046666667;0,056862407;-0,293105191;1,113799725;-0,820694534;1,406904916;1,93449426
VM VM PI;0,03;0,11;0;0,046666667;0,056862407;-0,293105191;1,113799725;-0,820694534;1,406904916;1,93449426
NP RN PP;0,03;0,11;0;0,046666667;0,056862407;-0,293105191;1,113799725;-0,820694534;1,406904916;1,93449426
NC DI VM;0,06;0,07;0;0,043333333;0,037859389;0,440225453;0,704360725;-1,144586178;0,264135272;1,848946903
NC RG NP;0,06;0,04;0,21;0,103333333;0,092915732;-0,466372402;-0,681621203;1,147993605;0,215248801;1,829614809
VM NP PP;0,08;0,04;0;0,04;0,04;1;0;-1;1;1
PD SP PR;0,06;0,07;0;0,043333333;0,037859389;0,440225453;0,704360725;-1,144586178;0,264135272;1,848946903
VS RG NC;0,08;0,04;0;0,04;0,04;1;0;-1;1;1
VS DI DP;0,08;0,04;0;0,04;0,04;1;0;-1;1;1
RG CC RN;0,06;0,07;0;0,043333333;0,037859389;0,440225453;0,704360725;-1,144586178;0,264135272;1,848946903
RG RN VS;0,06;0,07;0;0,043333333;0,037859389;0,440225453;0,704360725;-1,144586178;0,264135272;1,848946903
SP NP I;0,11;0;0;0,036666667;0,06350853;1,154700538;-0,577350269;-0,577350269;1,732050808;0
VM P0 PP;0,08;0,04;0;0,04;0,04;1;0;-1;1;1
RG CC PP;0,03;0,11;0;0,046666667;0,056862407;-0,293105191;1,113799725;-0,820694534;1,406904916;1,93449426
VM AQ PP;0,03;0,11;0;0,046666667;0,056862407;-0,293105191;1,113799725;-0,820694534;1,406904916;1,93449426
DI NC PT;0,06;0,04;0,21;0,103333333;0,092915732;-0,466372402;-0,681621203;1,147993605;0,215248801;1,829614809
NP VS RG;0;0,14;0;0,046666667;0,080829038;-0,577350269;1,154700538;-0,577350269;1,732050808;1,732050808
DI NC NP;0,06;0,07;0;0,043333333;0,037859389;0,440225453;0,704360725;-1,144586178;0,264135272;1,848946903
PI AQ NC;0,08;0,04;0;0,04;0,04;1;0;-1;1;1
P0 SP DI;0,06;0,07;0;0,043333333;0,037859389;0,440225453;0,704360725;-1,144586178;0,264135272;1,848946903
CC PP VS;0,11;0;0;0,036666667;0,06350853;1,154700538;-0,577350269;-0,577350269;1,732050808;0
VS AQ PR;0,03;0,07;0,21;0,103333333;0,094516313;-0,775880177;-0,352672808;1,128552985;0,42320737;1,481225793
RG VS DP;0,06;0,04;0,21;0,103333333;0,092915732;-0,466372402;-0,681621203;1,147993605;0,215248801;1,829614809
RG NC VS;0,03;0,07;0,21;0,103333333;0,094516313;-0,775880177;-0,352672808;1,128552985;0,42320737;1,481225793
CS VA VM;0,11;0;0;0,036666667;0,06350853;1,154700538;-0,577350269;-0,577350269;1,732050808;0
NP VS AQ;0,03;0,07;0,21;0,103333333;0,094516313;-0,775880177;-0,352672808;1,128552985;0,42320737;1,481225793
NP CS DP;0,11;0;0;0,036666667;0,06350853;1,154700538;-0,577350269;-0,577350269;1,732050808;0
NP VS DA;0,06;0,04;0,21;0,103333333;0,092915732;-0,466372402;-0,681621203;1,147993605;0,215248801;1,829614809
NP CS PP;0,08;0;0,21;0,096666667;0,105987421;-0,157251366;-0,912057922;1,069309288;0,754806556;1,981367211
PR PP NC;0,06;0,07;0;0,043333333;0,037859389;0,440225453;0,704360725;-1,144586178;0,264135272;1,848946903
AQ RN VS;0,03;0,11;0;0,046666667;0,056862407;-0,293105191;1,113799725;-0,820694534;1,406904916;1,93449426
VS AQ RN;0,03;0,11;0;0,046666667;0,056862407;-0,293105191;1,113799725;-0,820694534;1,406904916;1,93449426
RG NC RN;0,08;0,04;0;0,04;0,04;1;0;-1;1;1
RN VM I;0,08;0,04;0;0,04;0,04;1;0;-1;1;1
CC CC RN;0,03;0,11;0;0,046666667;0,056862407;-0,293105191;1,113799725;-0,820694534;1,406904916;1,93449426
SP DP AO;0,06;0,04;0,21;0,103333333;0,092915732;-0,466372402;-0,681621203;1,147993605;0,215248801;1,829614809
RG VM I;0,08;0,04;0;0,04;0,04;1;0;-1;1;1
VM VS NP;0,11;0;0;0,036666667;0,06350853;1,154700538;-0,577350269;-0,577350269;1,732050808;0
VM DP VM;0,08;0,04;0;0,04;0,04;1;0;-1;1;1
CC SP PD;0,08;0,04;0;0,04;0,04;1;0;-1;1;1
CC SP PI;0,08;0;0,21;0,096666667;0,105987421;-0,157251366;-0,912057922;1,069309288;0,754806556;1,981367211
CC SP PT;0,08;0,04;0;0,04;0,04;1;0;-1;1;1
VM NC DD;0,11;0;0;0,036666667;0,06350853;1,154700538;-0,577350269;-0,577350269;1,732050808;0
NC PT SP;0,08;0;0,21;0,096666667;0,105987421;-0,157251366;-0,912057922;1,069309288;0,754806556;1,981367211
CC RN P0;0,03;0,11;0;0,046666667;0,056862407;-0,293105191;1,113799725;-0,820694534;1,406904916;1,93449426
PP AQ VS;0,11;0;0;0,036666667;0,06350853;1,154700538;-0,577350269;-0,577350269;1,732050808;0
AQ DI AQ;0;0,14;0;0,046666667;0,080829038;-0,577350269;1,154700538;-0,577350269;1,732050808;1,732050808
NP SP Z;0,03;0,11;0;0,046666667;0,056862407;-0,293105191;1,113799725;-0,820694534;1,406904916;1,93449426
NC NP RN;0,03;0,07;0,21;0,103333333;0,094516313;-0,775880177;-0,352672808;1,128552985;0,42320737;1,481225793
DA NP PP;0,06;0,07;0;0,043333333;0,037859389;0,440225453;0,704360725;-1,144586178;0,264135272;1,848946903
NP AP CC;0,08;0,04;0;0,04;0,04;1;0;-1;1;1
NC PI CS;0;0,14;0;0,046666667;0,080829038;-0,577350269;1,154700538;-0,577350269;1,732050808;1,732050808
VS PP DA;0,08;0,04;0;0,04;0,04;1;0;-1;1;1
SP NC PD;0,06;0,07;0;0,043333333;0,037859389;0,440225453;0,704360725;-1,144586178;0,264135272;1,848946903
I NC I;0,06;0,07;0;0,043333333;0,037859389;0,440225453;0,704360725;-1,144586178;0,264135272;1,848946903
CC PD PR;0;0,11;0,21;0,106666667;0,105039675;-1,015489306;0,031734041;0,983755265;1,047223346;0,952021224
AQ AQ CS;0,06;0,07;0;0,043333333;0,037859389;0,440225453;0,704360725;-1,144586178;0,264135272;1,848946903
CC CS P0;0,06;0,07;0;0,043333333;0,037859389;0,440225453;0,704360725;-1,144586178;0,264135272;1,848946903
DA PI VM;0,06;0,07;0;0,043333333;0,037859389;0,440225453;0,704360725;-1,144586178;0,264135272;1,848946903
CS DP VM;0,06;0,07;0;0,043333333;0,037859389;0,440225453;0,704360725;-1,144586178;0,264135272;1,848946903
DP NP RN;0,03;0,11;0;0,046666667;0,056862407;-0,293105191;1,113799725;-0,820694534;1,406904916;1,93449426
CC PR RG;0,08;0,04;0;0,04;0,04;1;0;-1;1;1
NC PT VS;0,11;0;0;0,036666667;0,06350853;1,154700538;-0,577350269;-0,577350269;1,732050808;0
PR NC VS;0,06;0;0,41;0,156666667;0,221434716;-0,436547026;-0,707507249;1,144054276;0,270960223;1,851561525
PT RG VM;0,08;0;0,21;0,096666667;0,105987421;-0,157251366;-0,912057922;1,069309288;0,754806556;1,981367211
NC DI DA;0,06;0,07;0;0,043333333;0,037859389;0,440225453;0,704360725;-1,144586178;0,264135272;1,848946903
SP VS NC;0,03;0,04;0,41;0,16;0,216564078;-0,600284226;-0,554108516;1,154392741;0,04617571;1,708501257
DI DA NP;0;0,11;0,21;0,106666667;0,105039675;-1,015489306;0,031734041;0,983755265;1,047223346;0,952021224
RG PP NC;0,03;0,11;0;0,046666667;0,056862407;-0,293105191;1,113799725;-0,820694534;1,406904916;1,93449426
NC P0 VA;0,03;0,11;0;0,046666667;0,056862407;-0,293105191;1,113799725;-0,820694534;1,406904916;1,93449426
CC NC NP;0,06;0,07;0;0,043333333;0,037859389;0,440225453;0,704360725;-1,144586178;0,264135272;1,848946903
NP I AQ;0,06;0,07;0;0,043333333;0,037859389;0,440225453;0,704360725;-1,144586178;0,264135272;1,848946903
PR NC PP;0,06;0,04;0,21;0,103333333;0,092915732;-0,466372402;-0,681621203;1,147993605;0,215248801;1,829614809
VM PD VM;0,06;0,07;0;0,043333333;0,037859389;0,440225453;0,704360725;-1,144586178;0,264135272;1,848946903
PR NC RG;0,06;0,04;0,21;0,103333333;0,092915732;-0,466372402;-0,681621203;1,147993605;0,215248801;1,829614809
NC VS AP;0,06;0,07;0;0,043333333;0,037859389;0,440225453;0,704360725;-1,144586178;0,264135272;1,848946903
AP SP NC;0,11;0;0;0,036666667;0,06350853;1,154700538;-0,577350269;-0,577350269;1,732050808;0
SP CS P0;0,06;0,07;0;0,043333333;0,037859389;0,440225453;0,704360725;-1,144586178;0,264135272;1,848946903
VS PD DP;0,03;0,11;0;0,046666667;0,056862407;-0,293105191;1,113799725;-0,820694534;1,406904916;1,93449426
CC I PR;0,03;0,11;0;0,046666667;0,056862407;-0,293105191;1,113799725;-0,820694534;1,406904916;1,93449426
AQ VM VS;0,08;0,04;0;0,04;0,04;1;0;-1;1;1
NP AQ RN;0,08;0,04;0;0,04;0,04;1;0;-1;1;1
NC VS DD;0,08;0,04;0;0,04;0,04;1;0;-1;1;1
PP CS DP;0,03;0,11;0;0,046666667;0,056862407;-0,293105191;1,113799725;-0,820694534;1,406904916;1,93449426
CC NP CS;0;0,14;0;0,046666667;0,080829038;-0,577350269;1,154700538;-0,577350269;1,732050808;1,732050808
VS PR VM;0,08;0,04;0;0,04;0,04;1;0;-1;1;1
I RG VM;0,06;0;0,41;0,156666667;0,221434716;-0,436547026;-0,707507249;1,144054276;0,270960223;1,851561525
PP VS VM;0,06;0,07;0;0,043333333;0,037859389;0,440225453;0,704360725;-1,144586178;0,264135272;1,848946903
CS NC RG;0;0,14;0;0,046666667;0,080829038;-0,577350269;1,154700538;-0,577350269;1,732050808;1,732050808
NC PR VA;0,06;0,04;0,21;0,103333333;0,092915732;-0,466372402;-0,681621203;1,147993605;0,215248801;1,829614809
DP NC PI;0,08;0,04;0;0,04;0,04;1;0;-1;1;1
PP VS RG;0,03;0,11;0;0,046666667;0,056862407;-0,293105191;1,113799725;-0,820694534;1,406904916;1,93449426
PI SP NC;0,06;0,07;0;0,043333333;0,037859389;0,440225453;0,704360725;-1,144586178;0,264135272;1,848946903
AP CC AQ;0;0,14;0;0,046666667;0,080829038;-0,577350269;1,154700538;-0,577350269;1,732050808;1,732050808
AQ PT VM;0,06;0,07;0;0,043333333;0,037859389;0,440225453;0,704360725;-1,144586178;0,264135272;1,848946903
PP CS VS;0,08;0,04;0;0,04;0,04;1;0;-1;1;1
AP SP DA;0,06;0,07;0;0,043333333;0,037859389;0,440225453;0,704360725;-1,144586178;0,264135272;1,848946903
VS NC VS;0,06;0,07;0;0,043333333;0,037859389;0,440225453;0,704360725;-1,144586178;0,264135272;1,848946903
NC CS CC;0,03;0,11;0;0,046666667;0,056862407;-0,293105191;1,113799725;-0,820694534;1,406904916;1,93449426
PT AQ NC;0,06;0,07;0;0,043333333;0,037859389;0,440225453;0,704360725;-1,144586178;0,264135272;1,848946903
Z NC P0;0,06;0,07;0;0,043333333;0,037859389;0,440225453;0,704360725;-1,144586178;0,264135272;1,848946903
NC PR CC;0,08;0,04;0;0,04;0,04;1;0;-1;1;1
CC PD SP;0;0,11;0,21;0,106666667;0,105039675;-1,015489306;0,031734041;0,983755265;1,047223346;0,952021224
NC NC VS;0,06;0,04;0,21;0,103333333;0,092915732;-0,466372402;-0,681621203;1,147993605;0,215248801;1,829614809
NP RG CS;0,06;0;0,41;0,156666667;0,221434716;-0,436547026;-0,707507249;1,144054276;0,270960223;1,851561525
VM I RG;0,06;0,04;0,21;0,103333333;0,092915732;-0,466372402;-0,681621203;1,147993605;0,215248801;1,829614809
PI CC VM;0,03;0,07;0,21;0,103333333;0,094516313;-0,775880177;-0,352672808;1,128552985;0,42320737;1,481225793
PP VM P0;0,08;0,04;0;0,04;0,04;1;0;-1;1;1
PP VM PD;0,06;0,07;0;0,043333333;0,037859389;0,440225453;0,704360725;-1,144586178;0,264135272;1,848946903
VM RN DA;0,08;0;0,21;0,096666667;0,105987421;-0,157251366;-0,912057922;1,069309288;0,754806556;1,981367211
PP VM PT;0,08;0,04;0;0,04;0,04;1;0;-1;1;1
AQ P0 PP;0,03;0,11;0;0,046666667;0,056862407;-0,293105191;1,113799725;-0,820694534;1,406904916;1,93449426
VS RN VM;0,08;0,04;0;0,04;0,04;1;0;-1;1;1
PP NP AP;0,06;0,07;0;0,043333333;0,037859389;0,440225453;0,704360725;-1,144586178;0,264135272;1,848946903
VA PR VM;0,03;0,11;0;0,046666667;0,056862407;-0,293105191;1,113799725;-0,820694534;1,406904916;1,93449426
NC CS PR;0,06;0,07;0;0,043333333;0,037859389;0,440225453;0,704360725;-1,144586178;0,264135272;1,848946903
VS NC CS;0,06;0,07;0;0,043333333;0,037859389;0,440225453;0,704360725;-1,144586178;0,264135272;1,848946903
SP PT AQ;0,08;0,04;0;0,04;0,04;1;0;-1;1;1
CS CS VS;0,11;0;0;0,036666667;0,06350853;1,154700538;-0,577350269;-0,577350269;1,732050808;0
RG RG CC;0,08;0,04;0;0,04;0,04;1;0;-1;1;1
NP RG RG;0,08;0,04;0;0,04;0,04;1;0;-1;1;1
CS NP AQ;0,03;0,11;0;0,046666667;0,056862407;-0,293105191;1,113799725;-0,820694534;1,406904916;1,93449426
NC VS PR;0,06;0,07;0;0,043333333;0,037859389;0,440225453;0,704360725;-1,144586178;0,264135272;1,848946903
NC VS PD;0,08;0,04;0;0,04;0,04;1;0;-1;1;1
CC NP PP;0,08;0,04;0;0,04;0,04;1;0;-1;1;1
SP NP VS;0,08;0;0,21;0,096666667;0,105987421;-0,157251366;-0,912057922;1,069309288;0,754806556;1,981367211
PR NP PP;0,08;0,04;0;0,04;0,04;1;0;-1;1;1
DT NC PP;0,08;0,04;0;0,04;0,04;1;0;-1;1;1
SP PI PP;0,08;0,04;0;0,04;0,04;1;0;-1;1;1
RG RG RN;0,03;0,11;0;0,046666667;0,056862407;-0,293105191;1,113799725;-0,820694534;1,406904916;1,93449426
SP PT SP;0,08;0,04;0;0,04;0,04;1;0;-1;1;1
DT NC SP;0,06;0,07;0;0,043333333;0,037859389;0,440225453;0,704360725;-1,144586178;0,264135272;1,848946903
PT VM PP;0,03;0,11;0;0,046666667;0,056862407;-0,293105191;1,113799725;-0,820694534;1,406904916;1,93449426
DA AP CC;0,03;0,07;0;0,033333333;0,035118846;-0,0949158;1,044073795;-0,949157996;1,138989595;1,993231791
NC AP NC;0,03;0,07;0;0,033333333;0,035118846;-0,0949158;1,044073795;-0,949157996;1,138989595;1,993231791
AQ NC PD;0,06;0,04;0;0,033333333;0,030550505;0,872871561;0,21821789;-1,091089451;0,654653671;1,309307341
NC AP P0;0,08;0;0;0,026666667;0,046188022;1,154700538;-0,577350269;-0,577350269;1,732050808;0
CC RG P0;0,06;0,04;0;0,033333333;0,030550505;0,872871561;0,21821789;-1,091089451;0,654653671;1,309307341
PI VM VS;0,06;0;0,21;0,09;0,108166538;-0,277350098;-0,832050294;1,109400392;0,554700196;1,941450687
PR RG NP;0,03;0,04;0,21;0,093333333;0,101159939;-0,626071286;-0,527217925;1,153289211;0,098853361;1,680507136
P0 VM PD;0,08;0;0;0,026666667;0,046188022;1,154700538;-0,577350269;-0,577350269;1,732050808;0
VM DI VM;0,06;0,04;0;0,033333333;0,030550505;0,872871561;0,21821789;-1,091089451;0,654653671;1,309307341
PR DI NC;0,08;0;0;0,026666667;0,046188022;1,154700538;-0,577350269;-0,577350269;1,732050808;0
CS DD AQ;0;0,11;0;0,036666667;0,06350853;-0,577350269;1,154700538;-0,577350269;1,732050808;1,732050808
VS DA AO;0,03;0,07;0;0,033333333;0,035118846;-0,0949158;1,044073795;-0,949157996;1,138989595;1,993231791
RG PT VM;0,08;0;0;0,026666667;0,046188022;1,154700538;-0,577350269;-0,577350269;1,732050808;0
PI VM NP;0,08;0;0;0,026666667;0,046188022;1,154700538;-0,577350269;-0,577350269;1,732050808;0
PR RG CS;0,08;0;0;0,026666667;0,046188022;1,154700538;-0,577350269;-0,577350269;1,732050808;0
VM DI NP;0;0,11;0;0,036666667;0,06350853;-0,577350269;1,154700538;-0,577350269;1,732050808;1,732050808
PR RG CC;0;0,11;0;0,036666667;0,06350853;-0,577350269;1,154700538;-0,577350269;1,732050808;1,732050808
RN SP DP;0;0,11;0;0,036666667;0,06350853;-0,577350269;1,154700538;-0,577350269;1,732050808;1,732050808
AQ CC VS;0,06;0,04;0;0,033333333;0,030550505;0,872871561;0,21821789;-1,091089451;0,654653671;1,309307341
I PP NC;0,06;0;0,21;0,09;0,108166538;-0,277350098;-0,832050294;1,109400392;0,554700196;1,941450687
AQ VS RN;0,06;0,04;0;0,033333333;0,030550505;0,872871561;0,21821789;-1,091089451;0,654653671;1,309307341
DA AP SP;0,06;0,04;0;0,033333333;0,030550505;0,872871561;0,21821789;-1,091089451;0,654653671;1,309307341
VS DD DA;0;0,11;0;0,036666667;0,06350853;-0,577350269;1,154700538;-0,577350269;1,732050808;1,732050808
CS AQ CS;0,06;0;0,21;0,09;0,108166538;-0,277350098;-0,832050294;1,109400392;0,554700196;1,941450687
VS VM VM;0,03;0,04;0,21;0,093333333;0,101159939;-0,626071286;-0,527217925;1,153289211;0,098853361;1,680507136
PD VM DA;0,06;0,04;0;0,033333333;0,030550505;0,872871561;0,21821789;-1,091089451;0,654653671;1,309307341
PR AQ NP;0,03;0,07;0;0,033333333;0,035118846;-0,0949158;1,044073795;-0,949157996;1,138989595;1,993231791
AQ DP NP;0,08;0;0;0,026666667;0,046188022;1,154700538;-0,577350269;-0,577350269;1,732050808;0
AQ VS NC;0,03;0;0,41;0,146666667;0,22854613;-0,510473167;-0,641737696;1,152210864;0,131264529;1,79394856
RG I AQ;0,03;0,07;0;0,033333333;0,035118846;-0,0949158;1,044073795;-0,949157996;1,138989595;1,993231791
AP CS PP;0,03;0,07;0;0,033333333;0,035118846;-0,0949158;1,044073795;-0,949157996;1,138989595;1,993231791
VS VM PR;0,06;0,04;0;0,033333333;0,030550505;0,872871561;0,21821789;-1,091089451;0,654653671;1,309307341
VS VM PT;0;0,07;0,21;0,093333333;0,106926766;-0,872871561;-0,21821789;1,091089451;0,654653671;1,309307341
VM RG PI;0,06;0,04;0;0,033333333;0,030550505;0,872871561;0,21821789;-1,091089451;0,654653671;1,309307341
VS NP AQ;0,03;0,04;0,21;0,093333333;0,101159939;-0,626071286;-0,527217925;1,153289211;0,098853361;1,680507136
RG P0 PP;0,06;0,04;0;0,033333333;0,030550505;0,872871561;0,21821789;-1,091089451;0,654653671;1,309307341
AP CS VM;0,03;0,07;0;0,033333333;0,035118846;-0,0949158;1,044073795;-0,949157996;1,138989595;1,993231791
DD NP AQ;0,06;0,04;0;0,033333333;0,030550505;0,872871561;0,21821789;-1,091089451;0,654653671;1,309307341
NC PP NP;0,06;0,04;0;0,033333333;0,030550505;0,872871561;0,21821789;-1,091089451;0,654653671;1,309307341
SP RG DP;0,03;0,04;0,21;0,093333333;0,101159939;-0,626071286;-0,527217925;1,153289211;0,098853361;1,680507136
CS DA RG;0,03;0,07;0;0,033333333;0,035118846;-0,0949158;1,044073795;-0,949157996;1,138989595;1,993231791
NP NP SP;0,06;0,04;0;0,033333333;0,030550505;0,872871561;0,21821789;-1,091089451;0,654653671;1,309307341
CS AQ VS;0,03;0,07;0;0,033333333;0,035118846;-0,0949158;1,044073795;-0,949157996;1,138989595;1,993231791
AQ PD SP;0;0,11;0;0,036666667;0,06350853;-0,577350269;1,154700538;-0,577350269;1,732050808;1,732050808
PT SP RG;0,06;0;0,21;0,09;0,108166538;-0,277350098;-0,832050294;1,109400392;0,554700196;1,941450687
CS AQ PP;0;0,11;0;0,036666667;0,06350853;-0,577350269;1,154700538;-0,577350269;1,732050808;1,732050808
VS VM DP;0,08;0;0;0,026666667;0,046188022;1,154700538;-0,577350269;-0,577350269;1,732050808;0
SP RG RN;0,06;0,04;0;0,033333333;0,030550505;0,872871561;0,21821789;-1,091089451;0,654653671;1,309307341
PT VS AQ;0,03;0,07;0;0,033333333;0,035118846;-0,0949158;1,044073795;-0,949157996;1,138989595;1,993231791
VS CS PP;0,06;0;0,21;0,09;0,108166538;-0,277350098;-0,832050294;1,109400392;0,554700196;1,941450687
DA SP DP;0,08;0;0;0,026666667;0,046188022;1,154700538;-0,577350269;-0,577350269;1,732050808;0
PD PR SP;0,03;0,04;0,21;0,093333333;0,101159939;-0,626071286;-0,527217925;1,153289211;0,098853361;1,680507136
NC CC PD;0,06;0,04;0;0,033333333;0,030550505;0,872871561;0,21821789;-1,091089451;0,654653671;1,309307341
PT VS CS;0,08;0;0;0,026666667;0,046188022;1,154700538;-0,577350269;-0,577350269;1,732050808;0
PD CS SP;0,06;0,04;0;0,033333333;0,030550505;0,872871561;0,21821789;-1,091089451;0,654653671;1,309307341
PP NC RG;0,08;0;0;0,026666667;0,046188022;1,154700538;-0,577350269;-0,577350269;1,732050808;0
I NC AP;0,08;0;0;0,026666667;0,046188022;1,154700538;-0,577350269;-0,577350269;1,732050808;0
PP VS CS;0,08;0;0;0,026666667;0,046188022;1,154700538;-0,577350269;-0,577350269;1,732050808;0
CC RG PI;0,08;0;0;0,026666667;0,046188022;1,154700538;-0,577350269;-0,577350269;1,732050808;0
VS PD SP;0,08;0;0;0,026666667;0,046188022;1,154700538;-0,577350269;-0,577350269;1,732050808;0
PP NC VS;0,08;0;0;0,026666667;0,046188022;1,154700538;-0,577350269;-0,577350269;1,732050808;0
PP I AQ;0,03;0,04;0,21;0,093333333;0,101159939;-0,626071286;-0,527217925;1,153289211;0,098853361;1,680507136
VS CS VS;0,08;0;0;0,026666667;0,046188022;1,154700538;-0,577350269;-0,577350269;1,732050808;0
VM VA VM;0,03;0,07;0;0,033333333;0,035118846;-0,0949158;1,044073795;-0,949157996;1,138989595;1,993231791
NP I NC;0,06;0,04;0;0,033333333;0,030550505;0,872871561;0,21821789;-1,091089451;0,654653671;1,309307341
AQ PP PR;0,06;0,04;0;0,033333333;0,030550505;0,872871561;0,21821789;-1,091089451;0,654653671;1,309307341
PD VS DP;0,03;0,07;0;0,033333333;0,035118846;-0,0949158;1,044073795;-0,949157996;1,138989595;1,993231791
DA DP NC;0,06;0,04;0;0,033333333;0,030550505;0,872871561;0,21821789;-1,091089451;0,654653671;1,309307341
PI RG VM;0,03;0,07;0;0,033333333;0,035118846;-0,0949158;1,044073795;-0,949157996;1,138989595;1,993231791
VM PI RG;0,08;0;0;0,026666667;0,046188022;1,154700538;-0,577350269;-0,577350269;1,732050808;0
I NC RG;0,03;0,07;0;0,033333333;0,035118846;-0,0949158;1,044073795;-0,949157996;1,138989595;1,993231791
CC PP DA;0,06;0,04;0;0,033333333;0,030550505;0,872871561;0,21821789;-1,091089451;0,654653671;1,309307341
CC PP DP;0,06;0;0,21;0,09;0,108166538;-0,277350098;-0,832050294;1,109400392;0,554700196;1,941450687
VM PT VS;0,08;0;0;0,026666667;0,046188022;1,154700538;-0,577350269;-0,577350269;1,732050808;0
I NC NP;0,03;0,04;0,21;0,093333333;0,101159939;-0,626071286;-0,527217925;1,153289211;0,098853361;1,680507136
VM P0 AQ;0,06;0;0,21;0,09;0,108166538;-0,277350098;-0,832050294;1,109400392;0,554700196;1,941450687
I AQ SP;0;0,11;0;0,036666667;0,06350853;-0,577350269;1,154700538;-0,577350269;1,732050808;1,732050808
NP PR AQ;0,03;0,07;0;0,033333333;0,035118846;-0,0949158;1,044073795;-0,949157996;1,138989595;1,993231791
AP AQ RG;0,06;0,04;0;0,033333333;0,030550505;0,872871561;0,21821789;-1,091089451;0,654653671;1,309307341
VS RG SP;0,03;0,07;0;0,033333333;0,035118846;-0,0949158;1,044073795;-0,949157996;1,138989595;1,993231791
VM AQ DD;0,08;0;0;0,026666667;0,046188022;1,154700538;-0,577350269;-0,577350269;1,732050808;0
CC VA VM;0,06;0;0,21;0,09;0,108166538;-0,277350098;-0,832050294;1,109400392;0,554700196;1,941450687
VM PI CS;0,06;0,04;0;0,033333333;0,030550505;0,872871561;0,21821789;-1,091089451;0,654653671;1,309307341
DI NC AP;0,08;0;0;0,026666667;0,046188022;1,154700538;-0,577350269;-0,577350269;1,732050808;0
NP SP PD;0,08;0;0;0,026666667;0,046188022;1,154700538;-0,577350269;-0,577350269;1,732050808;0
DA PR DP;0,03;0,07;0;0,033333333;0,035118846;-0,0949158;1,044073795;-0,949157996;1,138989595;1,993231791
VM PT DA;0,03;0,07;0;0,033333333;0,035118846;-0,0949158;1,044073795;-0,949157996;1,138989595;1,993231791
I CS DI;0,06;0,04;0;0,033333333;0,030550505;0,872871561;0,21821789;-1,091089451;0,654653671;1,309307341
I AQ I;0,06;0,04;0;0,033333333;0,030550505;0,872871561;0,21821789;-1,091089451;0,654653671;1,309307341
NC RG PR;0,08;0;0;0,026666667;0,046188022;1,154700538;-0,577350269;-0,577350269;1,732050808;0
AQ I NC;0,06;0;0,21;0,09;0,108166538;-0,277350098;-0,832050294;1,109400392;0,554700196;1,941450687
RG CC PR;0,03;0,07;0;0,033333333;0,035118846;-0,0949158;1,044073795;-0,949157996;1,138989595;1,993231791
VM DA PP;0,08;0;0;0,026666667;0,046188022;1,154700538;-0,577350269;-0,577350269;1,732050808;0
DE NC SP;0;0,11;0;0,036666667;0,06350853;-0,577350269;1,154700538;-0,577350269;1,732050808;1,732050808
AO NC VM;0,03;0,07;0;0,033333333;0,035118846;-0,0949158;1,044073795;-0,949157996;1,138989595;1,993231791
VM P0 NC;0,06;0,04;0;0,033333333;0,030550505;0,872871561;0,21821789;-1,091089451;0,654653671;1,309307341
I CS PP;0,06;0;0,21;0,09;0,108166538;-0,277350098;-0,832050294;1,109400392;0,554700196;1,941450687
VM DA CS;0,06;0;0,21;0,09;0,108166538;-0,277350098;-0,832050294;1,109400392;0,554700196;1,941450687
NP NC RG;0;0,11;0;0,036666667;0,06350853;-0,577350269;1,154700538;-0,577350269;1,732050808;1,732050808
VM DA AP;0,06;0,04;0;0,033333333;0,030550505;0,872871561;0,21821789;-1,091089451;0,654653671;1,309307341
RG RN P0;0,03;0,07;0;0,033333333;0,035118846;-0,0949158;1,044073795;-0,949157996;1,138989595;1,993231791
RG SP PI;0;0,07;0,21;0,093333333;0,106926766;-0,872871561;-0,21821789;1,091089451;0,654653671;1,309307341
I CS VM;0,08;0;0;0,026666667;0,046188022;1,154700538;-0,577350269;-0,577350269;1,732050808;0
RG RN RG;0,03;0;0,41;0,146666667;0,22854613;-0,510473167;-0,641737696;1,152210864;0,131264529;1,79394856
VM P0 DP;0;0,11;0;0,036666667;0,06350853;-0,577350269;1,154700538;-0,577350269;1,732050808;1,732050808
PI DA PR;0,03;0,07;0;0,033333333;0,035118846;-0,0949158;1,044073795;-0,949157996;1,138989595;1,993231791
AP RG VM;0,03;0,07;0;0,033333333;0,035118846;-0,0949158;1,044073795;-0,949157996;1,138989595;1,993231791
AQ RN PP;0,03;0,07;0;0,033333333;0,035118846;-0,0949158;1,044073795;-0,949157996;1,138989595;1,993231791
RN RG SP;0,03;0,07;0;0,033333333;0,035118846;-0,0949158;1,044073795;-0,949157996;1,138989595;1,993231791
NC AP DP;0,06;0,04;0;0,033333333;0,030550505;0,872871561;0,21821789;-1,091089451;0,654653671;1,309307341
RG PR VS;0,08;0;0;0,026666667;0,046188022;1,154700538;-0,577350269;-0,577350269;1,732050808;0
AQ SP PD;0,06;0,04;0;0,033333333;0,030550505;0,872871561;0,21821789;-1,091089451;0,654653671;1,309307341
NP CS AQ;0,03;0,04;0,21;0,093333333;0,101159939;-0,626071286;-0,527217925;1,153289211;0,098853361;1,680507136
PI AQ CS;0,06;0,04;0;0,033333333;0,030550505;0,872871561;0,21821789;-1,091089451;0,654653671;1,309307341
AQ PR AQ;0,03;0,07;0;0,033333333;0,035118846;-0,0949158;1,044073795;-0,949157996;1,138989595;1,993231791
CC PP PT;0,03;0,07;0;0,033333333;0,035118846;-0,0949158;1,044073795;-0,949157996;1,138989595;1,993231791
AQ PR DP;0,06;0;0,21;0,09;0,108166538;-0,277350098;-0,832050294;1,109400392;0,554700196;1,941450687
PR PP PP;0,08;0;0;0,026666667;0,046188022;1,154700538;-0,577350269;-0,577350269;1,732050808;0
CC PP RN;0,03;0,07;0;0,033333333;0,035118846;-0,0949158;1,044073795;-0,949157996;1,138989595;1,993231791
RG PR NC;0,03;0,07;0;0,033333333;0,035118846;-0,0949158;1,044073795;-0,949157996;1,138989595;1,993231791
I NP AP;0,08;0;0;0,026666667;0,046188022;1,154700538;-0,577350269;-0,577350269;1,732050808;0
SP Z AQ;0,06;0,04;0;0,033333333;0,030550505;0,872871561;0,21821789;-1,091089451;0,654653671;1,309307341
RN RG AQ;0,03;0,07;0;0,033333333;0,035118846;-0,0949158;1,044073795;-0,949157996;1,138989595;1,993231791
DP VM RG;0;0,07;0,21;0,093333333;0,106926766;-0,872871561;-0,21821789;1,091089451;0,654653671;1,309307341
PR DP NP;0,06;0,04;0;0,033333333;0,030550505;0,872871561;0,21821789;-1,091089451;0,654653671;1,309307341
PP AQ AQ;0,03;0,04;0,21;0,093333333;0,101159939;-0,626071286;-0,527217925;1,153289211;0,098853361;1,680507136
DA VM CS;0,03;0,04;0,21;0,093333333;0,101159939;-0,626071286;-0,527217925;1,153289211;0,098853361;1,680507136
PP AQ DA;0,03;0,07;0;0,033333333;0,035118846;-0,0949158;1,044073795;-0,949157996;1,138989595;1,993231791
DP VM SP;0,08;0;0;0,026666667;0,046188022;1,154700538;-0,577350269;-0,577350269;1,732050808;0
PR RN NC;0,08;0;0;0,026666667;0,046188022;1,154700538;-0,577350269;-0,577350269;1,732050808;0
CC RN NC;0,03;0,07;0;0,033333333;0,035118846;-0,0949158;1,044073795;-0,949157996;1,138989595;1,993231791
NC PI P0;0,03;0,07;0;0,033333333;0,035118846;-0,0949158;1,044073795;-0,949157996;1,138989595;1,993231791
PP PT VM;0,03;0,07;0;0,033333333;0,035118846;-0,0949158;1,044073795;-0,949157996;1,138989595;1,993231791
PP AQ PP;0,06;0,04;0;0,033333333;0,030550505;0,872871561;0,21821789;-1,091089451;0,654653671;1,309307341
PP AQ PR;0,03;0,07;0;0,033333333;0,035118846;-0,0949158;1,044073795;-0,949157996;1,138989595;1,993231791
NC DD PR;0;0,07;0,21;0,093333333;0,106926766;-0,872871561;-0,21821789;1,091089451;0,654653671;1,309307341
NC I NC;0,03;0,07;0;0,033333333;0,035118846;-0,0949158;1,044073795;-0,949157996;1,138989595;1,993231791
RN AQ NC;0,06;0,04;0;0,033333333;0,030550505;0,872871561;0,21821789;-1,091089451;0,654653671;1,309307341
PP DA PR;0,08;0;0;0,026666667;0,046188022;1,154700538;-0,577350269;-0,577350269;1,732050808;0
VM PR DP;0,06;0,04;0;0,033333333;0,030550505;0,872871561;0,21821789;-1,091089451;0,654653671;1,309307341
CC SP CS;0,06;0,04;0;0,033333333;0,030550505;0,872871561;0,21821789;-1,091089451;0,654653671;1,309307341
PP DA NP;0,03;0,04;0,21;0,093333333;0,101159939;-0,626071286;-0,527217925;1,153289211;0,098853361;1,680507136
CC SP DT;0,06;0,04;0;0,033333333;0,030550505;0,872871561;0,21821789;-1,091089451;0,654653671;1,309307341
I PT VS;0,06;0,04;0;0,033333333;0,030550505;0,872871561;0,21821789;-1,091089451;0,654653671;1,309307341
AQ AQ RG;0,06;0,04;0;0,033333333;0,030550505;0,872871561;0,21821789;-1,091089451;0,654653671;1,309307341
CC RN AQ;0,06;0,04;0;0,033333333;0,030550505;0,872871561;0,21821789;-1,091089451;0,654653671;1,309307341
NP PP AQ;0,06;0,04;0;0,033333333;0,030550505;0,872871561;0,21821789;-1,091089451;0,654653671;1,309307341
AQ AQ VS;0,06;0,04;0;0,033333333;0,030550505;0,872871561;0,21821789;-1,091089451;0,654653671;1,309307341
PP RG PR;0,03;0,07;0;0,033333333;0,035118846;-0,0949158;1,044073795;-0,949157996;1,138989595;1,993231791
VS AP CS;0,03;0,07;0;0,033333333;0,035118846;-0,0949158;1,044073795;-0,949157996;1,138989595;1,993231791
SP VS CS;0,06;0,04;0;0,033333333;0,030550505;0,872871561;0,21821789;-1,091089451;0,654653671;1,309307341
Z NC DP;0,03;0,07;0;0,033333333;0,035118846;-0,0949158;1,044073795;-0,949157996;1,138989595;1,993231791
Z NC CS;0,06;0,04;0;0,033333333;0,030550505;0,872871561;0,21821789;-1,091089451;0,654653671;1,309307341
P0 VM I;0,06;0,04;0;0,033333333;0,030550505;0,872871561;0,21821789;-1,091089451;0,654653671;1,309307341
CC CS PR;0,03;0,07;0;0,033333333;0,035118846;-0,0949158;1,044073795;-0,949157996;1,138989595;1,993231791
RN DA AQ;0,03;0,04;0,21;0,093333333;0,101159939;-0,626071286;-0,527217925;1,153289211;0,098853361;1,680507136
NC AQ DD;0,03;0,07;0;0,033333333;0,035118846;-0,0949158;1,044073795;-0,949157996;1,138989595;1,993231791
VA VM NP;0,03;0,04;0,21;0,093333333;0,101159939;-0,626071286;-0,527217925;1,153289211;0,098853361;1,680507136
DA AQ DA;0,08;0;0;0,026666667;0,046188022;1,154700538;-0,577350269;-0,577350269;1,732050808;0
CC AO NC;0,03;0,07;0;0,033333333;0,035118846;-0,0949158;1,044073795;-0,949157996;1,138989595;1,993231791
DP AQ SP;0,06;0,04;0;0,033333333;0,030550505;0,872871561;0,21821789;-1,091089451;0,654653671;1,309307341
VA VM PR;0,06;0,04;0;0,033333333;0,030550505;0,872871561;0,21821789;-1,091089451;0,654653671;1,309307341
DA PI SP;0,03;0,04;0,21;0,093333333;0,101159939;-0,626071286;-0,527217925;1,153289211;0,098853361;1,680507136
PT RG AQ;0,08;0;0;0,026666667;0,046188022;1,154700538;-0,577350269;-0,577350269;1,732050808;0
RG PP VS;0,08;0;0;0,026666667;0,046188022;1,154700538;-0,577350269;-0,577350269;1,732050808;0
CS PR DA;0,03;0,07;0;0,033333333;0,035118846;-0,0949158;1,044073795;-0,949157996;1,138989595;1,993231791
VM VM I;0,08;0;0;0,026666667;0,046188022;1,154700538;-0,577350269;-0,577350269;1,732050808;0
DP NP PP;0,06;0,04;0;0,033333333;0,030550505;0,872871561;0,21821789;-1,091089451;0,654653671;1,309307341
SP VS SP;0,06;0,04;0;0,033333333;0,030550505;0,872871561;0,21821789;-1,091089451;0,654653671;1,309307341
CS NC DA;0,06;0,04;0;0,033333333;0,030550505;0,872871561;0,21821789;-1,091089451;0,654653671;1,309307341
CC PR VS;0;0,11;0;0,036666667;0,06350853;-0,577350269;1,154700538;-0,577350269;1,732050808;1,732050808
CS NC CS;0,06;0,04;0;0,033333333;0,030550505;0,872871561;0,21821789;-1,091089451;0,654653671;1,309307341
NC DI CS;0,06;0,04;0;0,033333333;0,030550505;0,872871561;0,21821789;-1,091089451;0,654653671;1,309307341
CS CC RG;0,03;0,07;0;0,033333333;0,035118846;-0,0949158;1,044073795;-0,949157996;1,138989595;1,993231791
RN VM P0;0,03;0,07;0;0,033333333;0,035118846;-0,0949158;1,044073795;-0,949157996;1,138989595;1,993231791
RN VM PD;0;0,11;0;0,036666667;0,06350853;-0,577350269;1,154700538;-0,577350269;1,732050808;1,732050808
RN VM PI;0,06;0,04;0;0,033333333;0,030550505;0,872871561;0,21821789;-1,091089451;0,654653671;1,309307341
NC DI CC;0,03;0,07;0;0,033333333;0,035118846;-0,0949158;1,044073795;-0,949157996;1,138989595;1,993231791
RN VM PT;0,03;0,04;0,21;0,093333333;0,101159939;-0,626071286;-0,527217925;1,153289211;0,098853361;1,680507136
CS CC PP;0,03;0,07;0;0,033333333;0,035118846;-0,0949158;1,044073795;-0,949157996;1,138989595;1,993231791
SP PD NP;0,06;0,04;0;0,033333333;0,030550505;0,872871561;0,21821789;-1,091089451;0,654653671;1,309307341
VM PD PR;0,06;0;0,21;0,09;0,108166538;-0,277350098;-0,832050294;1,109400392;0,554700196;1,941450687
SP PR VS;0,06;0,04;0;0,033333333;0,030550505;0,872871561;0,21821789;-1,091089451;0,654653671;1,309307341
VM PD PP;0,06;0,04;0;0,033333333;0,030550505;0,872871561;0,21821789;-1,091089451;0,654653671;1,309307341
SP PP I;0,06;0,04;0;0,033333333;0,030550505;0,872871561;0,21821789;-1,091089451;0,654653671;1,309307341
VA VM CC;0,06;0,04;0;0,033333333;0,030550505;0,872871561;0,21821789;-1,091089451;0,654653671;1,309307341
SP AO NC;0,03;0,07;0;0,033333333;0,035118846;-0,0949158;1,044073795;-0,949157996;1,138989595;1,993231791
PR NC NP;0,03;0,07;0;0,033333333;0,035118846;-0,0949158;1,044073795;-0,949157996;1,138989595;1,993231791
VA VM DI;0,06;0,04;0;0,033333333;0,030550505;0,872871561;0,21821789;-1,091089451;0,654653671;1,309307341
VA VM CS;0,06;0,04;0;0,033333333;0,030550505;0,872871561;0,21821789;-1,091089451;0,654653671;1,309307341
VM PD SP;0,03;0,07;0;0,033333333;0,035118846;-0,0949158;1,044073795;-0,949157996;1,138989595;1,993231791
SP VS RG;0,06;0,04;0;0,033333333;0,030550505;0,872871561;0,21821789;-1,091089451;0,654653671;1,309307341
CC PR P0;0,08;0;0;0,026666667;0,046188022;1,154700538;-0,577350269;-0,577350269;1,732050808;0
VM PD VS;0,03;0,07;0;0,033333333;0,035118846;-0,0949158;1,044073795;-0,949157996;1,138989595;1,993231791
NC DA RG;0,03;0,07;0;0,033333333;0,035118846;-0,0949158;1,044073795;-0,949157996;1,138989595;1,993231791
NC NC NP;0,06;0,04;0;0,033333333;0,030550505;0,872871561;0,21821789;-1,091089451;0,654653671;1,309307341
AP SP PR;0,08;0;0;0,026666667;0,046188022;1,154700538;-0,577350269;-0,577350269;1,732050808;0
SP CS RG;0,03;0,07;0;0,033333333;0,035118846;-0,0949158;1,044073795;-0,949157996;1,138989595;1,993231791
SP CS PP;0,08;0;0;0,026666667;0,046188022;1,154700538;-0,577350269;-0,577350269;1,732050808;0
NP DA VM;0,08;0;0;0,026666667;0,046188022;1,154700538;-0,577350269;-0,577350269;1,732050808;0
CC I PT;0,03;0,07;0;0,033333333;0,035118846;-0,0949158;1,044073795;-0,949157996;1,138989595;1,993231791
SP CS VS;0,08;0;0;0,026666667;0,046188022;1,154700538;-0,577350269;-0,577350269;1,732050808;0
NP P0 VA;0,08;0;0;0,026666667;0,046188022;1,154700538;-0,577350269;-0,577350269;1,732050808;0
CS NC VS;0,03;0,04;0,21;0,093333333;0,101159939;-0,626071286;-0,527217925;1,153289211;0,098853361;1,680507136
NP DI AQ;0,08;0;0;0,026666667;0,046188022;1,154700538;-0,577350269;-0,577350269;1,732050808;0
AP CC NC;0,06;0,04;0;0,033333333;0,030550505;0,872871561;0,21821789;-1,091089451;0,654653671;1,309307341
CC NP DP;0,03;0,04;0,21;0,093333333;0,101159939;-0,626071286;-0,527217925;1,153289211;0,098853361;1,680507136
CS PR RN;0,08;0;0;0,026666667;0,046188022;1,154700538;-0,577350269;-0,577350269;1,732050808;0
CS NC PR;0,06;0;0,21;0,09;0,108166538;-0,277350098;-0,832050294;1,109400392;0,554700196;1,941450687
PP CS RG;0,06;0,04;0;0,033333333;0,030550505;0,872871561;0,21821789;-1,091089451;0,654653671;1,309307341
P0 RG SP;0,06;0;0,21;0,09;0,108166538;-0,277350098;-0,832050294;1,109400392;0,554700196;1,941450687
NC NC DP;0,03;0,07;0;0,033333333;0,035118846;-0,0949158;1,044073795;-0,949157996;1,138989595;1,993231791
AQ AP CC;0;0,11;0;0,036666667;0,06350853;-0,577350269;1,154700538;-0,577350269;1,732050808;1,732050808
CS PR NC;0,03;0,07;0;0,033333333;0,035118846;-0,0949158;1,044073795;-0,949157996;1,138989595;1,993231791
DD AQ CS;0,03;0,07;0;0,033333333;0,035118846;-0,0949158;1,044073795;-0,949157996;1,138989595;1,993231791
SP PD SP;0,06;0,04;0;0,033333333;0,030550505;0,872871561;0,21821789;-1,091089451;0,654653671;1,309307341
DD AQ AQ;0,06;0,04;0;0,033333333;0,030550505;0,872871561;0,21821789;-1,091089451;0,654653671;1,309307341
PR CS VM;0,06;0,04;0;0,033333333;0,030550505;0,872871561;0,21821789;-1,091089451;0,654653671;1,309307341
NC AO CC;0,03;0,07;0;0,033333333;0,035118846;-0,0949158;1,044073795;-0,949157996;1,138989595;1,993231791
NP RG NC;0,03;0,07;0;0,033333333;0,035118846;-0,0949158;1,044073795;-0,949157996;1,138989595;1,993231791
PI CC PI;0,06;0;0,21;0,09;0,108166538;-0,277350098;-0,832050294;1,109400392;0,554700196;1,941450687
NC RN VA;0,08;0;0;0,026666667;0,046188022;1,154700538;-0,577350269;-0,577350269;1,732050808;0
NC SP SP;0,06;0,04;0;0,033333333;0,030550505;0,872871561;0,21821789;-1,091089451;0,654653671;1,309307341
PI SP DI;0,06;0,04;0;0,033333333;0,030550505;0,872871561;0,21821789;-1,091089451;0,654653671;1,309307341
DA RG RG;0,03;0,07;0;0,033333333;0,035118846;-0,0949158;1,044073795;-0,949157996;1,138989595;1,993231791
CS CS DI;0,08;0;0;0,026666667;0,046188022;1,154700538;-0,577350269;-0,577350269;1,732050808;0
VS NC NC;0,06;0;0,21;0,09;0,108166538;-0,277350098;-0,832050294;1,109400392;0,554700196;1,941450687
AP CC DP;0,06;0,04;0;0,033333333;0,030550505;0,872871561;0,21821789;-1,091089451;0,654653671;1,309307341
PT VM DI;0,06;0,04;0;0,033333333;0,030550505;0,872871561;0,21821789;-1,091089451;0,654653671;1,309307341
NC CS PI;0,03;0,07;0;0,033333333;0,035118846;-0,0949158;1,044073795;-0,949157996;1,138989595;1,993231791
CC AQ DI;0;0,11;0;0,036666667;0,06350853;-0,577350269;1,154700538;-0,577350269;1,732050808;1,732050808
NC CS PD;0,03;0,07;0;0,033333333;0,035118846;-0,0949158;1,044073795;-0,949157996;1,138989595;1,993231791
VS CC RG;0,08;0;0;0,026666667;0,046188022;1,154700538;-0,577350269;-0,577350269;1,732050808;0
VM CC DD;0,06;0,04;0;0,033333333;0,030550505;0,872871561;0,21821789;-1,091089451;0,654653671;1,309307341
SP PT P0;0,03;0,07;0;0,033333333;0,035118846;-0,0949158;1,044073795;-0,949157996;1,138989595;1,993231791
VS NC DP;0,06;0,04;0;0,033333333;0,030550505;0,872871561;0,21821789;-1,091089451;0,654653671;1,309307341
CS PD VS;0,03;0,07;0;0,033333333;0,035118846;-0,0949158;1,044073795;-0,949157996;1,138989595;1,993231791
AP PR VM;0,08;0;0;0,026666667;0,046188022;1,154700538;-0,577350269;-0,577350269;1,732050808;0
SP NP RN;0,03;0,07;0;0,033333333;0,035118846;-0,0949158;1,044073795;-0,949157996;1,138989595;1,993231791
NC CS DD;0,03;0,04;0,21;0,093333333;0,101159939;-0,626071286;-0,527217925;1,153289211;0,098853361;1,680507136
PR DA AP;0,03;0,07;0;0,033333333;0,035118846;-0,0949158;1,044073795;-0,949157996;1,138989595;1,993231791
DD PR SP;0,03;0,07;0;0,033333333;0,035118846;-0,0949158;1,044073795;-0,949157996;1,138989595;1,993231791
SP NP P0;0,06;0;0,21;0,09;0,108166538;-0,277350098;-0,832050294;1,109400392;0,554700196;1,941450687
SP PT DA;0,03;0,04;0,21;0,093333333;0,101159939;-0,626071286;-0,527217925;1,153289211;0,098853361;1,680507136
SP VM RN;0,06;0,04;0;0,033333333;0,030550505;0,872871561;0,21821789;-1,091089451;0,654653671;1,309307341
DP Z NC;0,06;0,04;0;0,033333333;0,030550505;0,872871561;0,21821789;-1,091089451;0,654653671;1,309307341
DD PR VM;0,03;0,07;0;0,033333333;0,035118846;-0,0949158;1,044073795;-0,949157996;1,138989595;1,993231791
AQ RG CS;0,08;0;0;0,026666667;0,046188022;1,154700538;-0,577350269;-0,577350269;1,732050808;0
PP PI PP;0,08;0;0;0,026666667;0,046188022;1,154700538;-0,577350269;-0,577350269;1,732050808;0
VM CC PD;0,06;0,04;0;0,033333333;0,030550505;0,872871561;0,21821789;-1,091089451;0,654653671;1,309307341
VM CC PT;0,08;0;0;0,026666667;0,046188022;1,154700538;-0,577350269;-0,577350269;1,732050808;0
VM CC PI;0,03;0,07;0;0,033333333;0,035118846;-0,0949158;1,044073795;-0,949157996;1,138989595;1,993231791
CC PT PP;0,06;0,04;0;0,033333333;0,030550505;0,872871561;0,21821789;-1,091089451;0,654653671;1,309307341
DT NC RG;0;0,11;0;0,036666667;0,06350853;-0,577350269;1,154700538;-0,577350269;1,732050808;1,732050808
CC NP RG;0,08;0;0;0,026666667;0,046188022;1,154700538;-0,577350269;-0,577350269;1,732050808;0
CC PI RG;0,08;0;0;0,026666667;0,046188022;1,154700538;-0,577350269;-0,577350269;1,732050808;0
CC DD AQ;0,06;0,04;0;0,033333333;0,030550505;0,872871561;0,21821789;-1,091089451;0,654653671;1,309307341
RN NC RG;0,06;0,04;0;0,033333333;0,030550505;0,872871561;0,21821789;-1,091089451;0,654653671;1,309307341
NC VM Z;0,08;0;0;0,026666667;0,046188022;1,154700538;-0,577350269;-0,577350269;1,732050808;0
PP NP VM;0,08;0;0;0,026666667;0,046188022;1,154700538;-0,577350269;-0,577350269;1,732050808;0
VM CC Z;0,06;0,04;0;0,033333333;0,030550505;0,872871561;0,21821789;-1,091089451;0,654653671;1,309307341
SP PI RG;0,06;0;0,21;0,09;0,108166538;-0,277350098;-0,832050294;1,109400392;0,554700196;1,941450687
PT VM PT;0,06;0,04;0;0,033333333;0,030550505;0,872871561;0,21821789;-1,091089451;0,654653671;1,309307341
PT VM NP;0,06;0,04;0;0,033333333;0,030550505;0,872871561;0,21821789;-1,091089451;0,654653671;1,309307341
AQ RG NP;0,03;0,07;0;0,033333333;0,035118846;-0,0949158;1,044073795;-0,949157996;1,138989595;1,993231791
SP DA DP;0,06;0,04;0;0,033333333;0,030550505;0,872871561;0,21821789;-1,091089451;0,654653671;1,309307341
RG RG VA;0,06;0,04;0;0,033333333;0,030550505;0,872871561;0,21821789;-1,091089451;0,654653671;1,309307341
PD VM RG;0,06;0;0;0,02;0,034641016;1,154700538;-0,577350269;-0,577350269;1,732050808;0
VS DD SP;0,03;0,04;0;0,023333333;0,02081666;0,320256308;0,800640769;-1,120897077;0,480384461;1,921537846
RN SP PD;0;0,04;0,21;0,083333333;0,111504858;-0,747351594;-0,388622829;1,135974424;0,358728765;1,524597253
PI VM RG;0,03;0,04;0;0,023333333;0,02081666;0,320256308;0,800640769;-1,120897077;0,480384461;1,921537846
NP VM AP;0;0,07;0;0,023333333;0,040414519;-0,577350269;1,154700538;-0,577350269;1,732050808;1,732050808
VM DI RG;0,06;0;0;0,02;0,034641016;1,154700538;-0,577350269;-0,577350269;1,732050808;0
NC AP PT;0,06;0;0;0,02;0,034641016;1,154700538;-0,577350269;-0,577350269;1,732050808;0
CS PI PP;0,03;0,04;0;0,023333333;0,02081666;0,320256308;0,800640769;-1,120897077;0,480384461;1,921537846
VM DI SP;0,03;0,04;0;0,023333333;0,02081666;0,320256308;0,800640769;-1,120897077;0,480384461;1,921537846
NP CS VS;0;0,04;0,21;0,083333333;0,111504858;-0,747351594;-0,388622829;1,135974424;0,358728765;1,524597253
VS DD RG;0,06;0;0;0,02;0,034641016;1,154700538;-0,577350269;-0,577350269;1,732050808;0
RG AQ DD;0,03;0,04;0;0,023333333;0,02081666;0,320256308;0,800640769;-1,120897077;0,480384461;1,921537846
PD VM VM;0,06;0;0;0,02;0,034641016;1,154700538;-0,577350269;-0,577350269;1,732050808;0
AQ PR NP;0,03;0,04;0;0,023333333;0,02081666;0,320256308;0,800640769;-1,120897077;0,480384461;1,921537846
VS DD PR;0,03;0,04;0;0,023333333;0,02081666;0,320256308;0,800640769;-1,120897077;0,480384461;1,921537846
CS NP PR;0,03;0,04;0;0,023333333;0,02081666;0,320256308;0,800640769;-1,120897077;0,480384461;1,921537846
NP PD VM;0;0,04;0,21;0,083333333;0,111504858;-0,747351594;-0,388622829;1,135974424;0,358728765;1,524597253
PR VM Z;0,03;0,04;0;0,023333333;0,02081666;0,320256308;0,800640769;-1,120897077;0,480384461;1,921537846
I PP PP;0,03;0,04;0;0,023333333;0,02081666;0,320256308;0,800640769;-1,120897077;0,480384461;1,921537846
SP DA RN;0,06;0;0;0,02;0,034641016;1,154700538;-0,577350269;-0,577350269;1,732050808;0
RG PI VS;0,06;0;0;0,02;0,034641016;1,154700538;-0,577350269;-0,577350269;1,732050808;0
VM DI PP;0,06;0;0;0,02;0,034641016;1,154700538;-0,577350269;-0,577350269;1,732050808;0
NC I I;0,03;0;0,21;0,08;0,113578167;-0,440225453;-0,704360725;1,144586178;0,264135272;1,848946903
PD VM NP;0,06;0;0;0,02;0,034641016;1,154700538;-0,577350269;-0,577350269;1,732050808;0
PI VM NC;0,03;0,04;0;0,023333333;0,02081666;0,320256308;0,800640769;-1,120897077;0,480384461;1,921537846
VS PI SP;0,06;0;0;0,02;0,034641016;1,154700538;-0,577350269;-0,577350269;1,732050808;0
DD Z NC;0,03;0,04;0;0,023333333;0,02081666;0,320256308;0,800640769;-1,120897077;0,480384461;1,921537846
VS AQ DD;0,03;0,04;0;0,023333333;0,02081666;0,320256308;0,800640769;-1,120897077;0,480384461;1,921537846
SP DA VS;0,03;0,04;0;0,023333333;0,02081666;0,320256308;0,800640769;-1,120897077;0,480384461;1,921537846
PR RG DI;0;0,07;0;0,023333333;0,040414519;-0,577350269;1,154700538;-0,577350269;1,732050808;1,732050808
CC DA PI;0,03;0,04;0;0,023333333;0,02081666;0,320256308;0,800640769;-1,120897077;0,480384461;1,921537846
NC PP AQ;0,06;0;0;0,02;0,034641016;1,154700538;-0,577350269;-0,577350269;1,732050808;0
CS AQ DP;0,03;0,04;0;0,023333333;0,02081666;0,320256308;0,800640769;-1,120897077;0,480384461;1,921537846
RG AQ PI;0,06;0;0;0,02;0,034641016;1,154700538;-0,577350269;-0,577350269;1,732050808;0
DA AP VS;0,06;0;0;0,02;0,034641016;1,154700538;-0,577350269;-0,577350269;1,732050808;0
CC AQ P0;0,03;0;0,21;0,08;0,113578167;-0,440225453;-0,704360725;1,144586178;0,264135272;1,848946903
AQ VS NP;0,06;0;0;0,02;0,034641016;1,154700538;-0,577350269;-0,577350269;1,732050808;0
CC AQ PD;0,03;0,04;0;0,023333333;0,02081666;0,320256308;0,800640769;-1,120897077;0,480384461;1,921537846
AQ CC PI;0,03;0,04;0;0,023333333;0,02081666;0,320256308;0,800640769;-1,120897077;0,480384461;1,921537846
PP CC DA;0,03;0,04;0;0,023333333;0,02081666;0,320256308;0,800640769;-1,120897077;0,480384461;1,921537846
AQ CC PD;0,03;0;0,21;0,08;0,113578167;-0,440225453;-0,704360725;1,144586178;0,264135272;1,848946903
CC AQ PT;0;0,07;0;0,023333333;0,040414519;-0,577350269;1,154700538;-0,577350269;1,732050808;1,732050808
DD VM CC;0,06;0;0;0,02;0,034641016;1,154700538;-0,577350269;-0,577350269;1,732050808;0
PT CS PP;0,03;0,04;0;0,023333333;0,02081666;0,320256308;0,800640769;-1,120897077;0,480384461;1,921537846
AQ VS PP;0,03;0,04;0;0,023333333;0,02081666;0,320256308;0,800640769;-1,120897077;0,480384461;1,921537846
AQ VS PR;0,03;0,04;0;0,023333333;0,02081666;0,320256308;0,800640769;-1,120897077;0,480384461;1,921537846
AQ CC P0;0;0,07;0;0,023333333;0,040414519;-0,577350269;1,154700538;-0,577350269;1,732050808;1,732050808
PR AQ RG;0,03;0,04;0;0,023333333;0,02081666;0,320256308;0,800640769;-1,120897077;0,480384461;1,921537846
DA AP RG;0;0,07;0;0,023333333;0,040414519;-0,577350269;1,154700538;-0,577350269;1,732050808;1,732050808
PI VM CC;0,03;0,04;0;0,023333333;0,02081666;0,320256308;0,800640769;-1,120897077;0,480384461;1,921537846
P0 VM RN;0,03;0,04;0;0,023333333;0,02081666;0,320256308;0,800640769;-1,120897077;0,480384461;1,921537846
PP SP AO;0,03;0,04;0;0,023333333;0,02081666;0,320256308;0,800640769;-1,120897077;0,480384461;1,921537846
P0 DD NC;0,03;0,04;0;0,023333333;0,02081666;0,320256308;0,800640769;-1,120897077;0,480384461;1,921537846
AQ CC CC;0,03;0;0,21;0,08;0,113578167;-0,440225453;-0,704360725;1,144586178;0,264135272;1,848946903
DD NC P0;0,06;0;0;0,02;0,034641016;1,154700538;-0,577350269;-0,577350269;1,732050808;0
CS PI SP;0,03;0,04;0;0,023333333;0,02081666;0,320256308;0,800640769;-1,120897077;0,480384461;1,921537846
CC SP Z;0,06;0;0;0,02;0,034641016;1,154700538;-0,577350269;-0,577350269;1,732050808;0
SP RG CC;0,03;0,04;0;0,023333333;0,02081666;0,320256308;0,800640769;-1,120897077;0,480384461;1,921537846
VS DD DP;0,03;0,04;0;0,023333333;0,02081666;0,320256308;0,800640769;-1,120897077;0,480384461;1,921537846
VS NP DP;0,06;0;0;0,02;0,034641016;1,154700538;-0,577350269;-0,577350269;1,732050808;0
PT SP NC;0,03;0,04;0;0,023333333;0,02081666;0,320256308;0,800640769;-1,120897077;0,480384461;1,921537846
Z DI NC;0,06;0;0;0,02;0,034641016;1,154700538;-0,577350269;-0,577350269;1,732050808;0
AP AQ AQ;0,03;0,04;0;0,023333333;0,02081666;0,320256308;0,800640769;-1,120897077;0,480384461;1,921537846
NC RN DA;0;0;0,41;0,136666667;0,23671361;-0,577350269;-0,577350269;1,154700538;0;1,732050808
VS VM DI;0,03;0,04;0;0,023333333;0,02081666;0,320256308;0,800640769;-1,120897077;0,480384461;1,921537846
NC RN CS;0,03;0,04;0;0,023333333;0,02081666;0,320256308;0,800640769;-1,120897077;0,480384461;1,921537846
CS AQ P0;0;0;0,41;0,136666667;0,23671361;-0,577350269;-0,577350269;1,154700538;0;1,732050808
VS VM AQ;0,06;0;0;0,02;0,034641016;1,154700538;-0,577350269;-0,577350269;1,732050808;0
PP CC VS;0,03;0,04;0;0,023333333;0,02081666;0,320256308;0,800640769;-1,120897077;0,480384461;1,921537846
NP NP RG;0,03;0,04;0;0,023333333;0,02081666;0,320256308;0,800640769;-1,120897077;0,480384461;1,921537846
RG NP DA;0,03;0;0,21;0,08;0,113578167;-0,440225453;-0,704360725;1,144586178;0,264135272;1,848946903
PD CS DI;0,06;0;0;0,02;0,034641016;1,154700538;-0,577350269;-0,577350269;1,732050808;0
DA Z NC;0,03;0,04;0;0,023333333;0,02081666;0,320256308;0,800640769;-1,120897077;0,480384461;1,921537846
PP NC AP;0,06;0;0;0,02;0,034641016;1,154700538;-0,577350269;-0,577350269;1,732050808;0
AO NP VM;0;0,07;0;0,023333333;0,040414519;-0,577350269;1,154700538;-0,577350269;1,732050808;1,732050808
PP I NP;0,03;0;0,21;0,08;0,113578167;-0,440225453;-0,704360725;1,144586178;0,264135272;1,848946903
AO NP SP;0;0,04;0,21;0,083333333;0,111504858;-0,747351594;-0,388622829;1,135974424;0,358728765;1,524597253
Z VM SP;0,06;0;0;0,02;0,034641016;1,154700538;-0,577350269;-0,577350269;1,732050808;0
PI CS SP;0,03;0,04;0;0,023333333;0,02081666;0,320256308;0,800640769;-1,120897077;0,480384461;1,921537846
PI CS RN;0,03;0,04;0;0,023333333;0,02081666;0,320256308;0,800640769;-1,120897077;0,480384461;1,921537846
SP RG PP;0;0,07;0;0,023333333;0,040414519;-0,577350269;1,154700538;-0,577350269;1,732050808;1,732050808
I DP AQ;0,03;0,04;0;0,023333333;0,02081666;0,320256308;0,800640769;-1,120897077;0,480384461;1,921537846
PP RN P0;0,06;0;0;0,02;0,034641016;1,154700538;-0,577350269;-0,577350269;1,732050808;0
CS DA PI;0;0,07;0;0,023333333;0,040414519;-0,577350269;1,154700538;-0,577350269;1,732050808;1,732050808
VM I CS;0,03;0,04;0;0,023333333;0,02081666;0,320256308;0,800640769;-1,120897077;0,480384461;1,921537846
PP SP PD;0;0,07;0;0,023333333;0,040414519;-0,577350269;1,154700538;-0,577350269;1,732050808;1,732050808
DI NP NC;0;0,04;0,21;0,083333333;0,111504858;-0,747351594;-0,388622829;1,135974424;0,358728765;1,524597253
VM PP DD;0;0,07;0;0,023333333;0,040414519;-0,577350269;1,154700538;-0,577350269;1,732050808;1,732050808
PP PR VS;0,03;0,04;0;0,023333333;0,02081666;0,320256308;0,800640769;-1,120897077;0,480384461;1,921537846
NP VM PT;0,03;0,04;0;0,023333333;0,02081666;0,320256308;0,800640769;-1,120897077;0,480384461;1,921537846
PP VS NP;0,03;0,04;0;0,023333333;0,02081666;0,320256308;0,800640769;-1,120897077;0,480384461;1,921537846
DD NP VM;0,06;0;0;0,02;0,034641016;1,154700538;-0,577350269;-0,577350269;1,732050808;0
VS CS PD;0,06;0;0;0,02;0,034641016;1,154700538;-0,577350269;-0,577350269;1,732050808;0
I SP DA;0,03;0,04;0;0,023333333;0,02081666;0,320256308;0,800640769;-1,120897077;0,480384461;1,921537846
VS CS RG;0,03;0,04;0;0,023333333;0,02081666;0,320256308;0,800640769;-1,120897077;0,480384461;1,921537846
PI VS NC;0,03;0,04;0;0,023333333;0,02081666;0,320256308;0,800640769;-1,120897077;0,480384461;1,921537846
AP VM RG;0,06;0;0;0,02;0,034641016;1,154700538;-0,577350269;-0,577350269;1,732050808;0
NC CC PI;0,06;0;0;0,02;0,034641016;1,154700538;-0,577350269;-0,577350269;1,732050808;0
VS CS P0;0,03;0,04;0;0,023333333;0,02081666;0,320256308;0,800640769;-1,120897077;0,480384461;1,921537846
NC DE NC;0;0,07;0;0,023333333;0,040414519;-0,577350269;1,154700538;-0,577350269;1,732050808;1,732050808
NP VM VS;0,03;0;0,21;0,08;0,113578167;-0,440225453;-0,704360725;1,144586178;0,264135272;1,848946903
AQ VM DI;0;0,07;0;0,023333333;0,040414519;-0,577350269;1,154700538;-0,577350269;1,732050808;1,732050808
AQ VM DD;0,03;0,04;0;0,023333333;0,02081666;0,320256308;0,800640769;-1,120897077;0,480384461;1,921537846
DI NP VM;0,03;0;0,21;0,08;0,113578167;-0,440225453;-0,704360725;1,144586178;0,264135272;1,848946903
PP CS AQ;0;0,07;0;0,023333333;0,040414519;-0,577350269;1,154700538;-0,577350269;1,732050808;1,732050808
AP VM NC;0;0,04;0,21;0,083333333;0,111504858;-0,747351594;-0,388622829;1,135974424;0,358728765;1,524597253
RG VM PD;0,03;0,04;0;0,023333333;0,02081666;0,320256308;0,800640769;-1,120897077;0,480384461;1,921537846
PP NC RN;0,06;0;0;0,02;0,034641016;1,154700538;-0,577350269;-0,577350269;1,732050808;0
AP NP AQ;0,03;0,04;0;0,023333333;0,02081666;0,320256308;0,800640769;-1,120897077;0,480384461;1,921537846
CS DI DA;0,06;0;0;0,02;0,034641016;1,154700538;-0,577350269;-0,577350269;1,732050808;0
NC DE AQ;0;0,07;0;0,023333333;0,040414519;-0,577350269;1,154700538;-0,577350269;1,732050808;1,732050808
CS DI DP;0,06;0;0;0,02;0,034641016;1,154700538;-0,577350269;-0,577350269;1,732050808;0
PP VS DP;0,06;0;0;0,02;0,034641016;1,154700538;-0,577350269;-0,577350269;1,732050808;0
NC CC DT;0,03;0,04;0;0,023333333;0,02081666;0,320256308;0,800640769;-1,120897077;0,480384461;1,921537846
PP VS DA;0,03;0,04;0;0,023333333;0,02081666;0,320256308;0,800640769;-1,120897077;0,480384461;1,921537846
CS RG DI;0,03;0,04;0;0,023333333;0,02081666;0,320256308;0,800640769;-1,120897077;0,480384461;1,921537846
PP NC PP;0,06;0;0;0,02;0,034641016;1,154700538;-0,577350269;-0,577350269;1,732050808;0
CS RG CC;0;0,07;0;0,023333333;0,040414519;-0,577350269;1,154700538;-0,577350269;1,732050808;1,732050808
AQ NP DD;0,03;0,04;0;0,023333333;0,02081666;0,320256308;0,800640769;-1,120897077;0,480384461;1,921537846
NP PT VM;0,03;0,04;0;0,023333333;0,02081666;0,320256308;0,800640769;-1,120897077;0,480384461;1,921537846
NP PI VM;0,03;0;0,21;0,08;0,113578167;-0,440225453;-0,704360725;1,144586178;0,264135272;1,848946903
VS PD PR;0,06;0;0;0,02;0,034641016;1,154700538;-0,577350269;-0,577350269;1,732050808;0
AQ PP PP;0;0,04;0,21;0,083333333;0,111504858;-0,747351594;-0,388622829;1,135974424;0,358728765;1,524597253
DA NC DD;0,06;0;0;0,02;0,034641016;1,154700538;-0,577350269;-0,577350269;1,732050808;0
NC DT NC;0,03;0,04;0;0,023333333;0,02081666;0,320256308;0,800640769;-1,120897077;0,480384461;1,921537846
AQ PP RG;0;0,04;0,21;0,083333333;0,111504858;-0,747351594;-0,388622829;1,135974424;0,358728765;1,524597253
AP RG CS;0;0,04;0,21;0,083333333;0,111504858;-0,747351594;-0,388622829;1,135974424;0,358728765;1,524597253
AO CS VM;0;0,04;0,21;0,083333333;0,111504858;-0,747351594;-0,388622829;1,135974424;0,358728765;1,524597253
DP RG SP;0,03;0,04;0;0,023333333;0,02081666;0,320256308;0,800640769;-1,120897077;0,480384461;1,921537846
P0 SP PP;0;0,04;0,21;0,083333333;0,111504858;-0,747351594;-0,388622829;1,135974424;0,358728765;1,524597253
VM PI PR;0,03;0,04;0;0,023333333;0,02081666;0,320256308;0,800640769;-1,120897077;0,480384461;1,921537846
DI SP DI;0,03;0,04;0;0,023333333;0,02081666;0,320256308;0,800640769;-1,120897077;0,480384461;1,921537846
VM NP DI;0;0,04;0,21;0,083333333;0,111504858;-0,747351594;-0,388622829;1,135974424;0,358728765;1,524597253
DI AQ AQ;0,03;0,04;0;0,023333333;0,02081666;0,320256308;0,800640769;-1,120897077;0,480384461;1,921537846
PD CC SP;0;0,07;0;0,023333333;0,040414519;-0,577350269;1,154700538;-0,577350269;1,732050808;1,732050808
NP CC P0;0,03;0,04;0;0,023333333;0,02081666;0,320256308;0,800640769;-1,120897077;0,480384461;1,921537846
DA SP NC;0;0,04;0,21;0,083333333;0,111504858;-0,747351594;-0,388622829;1,135974424;0,358728765;1,524597253
CS DI VS;0,03;0,04;0;0,023333333;0,02081666;0,320256308;0,800640769;-1,120897077;0,480384461;1,921537846
CS DI VM;0,03;0,04;0;0,023333333;0,02081666;0,320256308;0,800640769;-1,120897077;0,480384461;1,921537846
VM PI VS;0,03;0,04;0;0,023333333;0,02081666;0,320256308;0,800640769;-1,120897077;0,480384461;1,921537846
CC PP CC;0,06;0;0;0,02;0,034641016;1,154700538;-0,577350269;-0,577350269;1,732050808;0
P0 SP VM;0;0,04;0,21;0,083333333;0,111504858;-0,747351594;-0,388622829;1,135974424;0,358728765;1,524597253
CS RG PI;0,06;0;0;0,02;0,034641016;1,154700538;-0,577350269;-0,577350269;1,732050808;0
PD PR NC;0,03;0,04;0;0,023333333;0,02081666;0,320256308;0,800640769;-1,120897077;0,480384461;1,921537846
DP AQ VM;0,06;0;0;0,02;0,034641016;1,154700538;-0,577350269;-0,577350269;1,732050808;0
DA PR P0;0,03;0,04;0;0,023333333;0,02081666;0,320256308;0,800640769;-1,120897077;0,480384461;1,921537846
NP PR DP;0,03;0,04;0;0,023333333;0,02081666;0,320256308;0,800640769;-1,120897077;0,480384461;1,921537846
DA PR NP;0,06;0;0;0,02;0,034641016;1,154700538;-0,577350269;-0,577350269;1,732050808;0
DD RG AQ;0,06;0;0;0,02;0,034641016;1,154700538;-0,577350269;-0,577350269;1,732050808;0
P0 NC PR;0,06;0;0;0,02;0,034641016;1,154700538;-0,577350269;-0,577350269;1,732050808;0
PT SP AQ;0,03;0,04;0;0,023333333;0,02081666;0,320256308;0,800640769;-1,120897077;0,480384461;1,921537846
I AQ PR;0,03;0,04;0;0,023333333;0,02081666;0,320256308;0,800640769;-1,120897077;0,480384461;1,921537846
I AQ PP;0;0,07;0;0,023333333;0,040414519;-0,577350269;1,154700538;-0,577350269;1,732050808;1,732050808
PD DP NP;0;0,07;0;0,023333333;0,040414519;-0,577350269;1,154700538;-0,577350269;1,732050808;1,732050808
VM AQ Z;0,06;0;0;0,02;0,034641016;1,154700538;-0,577350269;-0,577350269;1,732050808;0
RG CS VS;0,06;0;0;0,02;0,034641016;1,154700538;-0,577350269;-0,577350269;1,732050808;0
VM NP VS;0,03;0,04;0;0,023333333;0,02081666;0,320256308;0,800640769;-1,120897077;0,480384461;1,921537846
DA VS AQ;0,03;0,04;0;0,023333333;0,02081666;0,320256308;0,800640769;-1,120897077;0,480384461;1,921537846
RN VA VS;0,06;0;0;0,02;0,034641016;1,154700538;-0,577350269;-0,577350269;1,732050808;0
RG CS VA;0,03;0,04;0;0,023333333;0,02081666;0,320256308;0,800640769;-1,120897077;0,480384461;1,921537846
P0 NC SP;0,03;0,04;0;0,023333333;0,02081666;0,320256308;0,800640769;-1,120897077;0,480384461;1,921537846
VM PI AQ;0,06;0;0;0,02;0,034641016;1,154700538;-0,577350269;-0,577350269;1,732050808;0
NP NC AP;0,06;0;0;0,02;0,034641016;1,154700538;-0,577350269;-0,577350269;1,732050808;0
NP SP PT;0;0,07;0;0,023333333;0,040414519;-0,577350269;1,154700538;-0,577350269;1,732050808;1,732050808
NP SP RG;0,06;0;0;0,02;0,034641016;1,154700538;-0,577350269;-0,577350269;1,732050808;0
RG PD RG;0,06;0;0;0,02;0,034641016;1,154700538;-0,577350269;-0,577350269;1,732050808;0
NP NC CS;0;0,04;0,21;0,083333333;0,111504858;-0,747351594;-0,388622829;1,135974424;0,358728765;1,524597253
NP NC DP;0;0,04;0,21;0,083333333;0,111504858;-0,747351594;-0,388622829;1,135974424;0,358728765;1,524597253
DA NC PD;0;0,07;0;0,023333333;0,040414519;-0,577350269;1,154700538;-0,577350269;1,732050808;1,732050808
AQ Z NC;0,03;0,04;0;0,023333333;0,02081666;0,320256308;0,800640769;-1,120897077;0,480384461;1,921537846
VM NP NP;0,06;0;0;0,02;0,034641016;1,154700538;-0,577350269;-0,577350269;1,732050808;0
PD RN PP;0,03;0,04;0;0,023333333;0,02081666;0,320256308;0,800640769;-1,120897077;0,480384461;1,921537846
AO NC RG;0,03;0,04;0;0,023333333;0,02081666;0,320256308;0,800640769;-1,120897077;0,480384461;1,921537846
RG PR AQ;0;0,04;0,21;0,083333333;0,111504858;-0,747351594;-0,388622829;1,135974424;0,358728765;1,524597253
DE NC VS;0,03;0,04;0;0,023333333;0,02081666;0,320256308;0,800640769;-1,120897077;0,480384461;1,921537846
RG DP NP;0;0,07;0;0,023333333;0,040414519;-0,577350269;1,154700538;-0,577350269;1,732050808;1,732050808
SP PP VA;0,06;0;0;0,02;0,034641016;1,154700538;-0,577350269;-0,577350269;1,732050808;0
CC VM Z;0,03;0;0,21;0,08;0,113578167;-0,440225453;-0,704360725;1,144586178;0,264135272;1,848946903
I AQ AQ;0;0,07;0;0,023333333;0,040414519;-0,577350269;1,154700538;-0,577350269;1,732050808;1,732050808
VS RG CC;0,03;0,04;0;0,023333333;0,02081666;0,320256308;0,800640769;-1,120897077;0,480384461;1,921537846
NP PR RN;0;0,07;0;0,023333333;0,040414519;-0,577350269;1,154700538;-0,577350269;1,732050808;1,732050808
RG PR DA;0,06;0;0;0,02;0,034641016;1,154700538;-0,577350269;-0,577350269;1,732050808;0
DA AO CS;0;0;0,41;0,136666667;0,23671361;-0,577350269;-0,577350269;1,154700538;0;1,732050808
AQ RN DA;0,03;0,04;0;0,023333333;0,02081666;0,320256308;0,800640769;-1,120897077;0,480384461;1,921537846
VM AQ RN;0,03;0,04;0;0,023333333;0,02081666;0,320256308;0,800640769;-1,120897077;0,480384461;1,921537846
RG SP VS;0,06;0;0;0,02;0,034641016;1,154700538;-0,577350269;-0,577350269;1,732050808;0
NC I DP;0,06;0;0;0,02;0,034641016;1,154700538;-0,577350269;-0,577350269;1,732050808;0
PD SP DA;0,03;0,04;0;0,023333333;0,02081666;0,320256308;0,800640769;-1,120897077;0,480384461;1,921537846
PI AQ SP;0,06;0;0;0,02;0,034641016;1,154700538;-0,577350269;-0,577350269;1,732050808;0
VM DA AO;0;0,04;0,21;0,083333333;0,111504858;-0,747351594;-0,388622829;1,135974424;0,358728765;1,524597253
I CS RG;0,03;0,04;0;0,023333333;0,02081666;0,320256308;0,800640769;-1,120897077;0,480384461;1,921537846
NP PR P0;0,03;0,04;0;0,023333333;0,02081666;0,320256308;0,800640769;-1,120897077;0,480384461;1,921537846
AQ CS CC;0;0,04;0,21;0,083333333;0,111504858;-0,747351594;-0,388622829;1,135974424;0,358728765;1,524597253
RG DP VM;0;0;0,41;0,136666667;0,23671361;-0,577350269;-0,577350269;1,154700538;0;1,732050808
I CS SP;0,06;0;0;0,02;0,034641016;1,154700538;-0,577350269;-0,577350269;1,732050808;0
NP PR NP;0,03;0,04;0;0,023333333;0,02081666;0,320256308;0,800640769;-1,120897077;0,480384461;1,921537846
NP NC NC;0,03;0,04;0;0,023333333;0,02081666;0,320256308;0,800640769;-1,120897077;0,480384461;1,921537846
SP PP PT;0,03;0,04;0;0,023333333;0,02081666;0,320256308;0,800640769;-1,120897077;0,480384461;1,921537846
NP NC NP;0;0,07;0;0,023333333;0,040414519;-0,577350269;1,154700538;-0,577350269;1,732050808;1,732050808
I CS VS;0,03;0;0,21;0,08;0,113578167;-0,440225453;-0,704360725;1,144586178;0,264135272;1,848946903
RG NC AP;0,06;0;0;0,02;0,034641016;1,154700538;-0,577350269;-0,577350269;1,732050808;0
VM P0 DI;0,06;0;0;0,02;0,034641016;1,154700538;-0,577350269;-0,577350269;1,732050808;0
VM P0 DD;0,03;0,04;0;0,023333333;0,02081666;0,320256308;0,800640769;-1,120897077;0,480384461;1,921537846
VM P0 CS;0,06;0;0;0,02;0,034641016;1,154700538;-0,577350269;-0,577350269;1,732050808;0
NP NC PR;0,03;0,04;0;0,023333333;0,02081666;0,320256308;0,800640769;-1,120897077;0,480384461;1,921537846
RG PR PP;0,03;0,04;0;0,023333333;0,02081666;0,320256308;0,800640769;-1,120897077;0,480384461;1,921537846
VS AQ NP;0,03;0;0,21;0,08;0,113578167;-0,440225453;-0,704360725;1,144586178;0,264135272;1,848946903
VM I I;0,06;0;0;0,02;0,034641016;1,154700538;-0,577350269;-0,577350269;1,732050808;0
P0 SP AQ;0,03;0,04;0;0,023333333;0,02081666;0,320256308;0,800640769;-1,120897077;0,480384461;1,921537846
VS AQ PP;0,03;0;0,21;0,08;0,113578167;-0,440225453;-0,704360725;1,144586178;0,264135272;1,848946903
I VM AQ;0,03;0,04;0;0,023333333;0,02081666;0,320256308;0,800640769;-1,120897077;0,480384461;1,921537846
RN DI NC;0;0,07;0;0,023333333;0,040414519;-0,577350269;1,154700538;-0,577350269;1,732050808;1,732050808
AQ SP RN;0,03;0,04;0;0,023333333;0,02081666;0,320256308;0,800640769;-1,120897077;0,480384461;1,921537846
PT PP VA;0,06;0;0;0,02;0,034641016;1,154700538;-0,577350269;-0,577350269;1,732050808;0
NP VS CS;0,06;0;0;0,02;0,034641016;1,154700538;-0,577350269;-0,577350269;1,732050808;0
AQ NC DT;0;0,07;0;0,023333333;0,040414519;-0,577350269;1,154700538;-0,577350269;1,732050808;1,732050808
AQ SP PI;0,03;0,04;0;0,023333333;0,02081666;0,320256308;0,800640769;-1,120897077;0,480384461;1,921537846
DD NC I;0,03;0;0,21;0,08;0,113578167;-0,440225453;-0,704360725;1,144586178;0,264135272;1,848946903
CC PP PR;0;0,07;0;0,023333333;0,040414519;-0,577350269;1,154700538;-0,577350269;1,732050808;1,732050808
VM AQ VS;0,06;0;0;0,02;0,034641016;1,154700538;-0,577350269;-0,577350269;1,732050808;0
NC VA PR;0,03;0,04;0;0,023333333;0,02081666;0,320256308;0,800640769;-1,120897077;0,480384461;1,921537846
CS PP DP;0,03;0,04;0;0,023333333;0,02081666;0,320256308;0,800640769;-1,120897077;0,480384461;1,921537846
RG NC NC;0,03;0,04;0;0,023333333;0,02081666;0,320256308;0,800640769;-1,120897077;0,480384461;1,921537846
CS PP CS;0,03;0,04;0;0,023333333;0,02081666;0,320256308;0,800640769;-1,120897077;0,480384461;1,921537846
NP CS NC;0;0,07;0;0,023333333;0,040414519;-0,577350269;1,154700538;-0,577350269;1,732050808;1,732050808
P0 DP NC;0;0,07;0;0,023333333;0,040414519;-0,577350269;1,154700538;-0,577350269;1,732050808;1,732050808
VM P0 VS;0,03;0,04;0;0,023333333;0,02081666;0,320256308;0,800640769;-1,120897077;0,480384461;1,921537846
PT PP NC;0,06;0;0;0,02;0,034641016;1,154700538;-0,577350269;-0,577350269;1,732050808;0
AP RG SP;0,06;0;0;0,02;0,034641016;1,154700538;-0,577350269;-0,577350269;1,732050808;0
DA CS VM;0,03;0;0,21;0,08;0,113578167;-0,440225453;-0,704360725;1,144586178;0,264135272;1,848946903
P0 CC VM;0,03;0,04;0;0,023333333;0,02081666;0,320256308;0,800640769;-1,120897077;0,480384461;1,921537846
AQ I AQ;0,03;0,04;0;0,023333333;0,02081666;0,320256308;0,800640769;-1,120897077;0,480384461;1,921537846
AO NC PR;0;0,07;0;0,023333333;0,040414519;-0,577350269;1,154700538;-0,577350269;1,732050808;1,732050808
NP AO NC;0;0,07;0;0,023333333;0,040414519;-0,577350269;1,154700538;-0,577350269;1,732050808;1,732050808
PR PP RG;0,03;0,04;0;0,023333333;0,02081666;0,320256308;0,800640769;-1,120897077;0,480384461;1,921537846
I NP AQ;0;0,04;0,21;0,083333333;0,111504858;-0,747351594;-0,388622829;1,135974424;0,358728765;1,524597253
I VM NC;0,03;0,04;0;0,023333333;0,02081666;0,320256308;0,800640769;-1,120897077;0,480384461;1,921537846
PR NC DA;0;0,07;0;0,023333333;0,040414519;-0,577350269;1,154700538;-0,577350269;1,732050808;1,732050808
DP VM NP;0,06;0;0;0,02;0,034641016;1,154700538;-0,577350269;-0,577350269;1,732050808;0
SP SP AQ;0,03;0;0,21;0,08;0,113578167;-0,440225453;-0,704360725;1,144586178;0,264135272;1,848946903
CC PR AQ;0;0,04;0,21;0,083333333;0,111504858;-0,747351594;-0,388622829;1,135974424;0,358728765;1,524597253
CC SP VS;0,03;0;0,21;0,08;0,113578167;-0,440225453;-0,704360725;1,144586178;0,264135272;1,848946903
CC NC DI;0,06;0;0;0,02;0,034641016;1,154700538;-0,577350269;-0,577350269;1,732050808;0
VM NC PT;0,06;0;0;0,02;0,034641016;1,154700538;-0,577350269;-0,577350269;1,732050808;0
PR CC VM;0,06;0;0;0,02;0,034641016;1,154700538;-0,577350269;-0,577350269;1,732050808;0
NC NP DI;0,06;0;0;0,02;0,034641016;1,154700538;-0,577350269;-0,577350269;1,732050808;0
CC CC PP;0,06;0;0;0,02;0,034641016;1,154700538;-0,577350269;-0,577350269;1,732050808;0
CC SP RN;0,03;0,04;0;0,023333333;0,02081666;0,320256308;0,800640769;-1,120897077;0,480384461;1,921537846
CC CC RG;0,03;0,04;0;0,023333333;0,02081666;0,320256308;0,800640769;-1,120897077;0,480384461;1,921537846
CS Z AQ;0,03;0,04;0;0,023333333;0,02081666;0,320256308;0,800640769;-1,120897077;0,480384461;1,921537846
CC SP SP;0;0;0,41;0,136666667;0,23671361;-0,577350269;-0,577350269;1,154700538;0;1,732050808
CC PR CS;0;0,07;0;0,023333333;0,040414519;-0,577350269;1,154700538;-0,577350269;1,732050808;1,732050808
SP SP DA;0,03;0;0,21;0,08;0,113578167;-0,440225453;-0,704360725;1,144586178;0,264135272;1,848946903
AQ RG VS;0;0,07;0;0,023333333;0,040414519;-0,577350269;1,154700538;-0,577350269;1,732050808;1,732050808
RN RG DA;0,03;0,04;0;0,023333333;0,02081666;0,320256308;0,800640769;-1,120897077;0,480384461;1,921537846
RG VM Z;0,06;0;0;0,02;0,034641016;1,154700538;-0,577350269;-0,577350269;1,732050808;0
I VM SP;0,06;0;0;0,02;0,034641016;1,154700538;-0,577350269;-0,577350269;1,732050808;0
PP VM Z;0,03;0,04;0;0,023333333;0,02081666;0,320256308;0,800640769;-1,120897077;0,480384461;1,921537846
PE RG VM;0,03;0,04;0;0,023333333;0,02081666;0,320256308;0,800640769;-1,120897077;0,480384461;1,921537846
DP VM DP;0,03;0,04;0;0,023333333;0,02081666;0,320256308;0,800640769;-1,120897077;0,480384461;1,921537846
VM PD DP;0;0,07;0;0,023333333;0,040414519;-0,577350269;1,154700538;-0,577350269;1,732050808;1,732050808
NC PT RG;0,03;0;0,21;0,08;0,113578167;-0,440225453;-0,704360725;1,144586178;0,264135272;1,848946903
NC PT RN;0,03;0;0,21;0,08;0,113578167;-0,440225453;-0,704360725;1,144586178;0,264135272;1,848946903
PI PP NC;0,06;0;0;0,02;0,034641016;1,154700538;-0,577350269;-0,577350269;1,732050808;0
VM NC DI;0,03;0,04;0;0,023333333;0,02081666;0,320256308;0,800640769;-1,120897077;0,480384461;1,921537846
CS PP P0;0,06;0;0;0,02;0,034641016;1,154700538;-0,577350269;-0,577350269;1,732050808;0
RN P0 PP;0,06;0;0;0,02;0,034641016;1,154700538;-0,577350269;-0,577350269;1,732050808;0
PR CC DA;0,03;0,04;0;0,023333333;0,02081666;0,320256308;0,800640769;-1,120897077;0,480384461;1,921537846
P0 PP VA;0;0;0,41;0,136666667;0,23671361;-0,577350269;-0,577350269;1,154700538;0;1,732050808
VM RN SP;0;0,07;0;0,023333333;0,040414519;-0,577350269;1,154700538;-0,577350269;1,732050808;1,732050808
VM RN VA;0,03;0,04;0;0,023333333;0,02081666;0,320256308;0,800640769;-1,120897077;0,480384461;1,921537846
NC NP VS;0,03;0,04;0;0,023333333;0,02081666;0,320256308;0,800640769;-1,120897077;0,480384461;1,921537846
VM SP VA;0,06;0;0;0,02;0,034641016;1,154700538;-0,577350269;-0,577350269;1,732050808;0
DP VM AQ;0;0,04;0,21;0,083333333;0,111504858;-0,747351594;-0,388622829;1,135974424;0,358728765;1,524597253
SP RN VS;0,06;0;0;0,02;0,034641016;1,154700538;-0,577350269;-0,577350269;1,732050808;0
NC I RG;0,03;0,04;0;0,023333333;0,02081666;0,320256308;0,800640769;-1,120897077;0,480384461;1,921537846
CC CC AQ;0,06;0;0;0,02;0,034641016;1,154700538;-0,577350269;-0,577350269;1,732050808;0
NP AP CS;0;0,07;0;0,023333333;0,040414519;-0,577350269;1,154700538;-0,577350269;1,732050808;1,732050808
RG CC DP;0,03;0,04;0;0,023333333;0,02081666;0,320256308;0,800640769;-1,120897077;0,480384461;1,921537846
VS PP VM;0;0,07;0;0,023333333;0,040414519;-0,577350269;1,154700538;-0,577350269;1,732050808;1,732050808
DP VM CS;0,03;0,04;0;0,023333333;0,02081666;0,320256308;0,800640769;-1,120897077;0,480384461;1,921537846
NP AP DP;0,06;0;0;0,02;0,034641016;1,154700538;-0,577350269;-0,577350269;1,732050808;0
DA VM VM;0;0,07;0;0,023333333;0,040414519;-0,577350269;1,154700538;-0,577350269;1,732050808;1,732050808
DP VM CC;0,03;0,04;0;0,023333333;0,02081666;0,320256308;0,800640769;-1,120897077;0,480384461;1,921537846
SP PR DI;0,06;0;0;0,02;0,034641016;1,154700538;-0,577350269;-0,577350269;1,732050808;0
DA NP DI;0;0,07;0;0,023333333;0,040414519;-0,577350269;1,154700538;-0,577350269;1,732050808;1,732050808
CC CC NC;0,03;0;0,21;0,08;0,113578167;-0,440225453;-0,704360725;1,144586178;0,264135272;1,848946903
NC NP P0;0,03;0,04;0;0,023333333;0,02081666;0,320256308;0,800640769;-1,120897077;0,480384461;1,921537846
PP DI AQ;0,06;0;0;0,02;0,034641016;1,154700538;-0,577350269;-0,577350269;1,732050808;0
NC I SP;0,06;0;0;0,02;0,034641016;1,154700538;-0,577350269;-0,577350269;1,732050808;0
NC DD DP;0;0,07;0;0,023333333;0,040414519;-0,577350269;1,154700538;-0,577350269;1,732050808;1,732050808
NP AP PR;0,06;0;0;0,02;0,034641016;1,154700538;-0,577350269;-0,577350269;1,732050808;0
RN AQ VM;0,06;0;0;0,02;0,034641016;1,154700538;-0,577350269;-0,577350269;1,732050808;0
AQ AQ PR;0,06;0;0;0,02;0,034641016;1,154700538;-0,577350269;-0,577350269;1,732050808;0
DA VM RN;0,03;0,04;0;0,023333333;0,02081666;0,320256308;0,800640769;-1,120897077;0,480384461;1,921537846
NC NP NP;0,03;0,04;0;0,023333333;0,02081666;0,320256308;0,800640769;-1,120897077;0,480384461;1,921537846
AQ AQ RN;0,06;0;0;0,02;0,034641016;1,154700538;-0,577350269;-0,577350269;1,732050808;0
SP SP NC;0,03;0,04;0;0,023333333;0,02081666;0,320256308;0,800640769;-1,120897077;0,480384461;1,921537846
VM VS CC;0,06;0;0;0,02;0,034641016;1,154700538;-0,577350269;-0,577350269;1,732050808;0
I PT SP;0;0,07;0;0,023333333;0,040414519;-0,577350269;1,154700538;-0,577350269;1,732050808;1,732050808
AQ DA RG;0;0,07;0;0,023333333;0,040414519;-0,577350269;1,154700538;-0,577350269;1,732050808;1,732050808
VS PP NC;0,06;0;0;0,02;0,034641016;1,154700538;-0,577350269;-0,577350269;1,732050808;0
RG RN AQ;0,03;0,04;0;0,023333333;0,02081666;0,320256308;0,800640769;-1,120897077;0,480384461;1,921537846
RN AQ RG;0,06;0;0;0,02;0,034641016;1,154700538;-0,577350269;-0,577350269;1,732050808;0
NC PT DA;0;0,04;0,21;0,083333333;0,111504858;-0,747351594;-0,388622829;1,135974424;0,358728765;1,524597253
I PT RG;0,06;0;0;0,02;0,034641016;1,154700538;-0,577350269;-0,577350269;1,732050808;0
NC PT DP;0,03;0,04;0;0,023333333;0,02081666;0,320256308;0,800640769;-1,120897077;0,480384461;1,921537846
DI DI NC;0,03;0,04;0;0,023333333;0,02081666;0,320256308;0,800640769;-1,120897077;0,480384461;1,921537846
PP RG PP;0,03;0;0,21;0,08;0,113578167;-0,440225453;-0,704360725;1,144586178;0,264135272;1,848946903
DA AQ AP;0;0,07;0;0,023333333;0,040414519;-0,577350269;1,154700538;-0,577350269;1,732050808;1,732050808
SP PR PI;0,03;0,04;0;0,023333333;0,02081666;0,320256308;0,800640769;-1,120897077;0,480384461;1,921537846
VS AP CC;0;0,07;0;0,023333333;0,040414519;-0,577350269;1,154700538;-0,577350269;1,732050808;1,732050808
NC AQ PI;0,03;0,04;0;0,023333333;0,02081666;0,320256308;0,800640769;-1,120897077;0,480384461;1,921537846
CC RG I;0,03;0,04;0;0,023333333;0,02081666;0,320256308;0,800640769;-1,120897077;0,480384461;1,921537846
RN DD NC;0,06;0;0;0,02;0,034641016;1,154700538;-0,577350269;-0,577350269;1,732050808;0
CC CS DD;0;0,07;0;0,023333333;0,040414519;-0,577350269;1,154700538;-0,577350269;1,732050808;1,732050808
VM AO NC;0,03;0,04;0;0,023333333;0,02081666;0,320256308;0,800640769;-1,120897077;0,480384461;1,921537846
CC PD CS;0,03;0;0,21;0,08;0,113578167;-0,440225453;-0,704360725;1,144586178;0,264135272;1,848946903
DA NP VS;0,03;0,04;0;0,023333333;0,02081666;0,320256308;0,800640769;-1,120897077;0,480384461;1,921537846
CC VS PP;0;0,07;0;0,023333333;0,040414519;-0,577350269;1,154700538;-0,577350269;1,732050808;1,732050808
CS RN AQ;0,06;0;0;0,02;0,034641016;1,154700538;-0,577350269;-0,577350269;1,732050808;0
DA PI PR;0;0,07;0;0,023333333;0,040414519;-0,577350269;1,154700538;-0,577350269;1,732050808;1,732050808
NP PP VA;0,03;0;0,21;0,08;0,113578167;-0,440225453;-0,704360725;1,144586178;0,264135272;1,848946903
SP NC VA;0,03;0;0,21;0,08;0,113578167;-0,440225453;-0,704360725;1,144586178;0,264135272;1,848946903
PP RG DP;0,03;0,04;0;0,023333333;0,02081666;0,320256308;0,800640769;-1,120897077;0,480384461;1,921537846
DI PP SP;0,06;0;0;0,02;0,034641016;1,154700538;-0,577350269;-0,577350269;1,732050808;0
RN AQ CS;0,06;0;0;0,02;0,034641016;1,154700538;-0,577350269;-0,577350269;1,732050808;0
CC PR RN;0,06;0;0;0,02;0,034641016;1,154700538;-0,577350269;-0,577350269;1,732050808;0
SP CS AQ;0,03;0;0,21;0,08;0,113578167;-0,440225453;-0,704360725;1,144586178;0,264135272;1,848946903
AQ PP AQ;0,06;0;0;0,02;0,034641016;1,154700538;-0,577350269;-0,577350269;1,732050808;0
VM VM Z;0,03;0,04;0;0,023333333;0,02081666;0,320256308;0,800640769;-1,120897077;0,480384461;1,921537846
PT DI NC;0;0,07;0;0,023333333;0,040414519;-0,577350269;1,154700538;-0,577350269;1,732050808;1,732050808
NC CC Z;0;0,07;0;0,023333333;0,040414519;-0,577350269;1,154700538;-0,577350269;1,732050808;1,732050808
PR VS CC;0,06;0;0;0,02;0,034641016;1,154700538;-0,577350269;-0,577350269;1,732050808;0
CC VS DI;0,06;0;0;0,02;0,034641016;1,154700538;-0,577350269;-0,577350269;1,732050808;0
CC VS DD;0;0,07;0;0,023333333;0,040414519;-0,577350269;1,154700538;-0,577350269;1,732050808;1,732050808
CS NC DP;0;0,04;0,21;0,083333333;0,111504858;-0,747351594;-0,388622829;1,135974424;0,358728765;1,524597253
CS SP RN;0,06;0;0;0,02;0,034641016;1,154700538;-0,577350269;-0,577350269;1,732050808;0
DI AQ RG;0,03;0;0,21;0,08;0,113578167;-0,440225453;-0,704360725;1,144586178;0,264135272;1,848946903
CS RN RG;0;0,07;0;0,023333333;0,040414519;-0,577350269;1,154700538;-0,577350269;1,732050808;1,732050808
NC AQ VA;0,03;0,04;0;0,023333333;0,02081666;0,320256308;0,800640769;-1,120897077;0,480384461;1,921537846
DP NP VS;0,06;0;0;0,02;0,034641016;1,154700538;-0,577350269;-0,577350269;1,732050808;0
CC PR NC;0,06;0;0;0,02;0,034641016;1,154700538;-0,577350269;-0,577350269;1,732050808;0
PR NC PR;0;0,07;0;0,023333333;0,040414519;-0,577350269;1,154700538;-0,577350269;1,732050808;1,732050808
PR NC P0;0;0,07;0;0,023333333;0,040414519;-0,577350269;1,154700538;-0,577350269;1,732050808;1,732050808
CC PR NP;0,06;0;0;0,02;0,034641016;1,154700538;-0,577350269;-0,577350269;1,732050808;0
DA AQ VS;0,06;0;0;0,02;0,034641016;1,154700538;-0,577350269;-0,577350269;1,732050808;0
DD AQ SP;0,03;0,04;0;0,023333333;0,02081666;0,320256308;0,800640769;-1,120897077;0,480384461;1,921537846
NC DA SP;0,03;0,04;0;0,023333333;0,02081666;0,320256308;0,800640769;-1,120897077;0,480384461;1,921537846
DD DA NC;0,03;0,04;0;0,023333333;0,02081666;0,320256308;0,800640769;-1,120897077;0,480384461;1,921537846
AP DP NC;0,06;0;0;0,02;0,034641016;1,154700538;-0,577350269;-0,577350269;1,732050808;0
I I NP;0,06;0;0;0,02;0,034641016;1,154700538;-0,577350269;-0,577350269;1,732050808;0
SP CS RN;0;0,07;0;0,023333333;0,040414519;-0,577350269;1,154700538;-0,577350269;1,732050808;1,732050808
PI VS AQ;0,03;0,04;0;0,023333333;0,02081666;0,320256308;0,800640769;-1,120897077;0,480384461;1,921537846
NP AQ VS;0,06;0;0;0,02;0,034641016;1,154700538;-0,577350269;-0,577350269;1,732050808;0
VM PP VA;0,03;0,04;0;0,023333333;0,02081666;0,320256308;0,800640769;-1,120897077;0,480384461;1,921537846
CS PR SP;0,06;0;0;0,02;0,034641016;1,154700538;-0,577350269;-0,577350269;1,732050808;0
VA CS VM;0;0,07;0;0,023333333;0,040414519;-0,577350269;1,154700538;-0,577350269;1,732050808;1,732050808
AQ VM PT;0;0,07;0;0,023333333;0,040414519;-0,577350269;1,154700538;-0,577350269;1,732050808;1,732050808
VS PD DA;0;0,07;0;0,023333333;0,040414519;-0,577350269;1,154700538;-0,577350269;1,732050808;1,732050808
DD DA AQ;0;0,07;0;0,023333333;0,040414519;-0,577350269;1,154700538;-0,577350269;1,732050808;1,732050808
DP NC DT;0,03;0,04;0;0,023333333;0,02081666;0,320256308;0,800640769;-1,120897077;0,480384461;1,921537846
I DT NC;0,03;0,04;0;0,023333333;0,02081666;0,320256308;0,800640769;-1,120897077;0,480384461;1,921537846
CS PR PP;0,03;0,04;0;0,023333333;0,02081666;0,320256308;0,800640769;-1,120897077;0,480384461;1,921537846
CS VS PD;0,03;0,04;0;0,023333333;0,02081666;0,320256308;0,800640769;-1,120897077;0,480384461;1,921537846
I DI NC;0,03;0,04;0;0,023333333;0,02081666;0,320256308;0,800640769;-1,120897077;0,480384461;1,921537846
VS VS SP;0,06;0;0;0,02;0,034641016;1,154700538;-0,577350269;-0,577350269;1,732050808;0
P0 RG DA;0,03;0,04;0;0,023333333;0,02081666;0,320256308;0,800640769;-1,120897077;0,480384461;1,921537846
NC VS DI;0;0,07;0;0,023333333;0,040414519;-0,577350269;1,154700538;-0,577350269;1,732050808;1,732050808
PR NP DA;0,03;0,04;0;0,023333333;0,02081666;0,320256308;0,800640769;-1,120897077;0,480384461;1,921537846
CC I NC;0;0,07;0;0,023333333;0,040414519;-0,577350269;1,154700538;-0,577350269;1,732050808;1,732050808
CC NP DD;0,06;0;0;0,02;0,034641016;1,154700538;-0,577350269;-0,577350269;1,732050808;0
DP NC DE;0;0,07;0;0,023333333;0,040414519;-0,577350269;1,154700538;-0,577350269;1,732050808;1,732050808
NC DP RG;0,06;0;0;0,02;0,034641016;1,154700538;-0,577350269;-0,577350269;1,732050808;0
SP PD RG;0,06;0;0;0,02;0,034641016;1,154700538;-0,577350269;-0,577350269;1,732050808;0
CS I NC;0,03;0,04;0;0,023333333;0,02081666;0,320256308;0,800640769;-1,120897077;0,480384461;1,921537846
VS PR SP;0;0,07;0;0,023333333;0,040414519;-0,577350269;1,154700538;-0,577350269;1,732050808;1,732050808
SP PD RN;0,06;0;0;0,02;0,034641016;1,154700538;-0,577350269;-0,577350269;1,732050808;0
DA RG DP;0,03;0,04;0;0,023333333;0,02081666;0,320256308;0,800640769;-1,120897077;0,480384461;1,921537846
I RG SP;0,03;0,04;0;0,023333333;0,02081666;0,320256308;0,800640769;-1,120897077;0,480384461;1,921537846
PP CS NP;0,06;0;0;0,02;0,034641016;1,154700538;-0,577350269;-0,577350269;1,732050808;0
PD RG VM;0;0,07;0;0,023333333;0,040414519;-0,577350269;1,154700538;-0,577350269;1,732050808;1,732050808
VS PD CS;0,03;0,04;0;0,023333333;0,02081666;0,320256308;0,800640769;-1,120897077;0,480384461;1,921537846
VS CS DP;0,06;0;0;0,02;0,034641016;1,154700538;-0,577350269;-0,577350269;1,732050808;0
NP DA PR;0,03;0;0,21;0,08;0,113578167;-0,440225453;-0,704360725;1,144586178;0,264135272;1,848946903
VS CS DD;0;0,07;0;0,023333333;0,040414519;-0,577350269;1,154700538;-0,577350269;1,732050808;1,732050808
NP P0 PP;0;0,07;0;0,023333333;0,040414519;-0,577350269;1,154700538;-0,577350269;1,732050808;1,732050808
AP CC VS;0,03;0,04;0;0,023333333;0,02081666;0,320256308;0,800640769;-1,120897077;0,480384461;1,921537846
CS NC NC;0;0,07;0;0,023333333;0,040414519;-0,577350269;1,154700538;-0,577350269;1,732050808;1,732050808
CC I VM;0,03;0,04;0;0,023333333;0,02081666;0,320256308;0,800640769;-1,120897077;0,480384461;1,921537846
PP VS PP;0,06;0;0;0,02;0,034641016;1,154700538;-0,577350269;-0,577350269;1,732050808;0
PT DA AQ;0;0,04;0,21;0,083333333;0,111504858;-0,747351594;-0,388622829;1,135974424;0,358728765;1,524597253
NC PD CS;0,06;0;0;0,02;0,034641016;1,154700538;-0,577350269;-0,577350269;1,732050808;0
DI RG AQ;0,06;0;0;0,02;0,034641016;1,154700538;-0,577350269;-0,577350269;1,732050808;0
NP RG PP;0,06;0;0;0,02;0,034641016;1,154700538;-0,577350269;-0,577350269;1,732050808;0
AQ PT SP;0,06;0;0;0,02;0,034641016;1,154700538;-0,577350269;-0,577350269;1,732050808;0
PI SP NP;0,03;0,04;0;0,023333333;0,02081666;0,320256308;0,800640769;-1,120897077;0,480384461;1,921537846
VM I NP;0,06;0;0;0,02;0,034641016;1,154700538;-0,577350269;-0,577350269;1,732050808;0
VS NC PI;0,03;0,04;0;0,023333333;0,02081666;0,320256308;0,800640769;-1,120897077;0,480384461;1,921537846
NC RN RG;0;0,07;0;0,023333333;0,040414519;-0,577350269;1,154700538;-0,577350269;1,732050808;1,732050808
AP CC CS;0;0,04;0,21;0,083333333;0,111504858;-0,747351594;-0,388622829;1,135974424;0,358728765;1,524597253
RN CS PP;0,06;0;0;0,02;0,034641016;1,154700538;-0,577350269;-0,577350269;1,732050808;0
VS PR RG;0,03;0,04;0;0,023333333;0,02081666;0,320256308;0,800640769;-1,120897077;0,480384461;1,921537846
AP SP CS;0,03;0,04;0;0,023333333;0,02081666;0,320256308;0,800640769;-1,120897077;0,480384461;1,921537846
CS CS NC;0,03;0,04;0;0,023333333;0,02081666;0,320256308;0,800640769;-1,120897077;0,480384461;1,921537846
CS CS NP;0,03;0,04;0;0,023333333;0,02081666;0,320256308;0,800640769;-1,120897077;0,480384461;1,921537846
AP SP AQ;0,06;0;0;0,02;0,034641016;1,154700538;-0,577350269;-0,577350269;1,732050808;0
DD SP NC;0;0,04;0,21;0,083333333;0,111504858;-0,747351594;-0,388622829;1,135974424;0,358728765;1,524597253
CS CS PI;0,06;0;0;0,02;0,034641016;1,154700538;-0,577350269;-0,577350269;1,732050808;0
VM CS I;0,06;0;0;0,02;0,034641016;1,154700538;-0,577350269;-0,577350269;1,732050808;0
CS VS DD;0,03;0,04;0;0,023333333;0,02081666;0,320256308;0,800640769;-1,120897077;0,480384461;1,921537846
NP DI DA;0,06;0;0;0,02;0,034641016;1,154700538;-0,577350269;-0,577350269;1,732050808;0
VM I VM;0;0,07;0;0,023333333;0,040414519;-0,577350269;1,154700538;-0,577350269;1,732050808;1,732050808
Z VM DP;0,03;0;0,21;0,08;0,113578167;-0,440225453;-0,704360725;1,144586178;0,264135272;1,848946903
CS CS AQ;0;0,07;0;0,023333333;0,040414519;-0,577350269;1,154700538;-0,577350269;1,732050808;1,732050808
SP NP AO;0;0,07;0;0,023333333;0,040414519;-0,577350269;1,154700538;-0,577350269;1,732050808;1,732050808
NC PR DP;0,03;0,04;0;0,023333333;0,02081666;0,320256308;0,800640769;-1,120897077;0,480384461;1,921537846
Z NC NC;0,06;0;0;0,02;0,034641016;1,154700538;-0,577350269;-0,577350269;1,732050808;0
PI CC RN;0;0,04;0,21;0,083333333;0,111504858;-0,747351594;-0,388622829;1,135974424;0,358728765;1,524597253
VM I PP;0,06;0;0;0,02;0,034641016;1,154700538;-0,577350269;-0,577350269;1,732050808;0
NP RG DA;0,03;0,04;0;0,023333333;0,02081666;0,320256308;0,800640769;-1,120897077;0,480384461;1,921537846
PD RG CS;0,06;0;0;0,02;0,034641016;1,154700538;-0,577350269;-0,577350269;1,732050808;0
CS PD CS;0,03;0,04;0;0,023333333;0,02081666;0,320256308;0,800640769;-1,120897077;0,480384461;1,921537846
VS NC AP;0,03;0,04;0;0,023333333;0,02081666;0,320256308;0,800640769;-1,120897077;0,480384461;1,921537846
SP VM VS;0,06;0;0;0,02;0,034641016;1,154700538;-0,577350269;-0,577350269;1,732050808;0
PP NP CS;0,06;0;0;0,02;0,034641016;1,154700538;-0,577350269;-0,577350269;1,732050808;0
NC PD RG;0,03;0,04;0;0,023333333;0,02081666;0,320256308;0,800640769;-1,120897077;0,480384461;1,921537846
NC AO SP;0,03;0,04;0;0,023333333;0,02081666;0,320256308;0,800640769;-1,120897077;0,480384461;1,921537846
VS CC RN;0,03;0,04;0;0,023333333;0,02081666;0,320256308;0,800640769;-1,120897077;0,480384461;1,921537846
RG DI AQ;0;0,07;0;0,023333333;0,040414519;-0,577350269;1,154700538;-0,577350269;1,732050808;1,732050808
PD DA AQ;0,06;0;0;0,02;0,034641016;1,154700538;-0,577350269;-0,577350269;1,732050808;0
PT VM I;0;0,04;0,21;0,083333333;0,111504858;-0,747351594;-0,388622829;1,135974424;0,358728765;1,524597253
RN VS PD;0,03;0,04;0;0,023333333;0,02081666;0,320256308;0,800640769;-1,120897077;0,480384461;1,921537846
PI SP AQ;0,03;0,04;0;0,023333333;0,02081666;0,320256308;0,800640769;-1,120897077;0,480384461;1,921537846
VM SP DT;0,03;0,04;0;0,023333333;0,02081666;0,320256308;0,800640769;-1,120897077;0,480384461;1,921537846
PR AQ CC;0,03;0,04;0;0,023333333;0,02081666;0,320256308;0,800640769;-1,120897077;0,480384461;1,921537846
SP PT NP;0,06;0;0;0,02;0,034641016;1,154700538;-0,577350269;-0,577350269;1,732050808;0
RG RG NP;0,03;0,04;0;0,023333333;0,02081666;0,320256308;0,800640769;-1,120897077;0,480384461;1,921537846
PP PI AQ;0,03;0,04;0;0,023333333;0,02081666;0,320256308;0,800640769;-1,120897077;0,480384461;1,921537846
VS NC DD;0,03;0;0,21;0,08;0,113578167;-0,440225453;-0,704360725;1,144586178;0,264135272;1,848946903
VS NC DA;0,06;0;0;0,02;0,034641016;1,154700538;-0,577350269;-0,577350269;1,732050808;0
SP PI P0;0,03;0;0,21;0,08;0,113578167;-0,440225453;-0,704360725;1,144586178;0,264135272;1,848946903
CC PT RN;0,06;0;0;0,02;0,034641016;1,154700538;-0,577350269;-0,577350269;1,732050808;0
VM RN NC;0,03;0,04;0;0,023333333;0,02081666;0,320256308;0,800640769;-1,120897077;0,480384461;1,921537846
DD PR RN;0,03;0,04;0;0,023333333;0,02081666;0,320256308;0,800640769;-1,120897077;0,480384461;1,921537846
SP NP PI;0,03;0;0,21;0,08;0,113578167;-0,440225453;-0,704360725;1,144586178;0,264135272;1,848946903
PP DD AQ;0;0,07;0;0,023333333;0,040414519;-0,577350269;1,154700538;-0,577350269;1,732050808;1,732050808
SP NC Z;0;0,07;0;0,023333333;0,040414519;-0,577350269;1,154700538;-0,577350269;1,732050808;1,732050808
CS PD RG;0,03;0,04;0;0,023333333;0,02081666;0,320256308;0,800640769;-1,120897077;0,480384461;1,921537846
SP NC I;0,06;0;0;0,02;0,034641016;1,154700538;-0,577350269;-0,577350269;1,732050808;0
PR I NP;0,03;0,04;0;0,023333333;0,02081666;0,320256308;0,800640769;-1,120897077;0,480384461;1,921537846
RG RG DI;0,06;0;0;0,02;0,034641016;1,154700538;-0,577350269;-0,577350269;1,732050808;0
PP VM DT;0,03;0,04;0;0,023333333;0,02081666;0,320256308;0,800640769;-1,120897077;0,480384461;1,921537846
SP PT DP;0,06;0;0;0,02;0,034641016;1,154700538;-0,577350269;-0,577350269;1,732050808;0
CC PI VS;0,03;0,04;0;0,023333333;0,02081666;0,320256308;0,800640769;-1,120897077;0,480384461;1,921537846
PR PI VM;0,03;0;0,21;0,08;0,113578167;-0,440225453;-0,704360725;1,144586178;0,264135272;1,848946903
SP VM PR;0,06;0;0;0,02;0,034641016;1,154700538;-0,577350269;-0,577350269;1,732050808;0
CC DA DI;0,03;0;0,21;0,08;0,113578167;-0,440225453;-0,704360725;1,144586178;0,264135272;1,848946903
NC PD DP;0;0,07;0;0,023333333;0,040414519;-0,577350269;1,154700538;-0,577350269;1,732050808;1,732050808
NC VS RN;0,03;0,04;0;0,023333333;0,02081666;0,320256308;0,800640769;-1,120897077;0,480384461;1,921537846
SP DD SP;0,03;0,04;0;0,023333333;0,02081666;0,320256308;0,800640769;-1,120897077;0,480384461;1,921537846
AQ RG DA;0;0,07;0;0,023333333;0,040414519;-0,577350269;1,154700538;-0,577350269;1,732050808;1,732050808
CC NP NC;0;0,07;0;0,023333333;0,040414519;-0,577350269;1,154700538;-0,577350269;1,732050808;1,732050808
PD NP VM;0;0,07;0;0,023333333;0,040414519;-0,577350269;1,154700538;-0,577350269;1,732050808;1,732050808
VM DE NC;0,03;0,04;0;0,023333333;0,02081666;0,320256308;0,800640769;-1,120897077;0,480384461;1,921537846
RN NC NP;0,03;0,04;0;0,023333333;0,02081666;0,320256308;0,800640769;-1,120897077;0,480384461;1,921537846
CS NP DP;0;0,07;0;0,023333333;0,040414519;-0,577350269;1,154700538;-0,577350269;1,732050808;1,732050808
CS NP DA;0,03;0,04;0;0,023333333;0,02081666;0,320256308;0,800640769;-1,120897077;0,480384461;1,921537846
PT NP CC;0,03;0,04;0;0,023333333;0,02081666;0,320256308;0,800640769;-1,120897077;0,480384461;1,921537846
AP PR RG;0;0,07;0;0,023333333;0,040414519;-0,577350269;1,154700538;-0,577350269;1,732050808;1,732050808
SP AQ DP;0,06;0;0;0,02;0,034641016;1,154700538;-0,577350269;-0,577350269;1,732050808;0
SP NP VA;0,03;0,04;0;0,023333333;0,02081666;0,320256308;0,800640769;-1,120897077;0,480384461;1,921537846
VM NC I;0,03;0;0,21;0,08;0,113578167;-0,440225453;-0,704360725;1,144586178;0,264135272;1,848946903
PD DA NC;0;0,07;0;0,023333333;0,040414519;-0,577350269;1,154700538;-0,577350269;1,732050808;1,732050808
CC PI P0;0,03;0,04;0;0,023333333;0,02081666;0,320256308;0,800640769;-1,120897077;0,480384461;1,921537846
CC PT DA;0,03;0;0,21;0,08;0,113578167;-0,440225453;-0,704360725;1,144586178;0,264135272;1,848946903
CC I DE;0,06;0;0;0,02;0,034641016;1,154700538;-0,577350269;-0,577350269;1,732050808;0
DT NC VA;0,06;0;0;0,02;0,034641016;1,154700538;-0,577350269;-0,577350269;1,732050808;0
RG RG PR;0;0,04;0,21;0,083333333;0,111504858;-0,747351594;-0,388622829;1,135974424;0,358728765;1,524597253
RG RG PT;0,06;0;0;0,02;0,034641016;1,154700538;-0,577350269;-0,577350269;1,732050808;0
SP PI PR;0,03;0,04;0;0,023333333;0,02081666;0,320256308;0,800640769;-1,120897077;0,480384461;1,921537846
PR NP DP;0,03;0,04;0;0,023333333;0,02081666;0,320256308;0,800640769;-1,120897077;0,480384461;1,921537846
SP PT RG;0,03;0;0,21;0,08;0,113578167;-0,440225453;-0,704360725;1,144586178;0,264135272;1,848946903
P0 RG AQ;0,06;0;0;0,02;0,034641016;1,154700538;-0,577350269;-0,577350269;1,732050808;0
I PP AQ;0,06;0;0;0,02;0,034641016;1,154700538;-0,577350269;-0,577350269;1,732050808;0
RN SP SP;0,06;0;0;0,02;0,034641016;1,154700538;-0,577350269;-0,577350269;1,732050808;0
AQ RG PR;0,03;0,04;0;0,023333333;0,02081666;0,320256308;0,800640769;-1,120897077;0,480384461;1,921537846
VS CC DP;0,03;0,04;0;0,023333333;0,02081666;0,320256308;0,800640769;-1,120897077;0,480384461;1,921537846
DD CS VM;0;0,07;0;0,023333333;0,040414519;-0,577350269;1,154700538;-0,577350269;1,732050808;1,732050808
SP PT VS;0,06;0;0;0,02;0,034641016;1,154700538;-0,577350269;-0,577350269;1,732050808;0
AQ RG NC;0,03;0,04;0;0,023333333;0,02081666;0,320256308;0,800640769;-1,120897077;0,480384461;1,921537846
SP PI VS;0,06;0;0;0,02;0,034641016;1,154700538;-0,577350269;-0,577350269;1,732050808;0
CC VM PI;0;0,07;0;0,023333333;0,040414519;-0,577350269;1,154700538;-0,577350269;1,732050808;1,732050808
RN SP VM;0;0,07;0;0,023333333;0,040414519;-0,577350269;1,154700538;-0,577350269;1,732050808;1,732050808
PR VM PI;0;0,07;0;0,023333333;0,040414519;-0,577350269;1,154700538;-0,577350269;1,732050808;1,732050808
DA AP CS;0,03;0;0;0,01;0,017320508;1,154700538;-0,577350269;-0,577350269;1,732050808;0
AQ NC Z;0;0;0,21;0,07;0,121243557;-0,577350269;-0,577350269;1,154700538;0;1,732050808
RN DP NC;0;0,04;0;0,013333333;0,023094011;-0,577350269;1,154700538;-0,577350269;1,732050808;1,732050808
PI VM RN;0;0,04;0;0,013333333;0,023094011;-0,577350269;1,154700538;-0,577350269;1,732050808;1,732050808
RN SP PP;0,03;0;0;0,01;0,017320508;1,154700538;-0,577350269;-0,577350269;1,732050808;0
DA AP DI;0,03;0;0;0,01;0,017320508;1,154700538;-0,577350269;-0,577350269;1,732050808;0
SP AQ PI;0;0,04;0;0,013333333;0,023094011;-0,577350269;1,154700538;-0,577350269;1,732050808;1,732050808
DA AP DA;0;0,04;0;0,013333333;0,023094011;-0,577350269;1,154700538;-0,577350269;1,732050808;1,732050808
CS NP RG;0,03;0;0;0,01;0,017320508;1,154700538;-0,577350269;-0,577350269;1,732050808;0
VS PI VS;0;0,04;0;0,013333333;0,023094011;-0,577350269;1,154700538;-0,577350269;1,732050808;1,732050808
AQ VS DD;0;0,04;0;0,013333333;0,023094011;-0,577350269;1,154700538;-0,577350269;1,732050808;1,732050808
NP VM AO;0;0,04;0;0,013333333;0,023094011;-0,577350269;1,154700538;-0,577350269;1,732050808;1,732050808
RN SP PR;0;0,04;0;0,013333333;0,023094011;-0,577350269;1,154700538;-0,577350269;1,732050808;1,732050808
PI VM PR;0,03;0;0;0,01;0,017320508;1,154700538;-0,577350269;-0,577350269;1,732050808;0
Z AQ DA;0,03;0;0;0,01;0,017320508;1,154700538;-0,577350269;-0,577350269;1,732050808;0
VS AQ AQ;0;0,04;0;0,013333333;0,023094011;-0,577350269;1,154700538;-0,577350269;1,732050808;1,732050808
RN SP RG;0;0;0,21;0,07;0,121243557;-0,577350269;-0,577350269;1,154700538;0;1,732050808
NP CS VA;0,03;0;0;0,01;0,017320508;1,154700538;-0,577350269;-0,577350269;1,732050808;0
SP DA P0;0,03;0;0;0,01;0,017320508;1,154700538;-0,577350269;-0,577350269;1,732050808;0
RN NC CC;0;0,04;0;0,013333333;0,023094011;-0,577350269;1,154700538;-0,577350269;1,732050808;1,732050808
CC RG PD;0,03;0;0;0,01;0,017320508;1,154700538;-0,577350269;-0,577350269;1,732050808;0
DA I CS;0;0;0,21;0,07;0,121243557;-0,577350269;-0,577350269;1,154700538;0;1,732050808
SP DP Z;0,03;0;0;0,01;0,017320508;1,154700538;-0,577350269;-0,577350269;1,732050808;0
CC RG NP;0;0,04;0;0,013333333;0,023094011;-0,577350269;1,154700538;-0,577350269;1,732050808;1,732050808
P0 VM P0;0;0,04;0;0,013333333;0,023094011;-0,577350269;1,154700538;-0,577350269;1,732050808;1,732050808
CS NP NP;0;0,04;0;0,013333333;0,023094011;-0,577350269;1,154700538;-0,577350269;1,732050808;1,732050808
RN NC DA;0;0,04;0;0,013333333;0,023094011;-0,577350269;1,154700538;-0,577350269;1,732050808;1,732050808
CC DI CC;0;0,04;0;0,013333333;0,023094011;-0,577350269;1,154700538;-0,577350269;1,732050808;1,732050808
CS DP Z;0;0,04;0;0,013333333;0,023094011;-0,577350269;1,154700538;-0,577350269;1,732050808;1,732050808
PR DI DA;0,03;0;0;0,01;0,017320508;1,154700538;-0,577350269;-0,577350269;1,732050808;0
DA AP AO;0,03;0;0;0,01;0,017320508;1,154700538;-0,577350269;-0,577350269;1,732050808;0
CS NP P0;0,03;0;0;0,01;0,017320508;1,154700538;-0,577350269;-0,577350269;1,732050808;0
SP AQ RN;0;0;0,21;0,07;0,121243557;-0,577350269;-0,577350269;1,154700538;0;1,732050808
PT VS SP;0,03;0;0;0,01;0,017320508;1,154700538;-0,577350269;-0,577350269;1,732050808;0
PD NP CS;0;0,04;0;0,013333333;0,023094011;-0,577350269;1,154700538;-0,577350269;1,732050808;1,732050808
NP CS RG;0,03;0;0;0,01;0,017320508;1,154700538;-0,577350269;-0,577350269;1,732050808;0
CS NP PD;0;0,04;0;0,013333333;0,023094011;-0,577350269;1,154700538;-0,577350269;1,732050808;1,732050808
AQ DP SP;0;0,04;0;0,013333333;0,023094011;-0,577350269;1,154700538;-0,577350269;1,732050808;1,732050808
RG PI RG;0,03;0;0;0,01;0,017320508;1,154700538;-0,577350269;-0,577350269;1,732050808;0
AQ CC VA;0,03;0;0;0,01;0,017320508;1,154700538;-0,577350269;-0,577350269;1,732050808;0
RG NP VA;0;0;0,21;0,07;0,121243557;-0,577350269;-0,577350269;1,154700538;0;1,732050808
RN CC VM;0;0,04;0;0,013333333;0,023094011;-0,577350269;1,154700538;-0,577350269;1,732050808;1,732050808
CC Z CC;0,03;0;0;0,01;0,017320508;1,154700538;-0,577350269;-0,577350269;1,732050808;0
RG PI SP;0;0,04;0;0,013333333;0,023094011;-0,577350269;1,154700538;-0,577350269;1,732050808;1,732050808
I PP SP;0,03;0;0;0,01;0,017320508;1,154700538;-0,577350269;-0,577350269;1,732050808;0
RG DA DI;0;0,04;0;0,013333333;0,023094011;-0,577350269;1,154700538;-0,577350269;1,732050808;1,732050808
AQ I I;0,03;0;0;0,01;0,017320508;1,154700538;-0,577350269;-0,577350269;1,732050808;0
VS PI PI;0,03;0;0;0,01;0,017320508;1,154700538;-0,577350269;-0,577350269;1,732050808;0
RG NP VS;0,03;0;0;0,01;0,017320508;1,154700538;-0,577350269;-0,577350269;1,732050808;0
PD NP P0;0,03;0;0;0,01;0,017320508;1,154700538;-0,577350269;-0,577350269;1,732050808;0
VA CC NC;0;0,04;0;0,013333333;0,023094011;-0,577350269;1,154700538;-0,577350269;1,732050808;1,732050808
CC Z DI;0,03;0;0;0,01;0,017320508;1,154700538;-0,577350269;-0,577350269;1,732050808;0
DT NC CS;0;0,04;0;0,013333333;0,023094011;-0,577350269;1,154700538;-0,577350269;1,732050808;1,732050808
AQ DP VM;0;0,04;0;0,013333333;0,023094011;-0,577350269;1,154700538;-0,577350269;1,732050808;1,732050808
CS DD DA;0;0;0,21;0,07;0,121243557;-0,577350269;-0,577350269;1,154700538;0;1,732050808
PD NP PP;0,03;0;0;0,01;0,017320508;1,154700538;-0,577350269;-0,577350269;1,732050808;0
SP AQ VS;0;0,04;0;0,013333333;0,023094011;-0,577350269;1,154700538;-0,577350269;1,732050808;1,732050808
PP CC AQ;0;0,04;0;0,013333333;0,023094011;-0,577350269;1,154700538;-0,577350269;1,732050808;1,732050808
DA AP NC;0;0,04;0;0,013333333;0,023094011;-0,577350269;1,154700538;-0,577350269;1,732050808;1,732050808
RG PT VS;0;0;0,21;0,07;0,121243557;-0,577350269;-0,577350269;1,154700538;0;1,732050808
VM DI PI;0,03;0;0;0,01;0,017320508;1,154700538;-0,577350269;-0,577350269;1,732050808;0
VM DI PD;0,03;0;0;0,01;0,017320508;1,154700538;-0,577350269;-0,577350269;1,732050808;0
NP PD RG;0;0,04;0;0,013333333;0,023094011;-0,577350269;1,154700538;-0,577350269;1,732050808;1,732050808
PR VM I;0;0,04;0;0,013333333;0,023094011;-0,577350269;1,154700538;-0,577350269;1,732050808;1,732050808
VS AQ DI;0,03;0;0;0,01;0,017320508;1,154700538;-0,577350269;-0,577350269;1,732050808;0
RN SP DI;0;0;0,21;0,07;0,121243557;-0,577350269;-0,577350269;1,154700538;0;1,732050808
CS PI DP;0;0,04;0;0,013333333;0,023094011;-0,577350269;1,154700538;-0,577350269;1,732050808;1,732050808
P0 CS VM;0,03;0;0;0,01;0,017320508;1,154700538;-0,577350269;-0,577350269;1,732050808;0
CC RG DD;0,03;0;0;0,01;0,017320508;1,154700538;-0,577350269;-0,577350269;1,732050808;0
PR RG DP;0,03;0;0;0,01;0,017320508;1,154700538;-0,577350269;-0,577350269;1,732050808;0
CC RG DI;0;0,04;0;0,013333333;0,023094011;-0,577350269;1,154700538;-0,577350269;1,732050808;1,732050808
RG AQ PT;0,03;0;0;0,01;0,017320508;1,154700538;-0,577350269;-0,577350269;1,732050808;0
SP DI CS;0,03;0;0;0,01;0,017320508;1,154700538;-0,577350269;-0,577350269;1,732050808;0
AQ VS RG;0,03;0;0;0,01;0,017320508;1,154700538;-0,577350269;-0,577350269;1,732050808;0
AQ PD CS;0;0,04;0;0,013333333;0,023094011;-0,577350269;1,154700538;-0,577350269;1,732050808;1,732050808
PD VM AQ;0,03;0;0;0,01;0,017320508;1,154700538;-0,577350269;-0,577350269;1,732050808;0
SP DI DI;0;0,04;0;0,013333333;0,023094011;-0,577350269;1,154700538;-0,577350269;1,732050808;1,732050808
SP DI DD;0,03;0;0;0,01;0,017320508;1,154700538;-0,577350269;-0,577350269;1,732050808;0
DA PP VM;0,03;0;0;0,01;0,017320508;1,154700538;-0,577350269;-0,577350269;1,732050808;0
AQ PD DA;0;0;0,21;0,07;0,121243557;-0,577350269;-0,577350269;1,154700538;0;1,732050808
AP CS RG;0,03;0;0;0,01;0,017320508;1,154700538;-0,577350269;-0,577350269;1,732050808;0
NP NP DA;0;0,04;0;0,013333333;0,023094011;-0,577350269;1,154700538;-0,577350269;1,732050808;1,732050808
NP NP CS;0;0;0,21;0,07;0,121243557;-0,577350269;-0,577350269;1,154700538;0;1,732050808
AP AO SP;0,03;0;0;0,01;0,017320508;1,154700538;-0,577350269;-0,577350269;1,732050808;0
CS AQ DI;0,03;0;0;0,01;0,017320508;1,154700538;-0,577350269;-0,577350269;1,732050808;0
PI VM AQ;0,03;0;0;0,01;0,017320508;1,154700538;-0,577350269;-0,577350269;1,732050808;0
PT CS P0;0,03;0;0;0,01;0,017320508;1,154700538;-0,577350269;-0,577350269;1,732050808;0
VS DD CS;0;0,04;0;0,013333333;0,023094011;-0,577350269;1,154700538;-0,577350269;1,732050808;1,732050808
P0 CS SP;0,03;0;0;0,01;0,017320508;1,154700538;-0,577350269;-0,577350269;1,732050808;0
Z NP PD;0;0;0,21;0,07;0,121243557;-0,577350269;-0,577350269;1,154700538;0;1,732050808
SP DI AP;0,03;0;0;0,01;0,017320508;1,154700538;-0,577350269;-0,577350269;1,732050808;0
PD VM CS;0,03;0;0;0,01;0,017320508;1,154700538;-0,577350269;-0,577350269;1,732050808;0
NC PP CC;0,03;0;0;0,01;0,017320508;1,154700538;-0,577350269;-0,577350269;1,732050808;0
CC AQ VA;0,03;0;0;0,01;0,017320508;1,154700538;-0,577350269;-0,577350269;1,732050808;0
PP RN NC;0;0,04;0;0,013333333;0,023094011;-0,577350269;1,154700538;-0,577350269;1,732050808;1,732050808
VS DD AQ;0;0,04;0;0,013333333;0,023094011;-0,577350269;1,154700538;-0,577350269;1,732050808;1,732050808
NC PP DA;0;0,04;0;0,013333333;0,023094011;-0,577350269;1,154700538;-0,577350269;1,732050808;1,732050808
RG AQ PD;0;0,04;0;0,013333333;0,023094011;-0,577350269;1,154700538;-0,577350269;1,732050808;1,732050808
RN SP AQ;0;0,04;0;0,013333333;0,023094011;-0,577350269;1,154700538;-0,577350269;1,732050808;1,732050808
NC PP DP;0;0,04;0;0,013333333;0,023094011;-0,577350269;1,154700538;-0,577350269;1,732050808;1,732050808
I PP VM;0,03;0;0;0,01;0,017320508;1,154700538;-0,577350269;-0,577350269;1,732050808;0
PP CC DP;0,03;0;0;0,01;0,017320508;1,154700538;-0,577350269;-0,577350269;1,732050808;0
DA AP P0;0,03;0;0;0,01;0,017320508;1,154700538;-0,577350269;-0,577350269;1,732050808;0
DE NC DT;0,03;0;0;0,01;0,017320508;1,154700538;-0,577350269;-0,577350269;1,732050808;0
AP CS NC;0;0,04;0;0,013333333;0,023094011;-0,577350269;1,154700538;-0,577350269;1,732050808;1,732050808
DA AP PR;0;0,04;0;0,013333333;0,023094011;-0,577350269;1,154700538;-0,577350269;1,732050808;1,732050808
PP CC CS;0;0;0,21;0,07;0,121243557;-0,577350269;-0,577350269;1,154700538;0;1,732050808
PP SP DT;0;0,04;0;0,013333333;0,023094011;-0,577350269;1,154700538;-0,577350269;1,732050808;1,732050808
AQ CC PT;0,03;0;0;0,01;0,017320508;1,154700538;-0,577350269;-0,577350269;1,732050808;0
NC PD I;0,03;0;0;0,01;0,017320508;1,154700538;-0,577350269;-0,577350269;1,732050808;0
PI VM DP;0,03;0;0;0,01;0,017320508;1,154700538;-0,577350269;-0,577350269;1,732050808;0
PI VM DI;0,03;0;0;0,01;0,017320508;1,154700538;-0,577350269;-0,577350269;1,732050808;0
PR AQ SP;0;0,04;0;0,013333333;0,023094011;-0,577350269;1,154700538;-0,577350269;1,732050808;1,732050808
VS NP NC;0,03;0;0;0,01;0,017320508;1,154700538;-0,577350269;-0,577350269;1,732050808;0
NP DD AQ;0,03;0;0;0,01;0,017320508;1,154700538;-0,577350269;-0,577350269;1,732050808;0
DE NC AQ;0,03;0;0;0,01;0,017320508;1,154700538;-0,577350269;-0,577350269;1,732050808;0
VS VM P0;0;0,04;0;0,013333333;0,023094011;-0,577350269;1,154700538;-0,577350269;1,732050808;1,732050808
VM RG PT;0;0;0,21;0,07;0,121243557;-0,577350269;-0,577350269;1,154700538;0;1,732050808
PR DA VM;0,03;0;0;0,01;0,017320508;1,154700538;-0,577350269;-0,577350269;1,732050808;0
CS VM VA;0;0;0,21;0,07;0,121243557;-0,577350269;-0,577350269;1,154700538;0;1,732050808
DE NC PR;0;0,04;0;0,013333333;0,023094011;-0,577350269;1,154700538;-0,577350269;1,732050808;1,732050808
VS NP CC;0;0,04;0;0,013333333;0,023094011;-0,577350269;1,154700538;-0,577350269;1,732050808;1,732050808
DE NC PP;0;0,04;0;0,013333333;0,023094011;-0,577350269;1,154700538;-0,577350269;1,732050808;1,732050808
DA PP NC;0,03;0;0;0,01;0,017320508;1,154700538;-0,577350269;-0,577350269;1,732050808;0
PP CC PT;0,03;0;0;0,01;0,017320508;1,154700538;-0,577350269;-0,577350269;1,732050808;0
NC AP VA;0,03;0;0;0,01;0,017320508;1,154700538;-0,577350269;-0,577350269;1,732050808;0
PP CC PI;0,03;0;0;0,01;0,017320508;1,154700538;-0,577350269;-0,577350269;1,732050808;0
CC DA VS;0,03;0;0;0,01;0,017320508;1,154700538;-0,577350269;-0,577350269;1,732050808;0
CS PI VS;0;0,04;0;0,013333333;0,023094011;-0,577350269;1,154700538;-0,577350269;1,732050808;1,732050808
CS PI VA;0;0,04;0;0,013333333;0,023094011;-0,577350269;1,154700538;-0,577350269;1,732050808;1,732050808
PP CC P0;0;0,04;0;0,013333333;0,023094011;-0,577350269;1,154700538;-0,577350269;1,732050808;1,732050808
RG I NC;0,03;0;0;0,01;0,017320508;1,154700538;-0,577350269;-0,577350269;1,732050808;0
AP PD PR;0,03;0;0;0,01;0,017320508;1,154700538;-0,577350269;-0,577350269;1,732050808;0
VS NP CS;0;0,04;0;0,013333333;0,023094011;-0,577350269;1,154700538;-0,577350269;1,732050808;1,732050808
AQ DE AQ;0;0,04;0;0,013333333;0,023094011;-0,577350269;1,154700538;-0,577350269;1,732050808;1,732050808
CS DD SP;0;0;0,21;0,07;0,121243557;-0,577350269;-0,577350269;1,154700538;0;1,732050808
PP SP CS;0,03;0;0;0,01;0,017320508;1,154700538;-0,577350269;-0,577350269;1,732050808;0
DD NC PT;0,03;0;0;0,01;0,017320508;1,154700538;-0,577350269;-0,577350269;1,732050808;0
VA VM I;0;0,04;0;0,013333333;0,023094011;-0,577350269;1,154700538;-0,577350269;1,732050808;1,732050808
VS VM NP;0,03;0;0;0,01;0,017320508;1,154700538;-0,577350269;-0,577350269;1,732050808;0
PI SP Z;0;0,04;0;0,013333333;0,023094011;-0,577350269;1,154700538;-0,577350269;1,732050808;1,732050808
CC P0 NC;0,03;0;0;0,01;0,017320508;1,154700538;-0,577350269;-0,577350269;1,732050808;0
PR AQ VS;0,03;0;0;0,01;0,017320508;1,154700538;-0,577350269;-0,577350269;1,732050808;0
P0 VM VS;0;0,04;0;0,013333333;0,023094011;-0,577350269;1,154700538;-0,577350269;1,732050808;1,732050808
CC DA SP;0;0;0,21;0,07;0,121243557;-0,577350269;-0,577350269;1,154700538;0;1,732050808
VS PI DA;0;0,04;0;0,013333333;0,023094011;-0,577350269;1,154700538;-0,577350269;1,732050808;1,732050808
AQ VS VS;0,03;0;0;0,01;0,017320508;1,154700538;-0,577350269;-0,577350269;1,732050808;0
SP DI PP;0,03;0;0;0,01;0,017320508;1,154700538;-0,577350269;-0,577350269;1,732050808;0
AQ PD PR;0,03;0;0;0,01;0,017320508;1,154700538;-0,577350269;-0,577350269;1,732050808;0
AQ PD PP;0,03;0;0;0,01;0,017320508;1,154700538;-0,577350269;-0,577350269;1,732050808;0
P0 NP SP;0,03;0;0;0,01;0,017320508;1,154700538;-0,577350269;-0,577350269;1,732050808;0
CS NP VS;0,03;0;0;0,01;0,017320508;1,154700538;-0,577350269;-0,577350269;1,732050808;0
CS PI RG;0;0,04;0;0,013333333;0,023094011;-0,577350269;1,154700538;-0,577350269;1,732050808;1,732050808
RN CC AQ;0;0,04;0;0,013333333;0,023094011;-0,577350269;1,154700538;-0,577350269;1,732050808;1,732050808
CC P0 PP;0;0,04;0;0,013333333;0,023094011;-0,577350269;1,154700538;-0,577350269;1,732050808;1,732050808
VM Z AQ;0;0,04;0;0,013333333;0,023094011;-0,577350269;1,154700538;-0,577350269;1,732050808;1,732050808
DD NP CC;0;0;0,21;0,07;0,121243557;-0,577350269;-0,577350269;1,154700538;0;1,732050808
VM RG VA;0,03;0;0;0,01;0,017320508;1,154700538;-0,577350269;-0,577350269;1,732050808;0
NC PE RG;0;0,04;0;0,013333333;0,023094011;-0,577350269;1,154700538;-0,577350269;1,732050808;1,732050808
NC PP PI;0;0,04;0;0,013333333;0,023094011;-0,577350269;1,154700538;-0,577350269;1,732050808;1,732050808
DD NP CS;0;0,04;0;0,013333333;0,023094011;-0,577350269;1,154700538;-0,577350269;1,732050808;1,732050808
DI VM CS;0,03;0;0;0,01;0,017320508;1,154700538;-0,577350269;-0,577350269;1,732050808;0
NC PP PR;0,03;0;0;0,01;0,017320508;1,154700538;-0,577350269;-0,577350269;1,732050808;0
VS PI AQ;0;0,04;0;0,013333333;0,023094011;-0,577350269;1,154700538;-0,577350269;1,732050808;1,732050808
PT RN P0;0,03;0;0;0,01;0,017320508;1,154700538;-0,577350269;-0,577350269;1,732050808;0
Z VM NC;0,03;0;0;0,01;0,017320508;1,154700538;-0,577350269;-0,577350269;1,732050808;0
SP VM I;0;0,04;0;0,013333333;0,023094011;-0,577350269;1,154700538;-0,577350269;1,732050808;1,732050808
DI VM RN;0,03;0;0;0,01;0,017320508;1,154700538;-0,577350269;-0,577350269;1,732050808;0
NP PI PP;0,03;0;0;0,01;0,017320508;1,154700538;-0,577350269;-0,577350269;1,732050808;0
SP RG VS;0,03;0;0;0,01;0,017320508;1,154700538;-0,577350269;-0,577350269;1,732050808;0
SP DI SP;0,03;0;0;0,01;0,017320508;1,154700538;-0,577350269;-0,577350269;1,732050808;0
CS DA SP;0;0,04;0;0,013333333;0,023094011;-0,577350269;1,154700538;-0,577350269;1,732050808;1,732050808
PR VA NC;0;0;0,21;0,07;0,121243557;-0,577350269;-0,577350269;1,154700538;0;1,732050808
DI VM PR;0,03;0;0;0,01;0,017320508;1,154700538;-0,577350269;-0,577350269;1,732050808;0
SP DI RG;0;0,04;0;0,013333333;0,023094011;-0,577350269;1,154700538;-0,577350269;1,732050808;1,732050808
PP PR DA;0;0,04;0;0,013333333;0,023094011;-0,577350269;1,154700538;-0,577350269;1,732050808;1,732050808
NP PT RG;0;0,04;0;0,013333333;0,023094011;-0,577350269;1,154700538;-0,577350269;1,732050808;1,732050808
DP NC Z;0,03;0;0;0,01;0,017320508;1,154700538;-0,577350269;-0,577350269;1,732050808;0
VA PP VM;0,03;0;0;0,01;0,017320508;1,154700538;-0,577350269;-0,577350269;1,732050808;0
PT RN PP;0,03;0;0;0,01;0,017320508;1,154700538;-0,577350269;-0,577350269;1,732050808;0
NP NP VS;0;0,04;0;0,013333333;0,023094011;-0,577350269;1,154700538;-0,577350269;1,732050808;1,732050808
PP DP VM;0,03;0;0;0,01;0,017320508;1,154700538;-0,577350269;-0,577350269;1,732050808;0
NC CC AO;0,03;0;0;0,01;0,017320508;1,154700538;-0,577350269;-0,577350269;1,732050808;0
DI DP VM;0,03;0;0;0,01;0,017320508;1,154700538;-0,577350269;-0,577350269;1,732050808;0
NC RN CC;0;0,04;0;0,013333333;0,023094011;-0,577350269;1,154700538;-0,577350269;1,732050808;1,732050808
NC SP AO;0;0,04;0;0,013333333;0,023094011;-0,577350269;1,154700538;-0,577350269;1,732050808;1,732050808
AQ CC AO;0;0,04;0;0,013333333;0,023094011;-0,577350269;1,154700538;-0,577350269;1,732050808;1,732050808
PP CS Z;0,03;0;0;0,01;0,017320508;1,154700538;-0,577350269;-0,577350269;1,732050808;0
RG NP AQ;0;0,04;0;0,013333333;0,023094011;-0,577350269;1,154700538;-0,577350269;1,732050808;1,732050808
AP DD NC;0;0,04;0;0,013333333;0,023094011;-0,577350269;1,154700538;-0,577350269;1,732050808;1,732050808
DD VM SP;0;0;0,21;0,07;0,121243557;-0,577350269;-0,577350269;1,154700538;0;1,732050808
DA Z PR;0;0;0,21;0,07;0,121243557;-0,577350269;-0,577350269;1,154700538;0;1,732050808
PP NC NC;0,03;0;0;0,01;0,017320508;1,154700538;-0,577350269;-0,577350269;1,732050808;0
PT SP PP;0,03;0;0;0,01;0,017320508;1,154700538;-0,577350269;-0,577350269;1,732050808;0
NP AP I;0;0,04;0;0,013333333;0,023094011;-0,577350269;1,154700538;-0,577350269;1,732050808;1,732050808
DD NC DI;0,03;0;0;0,01;0,017320508;1,154700538;-0,577350269;-0,577350269;1,732050808;0
CS AQ PI;0;0,04;0;0,013333333;0,023094011;-0,577350269;1,154700538;-0,577350269;1,732050808;1,732050808
RG NP CC;0;0,04;0;0,013333333;0,023094011;-0,577350269;1,154700538;-0,577350269;1,732050808;1,732050808
DD NC DD;0;0,04;0;0,013333333;0,023094011;-0,577350269;1,154700538;-0,577350269;1,732050808;1,732050808
CS AQ PD;0;0;0,21;0,07;0,121243557;-0,577350269;-0,577350269;1,154700538;0;1,732050808
PI CS P0;0;0,04;0;0,013333333;0,023094011;-0,577350269;1,154700538;-0,577350269;1,732050808;1,732050808
RG NP CS;0,03;0;0;0,01;0,017320508;1,154700538;-0,577350269;-0,577350269;1,732050808;0
PD CS DP;0,03;0;0;0,01;0,017320508;1,154700538;-0,577350269;-0,577350269;1,732050808;0
PD CS DA;0,03;0;0;0,01;0,017320508;1,154700538;-0,577350269;-0,577350269;1,732050808;0
RG NP DP;0,03;0;0;0,01;0,017320508;1,154700538;-0,577350269;-0,577350269;1,732050808;0
PP I PP;0;0,04;0;0,013333333;0,023094011;-0,577350269;1,154700538;-0,577350269;1,732050808;1,732050808
Z VM VM;0,03;0;0;0,01;0,017320508;1,154700538;-0,577350269;-0,577350269;1,732050808;0
DI NP P0;0;0,04;0;0,013333333;0,023094011;-0,577350269;1,154700538;-0,577350269;1,732050808;1,732050808
DI CC SP;0;0,04;0;0,013333333;0,023094011;-0,577350269;1,154700538;-0,577350269;1,732050808;1,732050808
PP SP PT;0,03;0;0;0,01;0,017320508;1,154700538;-0,577350269;-0,577350269;1,732050808;0
DD NC AO;0;0,04;0;0,013333333;0,023094011;-0,577350269;1,154700538;-0,577350269;1,732050808;1,732050808
NC SP DT;0,03;0;0;0,01;0,017320508;1,154700538;-0,577350269;-0,577350269;1,732050808;0
PT SP DP;0,03;0;0;0,01;0,017320508;1,154700538;-0,577350269;-0,577350269;1,732050808;0
VM I DP;0;0,04;0;0,013333333;0,023094011;-0,577350269;1,154700538;-0,577350269;1,732050808;1,732050808
VM I DT;0;0,04;0;0,013333333;0,023094011;-0,577350269;1,154700538;-0,577350269;1,732050808;1,732050808
PP RN SP;0,03;0;0;0,01;0,017320508;1,154700538;-0,577350269;-0,577350269;1,732050808;0
SP RG NP;0,03;0;0;0,01;0,017320508;1,154700538;-0,577350269;-0,577350269;1,732050808;0
DD DP NP;0;0,04;0;0,013333333;0,023094011;-0,577350269;1,154700538;-0,577350269;1,732050808;1,732050808
PD CS AQ;0;0,04;0;0,013333333;0,023094011;-0,577350269;1,154700538;-0,577350269;1,732050808;1,732050808
NP DD DP;0;0,04;0;0,013333333;0,023094011;-0,577350269;1,154700538;-0,577350269;1,732050808;1,732050808
AP AQ DA;0,03;0;0;0,01;0,017320508;1,154700538;-0,577350269;-0,577350269;1,732050808;0
P0 VS SP;0,03;0;0;0,01;0,017320508;1,154700538;-0,577350269;-0,577350269;1,732050808;0
NP NP NC;0;0,04;0;0,013333333;0,023094011;-0,577350269;1,154700538;-0,577350269;1,732050808;1,732050808
DD CC PD;0;0,04;0;0,013333333;0,023094011;-0,577350269;1,154700538;-0,577350269;1,732050808;1,732050808
SP RG PR;0;0,04;0;0,013333333;0,023094011;-0,577350269;1,154700538;-0,577350269;1,732050808;1,732050808
VA PP SP;0;0;0,21;0,07;0,121243557;-0,577350269;-0,577350269;1,154700538;0;1,732050808
DI VM VM;0,03;0;0;0,01;0,017320508;1,154700538;-0,577350269;-0,577350269;1,732050808;0
CS NC Z;0,03;0;0;0,01;0,017320508;1,154700538;-0,577350269;-0,577350269;1,732050808;0
RG VM DT;0;0,04;0;0,013333333;0,023094011;-0,577350269;1,154700538;-0,577350269;1,732050808;1,732050808
VM PP AO;0;0,04;0;0,013333333;0,023094011;-0,577350269;1,154700538;-0,577350269;1,732050808;1,732050808
DP CC CS;0;0;0,21;0,07;0,121243557;-0,577350269;-0,577350269;1,154700538;0;1,732050808
I DE AQ;0,03;0;0;0,01;0,017320508;1,154700538;-0,577350269;-0,577350269;1,732050808;0
DI CC PD;0;0;0,21;0,07;0,121243557;-0,577350269;-0,577350269;1,154700538;0;1,732050808
DD NP SP;0,03;0;0;0,01;0,017320508;1,154700538;-0,577350269;-0,577350269;1,732050808;0
PP NC DP;0;0,04;0;0,013333333;0,023094011;-0,577350269;1,154700538;-0,577350269;1,732050808;1,732050808
PP NC DI;0,03;0;0;0,01;0,017320508;1,154700538;-0,577350269;-0,577350269;1,732050808;0
PP SP NP;0;0,04;0;0,013333333;0,023094011;-0,577350269;1,154700538;-0,577350269;1,732050808;1,732050808
AP PT RG;0,03;0;0;0,01;0,017320508;1,154700538;-0,577350269;-0,577350269;1,732050808;0
PP RN RG;0,03;0;0;0,01;0,017320508;1,154700538;-0,577350269;-0,577350269;1,732050808;0
PP I SP;0;0,04;0;0,013333333;0,023094011;-0,577350269;1,154700538;-0,577350269;1,732050808;1,732050808
NC RN NC;0,03;0;0;0,01;0,017320508;1,154700538;-0,577350269;-0,577350269;1,732050808;0
DI VM SP;0;0;0,21;0,07;0,121243557;-0,577350269;-0,577350269;1,154700538;0;1,732050808
DI NP VS;0;0;0,21;0,07;0,121243557;-0,577350269;-0,577350269;1,154700538;0;1,732050808
PR DI VM;0,03;0;0;0,01;0,017320508;1,154700538;-0,577350269;-0,577350269;1,732050808;0
CS RG NP;0,03;0;0;0,01;0,017320508;1,154700538;-0,577350269;-0,577350269;1,732050808;0
DI PI SP;0,03;0;0;0,01;0,017320508;1,154700538;-0,577350269;-0,577350269;1,732050808;0
PI VS RG;0,03;0;0;0,01;0,017320508;1,154700538;-0,577350269;-0,577350269;1,732050808;0
Z AQ VS;0;0,04;0;0,013333333;0,023094011;-0,577350269;1,154700538;-0,577350269;1,732050808;1,732050808
NP VM PI;0;0;0,21;0,07;0,121243557;-0,577350269;-0,577350269;1,154700538;0;1,732050808
RG NP NC;0;0;0,21;0,07;0,121243557;-0,577350269;-0,577350269;1,154700538;0;1,732050808
VM AP DA;0;0,04;0;0,013333333;0,023094011;-0,577350269;1,154700538;-0,577350269;1,732050808;1,732050808
DA CC CS;0,03;0;0;0,01;0,017320508;1,154700538;-0,577350269;-0,577350269;1,732050808;0
PP PR SP;0,03;0;0;0,01;0,017320508;1,154700538;-0,577350269;-0,577350269;1,732050808;0
NP AQ DD;0;0,04;0;0,013333333;0,023094011;-0,577350269;1,154700538;-0,577350269;1,732050808;1,732050808
VS CS RN;0,03;0;0;0,01;0,017320508;1,154700538;-0,577350269;-0,577350269;1,732050808;0
NP AQ DI;0;0,04;0;0,013333333;0,023094011;-0,577350269;1,154700538;-0,577350269;1,732050808;1,732050808
PD VS SP;0,03;0;0;0,01;0,017320508;1,154700538;-0,577350269;-0,577350269;1,732050808;0
RG NP PP;0,03;0;0;0,01;0,017320508;1,154700538;-0,577350269;-0,577350269;1,732050808;0
DI PI VM;0;0,04;0;0,013333333;0,023094011;-0,577350269;1,154700538;-0,577350269;1,732050808;1,732050808
PP PD CS;0,03;0;0;0,01;0,017320508;1,154700538;-0,577350269;-0,577350269;1,732050808;0
RN PP VS;0,03;0;0;0,01;0,017320508;1,154700538;-0,577350269;-0,577350269;1,732050808;0
NC NP I;0;0,04;0;0,013333333;0,023094011;-0,577350269;1,154700538;-0,577350269;1,732050808;1,732050808
RG Z NC;0,03;0;0;0,01;0,017320508;1,154700538;-0,577350269;-0,577350269;1,732050808;0
SP VA P0;0;0,04;0;0,013333333;0,023094011;-0,577350269;1,154700538;-0,577350269;1,732050808;1,732050808
DI NP SP;0,03;0;0;0,01;0,017320508;1,154700538;-0,577350269;-0,577350269;1,732050808;0
RG NP RN;0,03;0;0;0,01;0,017320508;1,154700538;-0,577350269;-0,577350269;1,732050808;0
RG SP Z;0,03;0;0;0,01;0,017320508;1,154700538;-0,577350269;-0,577350269;1,732050808;0
AO VM CS;0;0,04;0;0,013333333;0,023094011;-0,577350269;1,154700538;-0,577350269;1,732050808;1,732050808
VM VA PP;0;0;0,21;0,07;0,121243557;-0,577350269;-0,577350269;1,154700538;0;1,732050808
DA RN AQ;0,03;0;0;0,01;0,017320508;1,154700538;-0,577350269;-0,577350269;1,732050808;0
PT VS DD;0,03;0;0;0,01;0,017320508;1,154700538;-0,577350269;-0,577350269;1,732050808;0
PT VS DA;0,03;0;0;0,01;0,017320508;1,154700538;-0,577350269;-0,577350269;1,732050808;0
RG PI PP;0,03;0;0;0,01;0,017320508;1,154700538;-0,577350269;-0,577350269;1,732050808;0
CS DI PR;0;0,04;0;0,013333333;0,023094011;-0,577350269;1,154700538;-0,577350269;1,732050808;1,732050808
AP NP PR;0;0,04;0;0,013333333;0,023094011;-0,577350269;1,154700538;-0,577350269;1,732050808;1,732050808
PI VS PD;0;0,04;0;0,013333333;0,023094011;-0,577350269;1,154700538;-0,577350269;1,732050808;1,732050808
PI VS PI;0;0,04;0;0,013333333;0,023094011;-0,577350269;1,154700538;-0,577350269;1,732050808;1,732050808
CC DI VM;0,03;0;0;0,01;0,017320508;1,154700538;-0,577350269;-0,577350269;1,732050808;0
NP VM VA;0,03;0;0;0,01;0,017320508;1,154700538;-0,577350269;-0,577350269;1,732050808;0
AQ VM DE;0;0,04;0;0,013333333;0,023094011;-0,577350269;1,154700538;-0,577350269;1,732050808;1,732050808
P0 VM AO;0,03;0;0;0,01;0,017320508;1,154700538;-0,577350269;-0,577350269;1,732050808;0
VS CS NP;0;0,04;0;0,013333333;0,023094011;-0,577350269;1,154700538;-0,577350269;1,732050808;1,732050808
PI PR RG;0;0,04;0;0,013333333;0,023094011;-0,577350269;1,154700538;-0,577350269;1,732050808;1,732050808
NC DP CS;0,03;0;0;0,01;0,017320508;1,154700538;-0,577350269;-0,577350269;1,732050808;0
AP VM NP;0,03;0;0;0,01;0,017320508;1,154700538;-0,577350269;-0,577350269;1,732050808;0
PT NC VM;0,03;0;0;0,01;0,017320508;1,154700538;-0,577350269;-0,577350269;1,732050808;0
VM VA SP;0,03;0;0;0,01;0,017320508;1,154700538;-0,577350269;-0,577350269;1,732050808;0
DI CC DP;0;0,04;0;0,013333333;0,023094011;-0,577350269;1,154700538;-0,577350269;1,732050808;1,732050808
NC DP CC;0;0,04;0;0,013333333;0,023094011;-0,577350269;1,154700538;-0,577350269;1,732050808;1,732050808
I DP NP;0,03;0;0;0,01;0,017320508;1,154700538;-0,577350269;-0,577350269;1,732050808;0
DI DP AQ;0;0,04;0;0,013333333;0,023094011;-0,577350269;1,154700538;-0,577350269;1,732050808;1,732050808
RG VM PI;0,03;0;0;0,01;0,017320508;1,154700538;-0,577350269;-0,577350269;1,732050808;0
NC DP DI;0,03;0;0;0,01;0,017320508;1,154700538;-0,577350269;-0,577350269;1,732050808;0
I SP NP;0,03;0;0;0,01;0,017320508;1,154700538;-0,577350269;-0,577350269;1,732050808;0
I SP NC;0;0,04;0;0,013333333;0,023094011;-0,577350269;1,154700538;-0,577350269;1,732050808;1,732050808
I DE NC;0,03;0;0;0,01;0,017320508;1,154700538;-0,577350269;-0,577350269;1,732050808;0
AP VM PP;0;0,04;0;0,013333333;0,023094011;-0,577350269;1,154700538;-0,577350269;1,732050808;1,732050808
CS DI DD;0,03;0;0;0,01;0,017320508;1,154700538;-0,577350269;-0,577350269;1,732050808;0
RG PT DA;0,03;0;0;0,01;0,017320508;1,154700538;-0,577350269;-0,577350269;1,732050808;0
VM PP I;0;0,04;0;0,013333333;0,023094011;-0,577350269;1,154700538;-0,577350269;1,732050808;1,732050808
PI CS CC;0;0;0,21;0,07;0,121243557;-0,577350269;-0,577350269;1,154700538;0;1,732050808
AP NP CC;0,03;0;0;0,01;0,017320508;1,154700538;-0,577350269;-0,577350269;1,732050808;0
AO NP DA;0;0,04;0;0,013333333;0,023094011;-0,577350269;1,154700538;-0,577350269;1,732050808;1,732050808
I RN NC;0,03;0;0;0,01;0,017320508;1,154700538;-0,577350269;-0,577350269;1,732050808;0
PP NC PI;0;0,04;0;0,013333333;0,023094011;-0,577350269;1,154700538;-0,577350269;1,732050808;1,732050808
PP NC PT;0;0;0,21;0,07;0,121243557;-0,577350269;-0,577350269;1,154700538;0;1,732050808
PP PR RN;0,03;0;0;0,01;0,017320508;1,154700538;-0,577350269;-0,577350269;1,732050808;0
PR RG VA;0,03;0;0;0,01;0,017320508;1,154700538;-0,577350269;-0,577350269;1,732050808;0
PD CS PI;0;0,04;0;0,013333333;0,023094011;-0,577350269;1,154700538;-0,577350269;1,732050808;1,732050808
AP PT CS;0,03;0;0;0,01;0,017320508;1,154700538;-0,577350269;-0,577350269;1,732050808;0
Z DA NC;0;0;0,21;0,07;0,121243557;-0,577350269;-0,577350269;1,154700538;0;1,732050808
NP PI SP;0;0,04;0;0,013333333;0,023094011;-0,577350269;1,154700538;-0,577350269;1,732050808;1,732050808
PP PR PR;0;0,04;0;0,013333333;0,023094011;-0,577350269;1,154700538;-0,577350269;1,732050808;1,732050808
PP I DP;0;0,04;0;0,013333333;0,023094011;-0,577350269;1,154700538;-0,577350269;1,732050808;1,732050808
PP I DT;0,03;0;0;0,01;0,017320508;1,154700538;-0,577350269;-0,577350269;1,732050808;0
PD CS NC;0,03;0;0;0,01;0,017320508;1,154700538;-0,577350269;-0,577350269;1,732050808;0
PD VS NP;0;0;0,21;0,07;0,121243557;-0,577350269;-0,577350269;1,154700538;0;1,732050808
AQ PI CC;0;0,04;0;0,013333333;0,023094011;-0,577350269;1,154700538;-0,577350269;1,732050808;1,732050808
AQ PI AQ;0,03;0;0;0,01;0,017320508;1,154700538;-0,577350269;-0,577350269;1,732050808;0
AO VM NC;0;0,04;0;0,013333333;0,023094011;-0,577350269;1,154700538;-0,577350269;1,732050808;1,732050808
SP PD Z;0,03;0;0;0,01;0,017320508;1,154700538;-0,577350269;-0,577350269;1,732050808;0
PI RG SP;0;0,04;0;0,013333333;0,023094011;-0,577350269;1,154700538;-0,577350269;1,732050808;1,732050808
NC DI PP;0,03;0;0;0,01;0,017320508;1,154700538;-0,577350269;-0,577350269;1,732050808;0
RG CS CC;0;0;0,21;0,07;0,121243557;-0,577350269;-0,577350269;1,154700538;0;1,732050808
P0 RN VM;0,03;0;0;0,01;0,017320508;1,154700538;-0,577350269;-0,577350269;1,732050808;0
I DP VM;0,03;0;0;0,01;0,017320508;1,154700538;-0,577350269;-0,577350269;1,732050808;0
DA CC SP;0,03;0;0;0,01;0,017320508;1,154700538;-0,577350269;-0,577350269;1,732050808;0
NP I NP;0;0,04;0;0,013333333;0,023094011;-0,577350269;1,154700538;-0,577350269;1,732050808;1,732050808
CS VA AQ;0;0,04;0;0,013333333;0,023094011;-0,577350269;1,154700538;-0,577350269;1,732050808;1,732050808
DA NC DE;0;0,04;0;0,013333333;0,023094011;-0,577350269;1,154700538;-0,577350269;1,732050808;1,732050808
RG VS VS;0,03;0;0;0,01;0,017320508;1,154700538;-0,577350269;-0,577350269;1,732050808;0
P0 CC SP;0,03;0;0;0,01;0,017320508;1,154700538;-0,577350269;-0,577350269;1,732050808;0
DA NC DT;0,03;0;0;0,01;0,017320508;1,154700538;-0,577350269;-0,577350269;1,732050808;0
DA RN VS;0;0;0,21;0,07;0,121243557;-0,577350269;-0,577350269;1,154700538;0;1,732050808
I SP VM;0,03;0;0;0,01;0,017320508;1,154700538;-0,577350269;-0,577350269;1,732050808;0
CS VA CC;0;0,04;0;0,013333333;0,023094011;-0,577350269;1,154700538;-0,577350269;1,732050808;1,732050808
PI RG RG;0,03;0;0;0,01;0,017320508;1,154700538;-0,577350269;-0,577350269;1,732050808;0
CC AQ I;0;0;0,21;0,07;0,121243557;-0,577350269;-0,577350269;1,154700538;0;1,732050808
PD VS CS;0;0,04;0;0,013333333;0,023094011;-0,577350269;1,154700538;-0,577350269;1,732050808;1,732050808
I NC CS;0,03;0;0;0,01;0,017320508;1,154700538;-0,577350269;-0,577350269;1,732050808;0
PD VS DD;0,03;0;0;0,01;0,017320508;1,154700538;-0,577350269;-0,577350269;1,732050808;0
I NC DD;0,03;0;0;0,01;0,017320508;1,154700538;-0,577350269;-0,577350269;1,732050808;0
NP CC DI;0,03;0;0;0,01;0,017320508;1,154700538;-0,577350269;-0,577350269;1,732050808;0
I NC CC;0,03;0;0;0,01;0,017320508;1,154700538;-0,577350269;-0,577350269;1,732050808;0
VM PT NP;0;0;0,21;0,07;0,121243557;-0,577350269;-0,577350269;1,154700538;0;1,732050808
DA PR AQ;0,03;0;0;0,01;0,017320508;1,154700538;-0,577350269;-0,577350269;1,732050808;0
DA PR AP;0,03;0;0;0,01;0,017320508;1,154700538;-0,577350269;-0,577350269;1,732050808;0
AO CS RN;0;0;0,21;0,07;0,121243557;-0,577350269;-0,577350269;1,154700538;0;1,732050808
NP RN DD;0,03;0;0;0,01;0,017320508;1,154700538;-0,577350269;-0,577350269;1,732050808;0
DA SP PP;0,03;0;0;0,01;0,017320508;1,154700538;-0,577350269;-0,577350269;1,732050808;0
VM PI PP;0,03;0;0;0,01;0,017320508;1,154700538;-0,577350269;-0,577350269;1,732050808;0
VM PT P0;0,03;0;0;0,01;0,017320508;1,154700538;-0,577350269;-0,577350269;1,732050808;0
DI AQ DE;0;0,04;0;0,013333333;0,023094011;-0,577350269;1,154700538;-0,577350269;1,732050808;1,732050808
NC DI RG;0;0;0,21;0,07;0,121243557;-0,577350269;-0,577350269;1,154700538;0;1,732050808
AP DI AQ;0,03;0;0;0,01;0,017320508;1,154700538;-0,577350269;-0,577350269;1,732050808;0
PP NC I;0;0,04;0;0,013333333;0,023094011;-0,577350269;1,154700538;-0,577350269;1,732050808;1,732050808
I SP PT;0,03;0;0;0,01;0,017320508;1,154700538;-0,577350269;-0,577350269;1,732050808;0
RG CS DD;0;0,04;0;0,013333333;0,023094011;-0,577350269;1,154700538;-0,577350269;1,732050808;1,732050808
DP AQ Z;0;0,04;0;0,013333333;0,023094011;-0,577350269;1,154700538;-0,577350269;1,732050808;1,732050808
I SP PP;0,03;0;0;0,01;0,017320508;1,154700538;-0,577350269;-0,577350269;1,732050808;0
NP DP NP;0;0,04;0;0,013333333;0,023094011;-0,577350269;1,154700538;-0,577350269;1,732050808;1,732050808
P0 NC CS;0,03;0;0;0,01;0,017320508;1,154700538;-0,577350269;-0,577350269;1,732050808;0
PD SP VM;0;0;0,21;0,07;0,121243557;-0,577350269;-0,577350269;1,154700538;0;1,732050808
P0 SP NP;0,03;0;0;0,01;0,017320508;1,154700538;-0,577350269;-0,577350269;1,732050808;0
NC Z SP;0,03;0;0;0,01;0,017320508;1,154700538;-0,577350269;-0,577350269;1,732050808;0
I NC PT;0;0;0,21;0,07;0,121243557;-0,577350269;-0,577350269;1,154700538;0;1,732050808
I NC PR;0,03;0;0;0,01;0,017320508;1,154700538;-0,577350269;-0,577350269;1,732050808;0
NC Z RG;0;0,04;0;0,013333333;0,023094011;-0,577350269;1,154700538;-0,577350269;1,732050808;1,732050808
VM PT RN;0;0,04;0;0,013333333;0,023094011;-0,577350269;1,154700538;-0,577350269;1,732050808;1,732050808
NP CC PI;0,03;0;0;0,01;0,017320508;1,154700538;-0,577350269;-0,577350269;1,732050808;0
VM PT RG;0,03;0;0;0,01;0,017320508;1,154700538;-0,577350269;-0,577350269;1,732050808;0
NP RN CS;0;0;0,21;0,07;0,121243557;-0,577350269;-0,577350269;1,154700538;0;1,732050808
I PR NC;0;0,04;0;0,013333333;0,023094011;-0,577350269;1,154700538;-0,577350269;1,732050808;1,732050808
PD PR RN;0;0,04;0;0,013333333;0,023094011;-0,577350269;1,154700538;-0,577350269;1,732050808;1,732050808
P0 NC NC;0,03;0;0;0,01;0,017320508;1,154700538;-0,577350269;-0,577350269;1,732050808;0
CC DA Z;0;0;0,21;0,07;0,121243557;-0,577350269;-0,577350269;1,154700538;0;1,732050808
NP DP AO;0;0,04;0;0,013333333;0,023094011;-0,577350269;1,154700538;-0,577350269;1,732050808;1,732050808
AP RG AQ;0;0,04;0;0,013333333;0,023094011;-0,577350269;1,154700538;-0,577350269;1,732050808;1,732050808
RG CS PD;0,03;0;0;0,01;0,017320508;1,154700538;-0,577350269;-0,577350269;1,732050808;0
NC VA CC;0;0,04;0;0,013333333;0,023094011;-0,577350269;1,154700538;-0,577350269;1,732050808;1,732050808
NP DP CC;0;0;0,21;0,07;0,121243557;-0,577350269;-0,577350269;1,154700538;0;1,732050808
CC PP DT;0;0,04;0;0,013333333;0,023094011;-0,577350269;1,154700538;-0,577350269;1,732050808;1,732050808
NC VA DT;0;0,04;0;0,013333333;0,023094011;-0,577350269;1,154700538;-0,577350269;1,732050808;1,732050808
NC Z VM;0,03;0;0;0,01;0,017320508;1,154700538;-0,577350269;-0,577350269;1,732050808;0
NC VA DA;0;0,04;0;0,013333333;0,023094011;-0,577350269;1,154700538;-0,577350269;1,732050808;1,732050808
NP DP DA;0;0,04;0;0,013333333;0,023094011;-0,577350269;1,154700538;-0,577350269;1,732050808;1,732050808
CS RG PD;0;0,04;0;0,013333333;0,023094011;-0,577350269;1,154700538;-0,577350269;1,732050808;1,732050808
RG VS PP;0,03;0;0;0,01;0,017320508;1,154700538;-0,577350269;-0,577350269;1,732050808;0
I AQ VM;0,03;0;0;0,01;0,017320508;1,154700538;-0,577350269;-0,577350269;1,732050808;0
PI RG CC;0,03;0;0;0,01;0,017320508;1,154700538;-0,577350269;-0,577350269;1,732050808;0
P0 CC CS;0;0,04;0;0,013333333;0,023094011;-0,577350269;1,154700538;-0,577350269;1,732050808;1,732050808
P0 CC DA;0,03;0;0;0,01;0,017320508;1,154700538;-0,577350269;-0,577350269;1,732050808;0
PI RG CS;0,03;0;0;0,01;0,017320508;1,154700538;-0,577350269;-0,577350269;1,732050808;0
DI DD NC;0,03;0;0;0,01;0,017320508;1,154700538;-0,577350269;-0,577350269;1,732050808;0
DA PR PI;0,03;0;0;0,01;0,017320508;1,154700538;-0,577350269;-0,577350269;1,732050808;0
PI RG DA;0,03;0;0;0,01;0,017320508;1,154700538;-0,577350269;-0,577350269;1,732050808;0
NP PR DD;0;0,04;0;0,013333333;0,023094011;-0,577350269;1,154700538;-0,577350269;1,732050808;1,732050808
NC RG DI;0,03;0;0;0,01;0,017320508;1,154700538;-0,577350269;-0,577350269;1,732050808;0
DA Z CS;0,03;0;0;0,01;0,017320508;1,154700538;-0,577350269;-0,577350269;1,732050808;0
PT RN AQ;0;0,04;0;0,013333333;0,023094011;-0,577350269;1,154700538;-0,577350269;1,732050808;1,732050808
DA PR NC;0,03;0;0;0,01;0,017320508;1,154700538;-0,577350269;-0,577350269;1,732050808;0
I PR SP;0,03;0;0;0,01;0,017320508;1,154700538;-0,577350269;-0,577350269;1,732050808;0
VS DI SP;0;0,04;0;0,013333333;0,023094011;-0,577350269;1,154700538;-0,577350269;1,732050808;1,732050808
DD RG DA;0,03;0;0;0,01;0,017320508;1,154700538;-0,577350269;-0,577350269;1,732050808;0
AP AQ PR;0,03;0;0;0,01;0,017320508;1,154700538;-0,577350269;-0,577350269;1,732050808;0
I PR RG;0;0,04;0;0,013333333;0,023094011;-0,577350269;1,154700538;-0,577350269;1,732050808;1,732050808
PT SP CS;0,03;0;0;0,01;0,017320508;1,154700538;-0,577350269;-0,577350269;1,732050808;0
P0 NC RG;0;0,04;0;0,013333333;0,023094011;-0,577350269;1,154700538;-0,577350269;1,732050808;1,732050808
VS DI NP;0,03;0;0;0,01;0,017320508;1,154700538;-0,577350269;-0,577350269;1,732050808;0
VS DT NC;0;0,04;0;0,013333333;0,023094011;-0,577350269;1,154700538;-0,577350269;1,732050808;1,732050808
VS RG VS;0;0;0,21;0,07;0,121243557;-0,577350269;-0,577350269;1,154700538;0;1,732050808
NP SP SP;0;0;0,21;0,07;0,121243557;-0,577350269;-0,577350269;1,154700538;0;1,732050808
VS RG P0;0,03;0;0;0,01;0,017320508;1,154700538;-0,577350269;-0,577350269;1,732050808;0
AP AQ VM;0;0,04;0;0,013333333;0,023094011;-0,577350269;1,154700538;-0,577350269;1,732050808;1,732050808
VM VM PD;0;0,04;0;0,013333333;0,023094011;-0,577350269;1,154700538;-0,577350269;1,732050808;1,732050808
DI NC DD;0,03;0;0;0,01;0,017320508;1,154700538;-0,577350269;-0,577350269;1,732050808;0
VS RG PP;0;0;0,21;0,07;0,121243557;-0,577350269;-0,577350269;1,154700538;0;1,732050808
PR VA VS;0,03;0;0;0,01;0,017320508;1,154700538;-0,577350269;-0,577350269;1,732050808;0
DP DI AQ;0,03;0;0;0,01;0,017320508;1,154700538;-0,577350269;-0,577350269;1,732050808;0
VM PT AQ;0;0,04;0;0,013333333;0,023094011;-0,577350269;1,154700538;-0,577350269;1,732050808;1,732050808
P0 VS AQ;0;0,04;0;0,013333333;0,023094011;-0,577350269;1,154700538;-0,577350269;1,732050808;1,732050808
PD RN VS;0,03;0;0;0,01;0,017320508;1,154700538;-0,577350269;-0,577350269;1,732050808;0
VM NP RN;0,03;0;0;0,01;0,017320508;1,154700538;-0,577350269;-0,577350269;1,732050808;0
PD PR AQ;0,03;0;0;0,01;0,017320508;1,154700538;-0,577350269;-0,577350269;1,732050808;0
PT DP AQ;0,03;0;0;0,01;0,017320508;1,154700538;-0,577350269;-0,577350269;1,732050808;0
I CS AQ;0,03;0;0;0,01;0,017320508;1,154700538;-0,577350269;-0,577350269;1,732050808;0
I CS CC;0,03;0;0;0,01;0,017320508;1,154700538;-0,577350269;-0,577350269;1,732050808;0
NP RN RG;0;0,04;0;0,013333333;0,023094011;-0,577350269;1,154700538;-0,577350269;1,732050808;1,732050808
VS RG RN;0,03;0;0;0,01;0,017320508;1,154700538;-0,577350269;-0,577350269;1,732050808;0
AP AQ SP;0;0,04;0;0,013333333;0,023094011;-0,577350269;1,154700538;-0,577350269;1,732050808;1,732050808
VM PT DP;0;0;0,21;0,07;0,121243557;-0,577350269;-0,577350269;1,154700538;0;1,732050808
VM PT DI;0;0,04;0;0,013333333;0,023094011;-0,577350269;1,154700538;-0,577350269;1,732050808;1,732050808
I CS DA;0;0,04;0;0,013333333;0,023094011;-0,577350269;1,154700538;-0,577350269;1,732050808;1,732050808
AP DA NC;0;0,04;0;0,013333333;0,023094011;-0,577350269;1,154700538;-0,577350269;1,732050808;1,732050808
DA NC PE;0;0,04;0;0,013333333;0,023094011;-0,577350269;1,154700538;-0,577350269;1,732050808;1,732050808
DI DD AQ;0,03;0;0;0,01;0,017320508;1,154700538;-0,577350269;-0,577350269;1,732050808;0
PD SP PP;0;0,04;0;0,013333333;0,023094011;-0,577350269;1,154700538;-0,577350269;1,732050808;1,732050808
VM DD PR;0,03;0;0;0,01;0,017320508;1,154700538;-0,577350269;-0,577350269;1,732050808;0
RG PD VM;0;0,04;0;0,013333333;0,023094011;-0,577350269;1,154700538;-0,577350269;1,732050808;1,732050808
VM NP P0;0,03;0;0;0,01;0,017320508;1,154700538;-0,577350269;-0,577350269;1,732050808;0
VM DA I;0;0;0,21;0,07;0,121243557;-0,577350269;-0,577350269;1,154700538;0;1,732050808
DI SP RG;0;0,04;0;0,013333333;0,023094011;-0,577350269;1,154700538;-0,577350269;1,732050808;1,732050808
NP RN P0;0;0,04;0;0,013333333;0,023094011;-0,577350269;1,154700538;-0,577350269;1,732050808;1,732050808
NC RG PT;0,03;0;0;0,01;0,017320508;1,154700538;-0,577350269;-0,577350269;1,732050808;0
AP DA PR;0,03;0;0;0,01;0,017320508;1,154700538;-0,577350269;-0,577350269;1,732050808;0
NP DE VS;0;0,04;0;0,013333333;0,023094011;-0,577350269;1,154700538;-0,577350269;1,732050808;1,732050808
VM DA Z;0,03;0;0;0,01;0,017320508;1,154700538;-0,577350269;-0,577350269;1,732050808;0
NP DP VM;0,03;0;0;0,01;0,017320508;1,154700538;-0,577350269;-0,577350269;1,732050808;0
P0 PR VM;0,03;0;0;0,01;0,017320508;1,154700538;-0,577350269;-0,577350269;1,732050808;0
VM DD NP;0;0,04;0;0,013333333;0,023094011;-0,577350269;1,154700538;-0,577350269;1,732050808;1,732050808
PD SP NP;0;0,04;0;0,013333333;0,023094011;-0,577350269;1,154700538;-0,577350269;1,732050808;1,732050808
PP VA VS;0,03;0;0;0,01;0,017320508;1,154700538;-0,577350269;-0,577350269;1,732050808;0
NP DP VS;0;0;0,21;0,07;0,121243557;-0,577350269;-0,577350269;1,154700538;0;1,732050808
VM AQ PD;0;0,04;0;0,013333333;0,023094011;-0,577350269;1,154700538;-0,577350269;1,732050808;1,732050808
AQ CS Z;0;0,04;0;0,013333333;0,023094011;-0,577350269;1,154700538;-0,577350269;1,732050808;1,732050808
VS DI DA;0;0,04;0;0,013333333;0,023094011;-0,577350269;1,154700538;-0,577350269;1,732050808;1,732050808
RG SP SP;0;0;0,21;0,07;0,121243557;-0,577350269;-0,577350269;1,154700538;0;1,732050808
VM AQ P0;0,03;0;0;0,01;0,017320508;1,154700538;-0,577350269;-0,577350269;1,732050808;0
RG NC DD;0;0,04;0;0,013333333;0,023094011;-0,577350269;1,154700538;-0,577350269;1,732050808;1,732050808
RG RN SP;0,03;0;0;0,01;0,017320508;1,154700538;-0,577350269;-0,577350269;1,732050808;0
RG NC DP;0;0,04;0;0,013333333;0,023094011;-0,577350269;1,154700538;-0,577350269;1,732050808;1,732050808
I AQ DA;0,03;0;0;0,01;0,017320508;1,154700538;-0,577350269;-0,577350269;1,732050808;0
VM P0 RN;0,03;0;0;0,01;0,017320508;1,154700538;-0,577350269;-0,577350269;1,732050808;0
I AQ CS;0;0,04;0;0,013333333;0,023094011;-0,577350269;1,154700538;-0,577350269;1,732050808;1,732050808
I AQ CC;0,03;0;0;0,01;0,017320508;1,154700538;-0,577350269;-0,577350269;1,732050808;0
VS DI AQ;0,03;0;0;0,01;0,017320508;1,154700538;-0,577350269;-0,577350269;1,732050808;0
AO PR NP;0,03;0;0;0,01;0,017320508;1,154700538;-0,577350269;-0,577350269;1,732050808;0
RG RN VA;0,03;0;0;0,01;0,017320508;1,154700538;-0,577350269;-0,577350269;1,732050808;0
VM P0 PR;0,03;0;0;0,01;0,017320508;1,154700538;-0,577350269;-0,577350269;1,732050808;0
VM AQ PT;0,03;0;0;0,01;0,017320508;1,154700538;-0,577350269;-0,577350269;1,732050808;0
DE NC VA;0;0,04;0;0,013333333;0,023094011;-0,577350269;1,154700538;-0,577350269;1,732050808;1,732050808
RG SP RN;0;0,04;0;0,013333333;0,023094011;-0,577350269;1,154700538;-0,577350269;1,732050808;1,732050808
VM AQ PI;0;0,04;0;0,013333333;0,023094011;-0,577350269;1,154700538;-0,577350269;1,732050808;1,732050808
PT PP DP;0,03;0;0;0,01;0,017320508;1,154700538;-0,577350269;-0,577350269;1,732050808;0
VM DA PI;0;0;0,21;0,07;0,121243557;-0,577350269;-0,577350269;1,154700538;0;1,732050808
PI AQ NP;0;0,04;0;0,013333333;0,023094011;-0,577350269;1,154700538;-0,577350269;1,732050808;1,732050808
DI NC PI;0,03;0;0;0,01;0,017320508;1,154700538;-0,577350269;-0,577350269;1,732050808;0
VM P0 NP;0,03;0;0;0,01;0,017320508;1,154700538;-0,577350269;-0,577350269;1,732050808;0
AO PR SP;0;0;0,21;0,07;0,121243557;-0,577350269;-0,577350269;1,154700538;0;1,732050808
AO NC VS;0;0,04;0;0,013333333;0,023094011;-0,577350269;1,154700538;-0,577350269;1,732050808;1,732050808
NP CC I;0;0,04;0;0,013333333;0,023094011;-0,577350269;1,154700538;-0,577350269;1,732050808;1,732050808
AQ CS PR;0;0,04;0;0,013333333;0,023094011;-0,577350269;1,154700538;-0,577350269;1,732050808;1,732050808
NP CC Z;0;0,04;0;0,013333333;0,023094011;-0,577350269;1,154700538;-0,577350269;1,732050808;1,732050808
RG CC VS;0;0;0,21;0,07;0,121243557;-0,577350269;-0,577350269;1,154700538;0;1,732050808
AQ CS PD;0;0,04;0;0,013333333;0,023094011;-0,577350269;1,154700538;-0,577350269;1,732050808;1,732050808
DE NC RG;0;0,04;0;0,013333333;0,023094011;-0,577350269;1,154700538;-0,577350269;1,732050808;1,732050808
I CS NC;0;0,04;0;0,013333333;0,023094011;-0,577350269;1,154700538;-0,577350269;1,732050808;1,732050808
NP NC Z;0,03;0;0;0,01;0,017320508;1,154700538;-0,577350269;-0,577350269;1,732050808;0
AQ RN AQ;0,03;0;0;0,01;0,017320508;1,154700538;-0,577350269;-0,577350269;1,732050808;0
VM DA DI;0,03;0;0;0,01;0,017320508;1,154700538;-0,577350269;-0,577350269;1,732050808;0
I CS PI;0;0,04;0;0,013333333;0,023094011;-0,577350269;1,154700538;-0,577350269;1,732050808;1,732050808
Z RG VM;0;0,04;0;0,013333333;0,023094011;-0,577350269;1,154700538;-0,577350269;1,732050808;1,732050808
AQ SP DT;0,03;0;0;0,01;0,017320508;1,154700538;-0,577350269;-0,577350269;1,732050808;0
NP VS VA;0;0;0,21;0,07;0,121243557;-0,577350269;-0,577350269;1,154700538;0;1,732050808
PD SP DD;0,03;0;0;0,01;0,017320508;1,154700538;-0,577350269;-0,577350269;1,732050808;0
AQ CS DD;0;0;0,21;0,07;0,121243557;-0,577350269;-0,577350269;1,154700538;0;1,732050808
NP NC RN;0;0,04;0;0,013333333;0,023094011;-0,577350269;1,154700538;-0,577350269;1,732050808;1,732050808
PP PP AQ;0,03;0;0;0,01;0,017320508;1,154700538;-0,577350269;-0,577350269;1,732050808;0
I VS VM;0,03;0;0;0,01;0,017320508;1,154700538;-0,577350269;-0,577350269;1,732050808;0
DA AO PR;0;0;0,21;0,07;0,121243557;-0,577350269;-0,577350269;1,154700538;0;1,732050808
DA PR VA;0,03;0;0;0,01;0,017320508;1,154700538;-0,577350269;-0,577350269;1,732050808;0
AQ I VM;0,03;0;0;0,01;0,017320508;1,154700538;-0,577350269;-0,577350269;1,732050808;0
DA AO PP;0,03;0;0;0,01;0,017320508;1,154700538;-0,577350269;-0,577350269;1,732050808;0
RN VA AQ;0,03;0;0;0,01;0,017320508;1,154700538;-0,577350269;-0,577350269;1,732050808;0
NC I CS;0;0,04;0;0,013333333;0,023094011;-0,577350269;1,154700538;-0,577350269;1,732050808;1,732050808
AQ I VS;0,03;0;0;0,01;0,017320508;1,154700538;-0,577350269;-0,577350269;1,732050808;0
RG RN PP;0,03;0;0;0,01;0,017320508;1,154700538;-0,577350269;-0,577350269;1,732050808;0
DI VS DA;0;0,04;0;0,013333333;0,023094011;-0,577350269;1,154700538;-0,577350269;1,732050808;1,732050808
RG SP PT;0,03;0;0;0,01;0,017320508;1,154700538;-0,577350269;-0,577350269;1,732050808;0
AQ I PP;0,03;0;0;0,01;0,017320508;1,154700538;-0,577350269;-0,577350269;1,732050808;0
PD I RG;0,03;0;0;0,01;0,017320508;1,154700538;-0,577350269;-0,577350269;1,732050808;0
NP NC PP;0;0,04;0;0,013333333;0,023094011;-0,577350269;1,154700538;-0,577350269;1,732050808;1,732050808
AO NC CC;0;0,04;0;0,013333333;0,023094011;-0,577350269;1,154700538;-0,577350269;1,732050808;1,732050808
PT PP PP;0,03;0;0;0,01;0,017320508;1,154700538;-0,577350269;-0,577350269;1,732050808;0
DA AO VM;0;0,04;0;0,013333333;0,023094011;-0,577350269;1,154700538;-0,577350269;1,732050808;1,732050808
DI PD CC;0,03;0;0;0,01;0,017320508;1,154700538;-0,577350269;-0,577350269;1,732050808;0
VS AQ P0;0;0,04;0;0,013333333;0,023094011;-0,577350269;1,154700538;-0,577350269;1,732050808;1,732050808
AO NC AP;0;0,04;0;0,013333333;0,023094011;-0,577350269;1,154700538;-0,577350269;1,732050808;1,732050808
DA CS RN;0,03;0;0;0,01;0,017320508;1,154700538;-0,577350269;-0,577350269;1,732050808;0
RG PR RG;0,03;0;0;0,01;0,017320508;1,154700538;-0,577350269;-0,577350269;1,732050808;0
RG PR RN;0,03;0;0;0,01;0,017320508;1,154700538;-0,577350269;-0,577350269;1,732050808;0
RG VS DD;0;0,04;0;0,013333333;0,023094011;-0,577350269;1,154700538;-0,577350269;1,732050808;1,732050808
RG VS DA;0;0,04;0;0,013333333;0,023094011;-0,577350269;1,154700538;-0,577350269;1,732050808;1,732050808
AQ RN NC;0,03;0;0;0,01;0,017320508;1,154700538;-0,577350269;-0,577350269;1,732050808;0
PR PP VS;0;0,04;0;0,013333333;0,023094011;-0,577350269;1,154700538;-0,577350269;1,732050808;1,732050808
PI PI VM;0,03;0;0;0,01;0,017320508;1,154700538;-0,577350269;-0,577350269;1,732050808;0
AQ NC AO;0;0,04;0;0,013333333;0,023094011;-0,577350269;1,154700538;-0,577350269;1,732050808;1,732050808
AP DT NC;0,03;0;0;0,01;0,017320508;1,154700538;-0,577350269;-0,577350269;1,732050808;0
RN RG RG;0,03;0;0;0,01;0,017320508;1,154700538;-0,577350269;-0,577350269;1,732050808;0
NP CS DI;0;0,04;0;0,013333333;0,023094011;-0,577350269;1,154700538;-0,577350269;1,732050808;1,732050808
RG PR SP;0;0,04;0;0,013333333;0,023094011;-0,577350269;1,154700538;-0,577350269;1,732050808;1,732050808
AO SP PP;0,03;0;0;0,01;0,017320508;1,154700538;-0,577350269;-0,577350269;1,732050808;0
NP CS CS;0,03;0;0;0,01;0,017320508;1,154700538;-0,577350269;-0,577350269;1,732050808;0
NC AP DT;0,03;0;0;0,01;0,017320508;1,154700538;-0,577350269;-0,577350269;1,732050808;0
NC AP DA;0,03;0;0;0,01;0,017320508;1,154700538;-0,577350269;-0,577350269;1,732050808;0
DA NP I;0;0,04;0;0,013333333;0,023094011;-0,577350269;1,154700538;-0,577350269;1,732050808;1,732050808
NC AP DD;0;0,04;0;0,013333333;0,023094011;-0,577350269;1,154700538;-0,577350269;1,732050808;1,732050808
PR AP VM;0,03;0;0;0,01;0,017320508;1,154700538;-0,577350269;-0,577350269;1,732050808;0
AQ RN RG;0,03;0;0;0,01;0,017320508;1,154700538;-0,577350269;-0,577350269;1,732050808;0
NP VS DD;0,03;0;0;0,01;0,017320508;1,154700538;-0,577350269;-0,577350269;1,732050808;0
PD CC DI;0;0,04;0;0,013333333;0,023094011;-0,577350269;1,154700538;-0,577350269;1,732050808;1,732050808
DI CS VS;0,03;0;0;0,01;0,017320508;1,154700538;-0,577350269;-0,577350269;1,732050808;0
AQ SP VA;0,03;0;0;0,01;0,017320508;1,154700538;-0,577350269;-0,577350269;1,732050808;0
VA DT NC;0;0,04;0;0,013333333;0,023094011;-0,577350269;1,154700538;-0,577350269;1,732050808;1,732050808
AP RG NC;0;0,04;0;0,013333333;0,023094011;-0,577350269;1,154700538;-0,577350269;1,732050808;1,732050808
VS AQ VS;0;0,04;0;0,013333333;0,023094011;-0,577350269;1,154700538;-0,577350269;1,732050808;1,732050808
AQ I DP;0;0,04;0;0,013333333;0,023094011;-0,577350269;1,154700538;-0,577350269;1,732050808;1,732050808
AQ SP VS;0,03;0;0;0,01;0,017320508;1,154700538;-0,577350269;-0,577350269;1,732050808;0
PI NP PR;0,03;0;0;0,01;0,017320508;1,154700538;-0,577350269;-0,577350269;1,732050808;0
PP PP SP;0,03;0;0;0,01;0,017320508;1,154700538;-0,577350269;-0,577350269;1,732050808;0
NC VA PP;0,03;0;0;0,01;0,017320508;1,154700538;-0,577350269;-0,577350269;1,732050808;0
DE VS RG;0;0,04;0;0,013333333;0,023094011;-0,577350269;1,154700538;-0,577350269;1,732050808;1,732050808
DD NC Z;0,03;0;0;0,01;0,017320508;1,154700538;-0,577350269;-0,577350269;1,732050808;0
DI CS SP;0,03;0;0;0,01;0,017320508;1,154700538;-0,577350269;-0,577350269;1,732050808;0
AQ PR CC;0,03;0;0;0,01;0,017320508;1,154700538;-0,577350269;-0,577350269;1,732050808;0
NP CS NP;0,03;0;0;0,01;0,017320508;1,154700538;-0,577350269;-0,577350269;1,732050808;0
CS PP CC;0,03;0;0;0,01;0,017320508;1,154700538;-0,577350269;-0,577350269;1,732050808;0
AQ PR CS;0,03;0;0;0,01;0,017320508;1,154700538;-0,577350269;-0,577350269;1,732050808;0
PI NP SP;0,03;0;0;0,01;0,017320508;1,154700538;-0,577350269;-0,577350269;1,732050808;0
AO NC P0;0;0;0,21;0,07;0,121243557;-0,577350269;-0,577350269;1,154700538;0;1,732050808
VM NP I;0;0,04;0;0,013333333;0,023094011;-0,577350269;1,154700538;-0,577350269;1,732050808;1,732050808
P0 DP NP;0;0,04;0;0,013333333;0,023094011;-0,577350269;1,154700538;-0,577350269;1,732050808;1,732050808
RG NC PD;0,03;0;0;0,01;0,017320508;1,154700538;-0,577350269;-0,577350269;1,732050808;0
VS DA PI;0;0;0,21;0,07;0,121243557;-0,577350269;-0,577350269;1,154700538;0;1,732050808
PR PP SP;0,03;0;0;0,01;0,017320508;1,154700538;-0,577350269;-0,577350269;1,732050808;0
RG NC PT;0;0,04;0;0,013333333;0,023094011;-0,577350269;1,154700538;-0,577350269;1,732050808;1,732050808
RG VS AP;0,03;0;0;0,01;0,017320508;1,154700538;-0,577350269;-0,577350269;1,732050808;0
PR PP PR;0,03;0;0;0,01;0,017320508;1,154700538;-0,577350269;-0,577350269;1,732050808;0
P0 CC VS;0;0;0,21;0,07;0,121243557;-0,577350269;-0,577350269;1,154700538;0;1,732050808
RG PR NP;0,03;0;0;0,01;0,017320508;1,154700538;-0,577350269;-0,577350269;1,732050808;0
PP PP VA;0,03;0;0;0,01;0,017320508;1,154700538;-0,577350269;-0,577350269;1,732050808;0
PR PP RN;0,03;0;0;0,01;0,017320508;1,154700538;-0,577350269;-0,577350269;1,732050808;0
I VM NP;0;0,04;0;0,013333333;0,023094011;-0,577350269;1,154700538;-0,577350269;1,732050808;1,732050808
CC RN VA;0,03;0;0;0,01;0,017320508;1,154700538;-0,577350269;-0,577350269;1,732050808;0
VA DA PR;0;0,04;0;0,013333333;0,023094011;-0,577350269;1,154700538;-0,577350269;1,732050808;1,732050808
PP DA AP;0,03;0;0;0,01;0,017320508;1,154700538;-0,577350269;-0,577350269;1,732050808;0
PR CC VS;0,03;0;0;0,01;0,017320508;1,154700538;-0,577350269;-0,577350269;1,732050808;0
AO CC DA;0;0;0,21;0,07;0,121243557;-0,577350269;-0,577350269;1,154700538;0;1,732050808
VA P0 VM;0;0,04;0;0,013333333;0,023094011;-0,577350269;1,154700538;-0,577350269;1,732050808;1,732050808
VM VS DD;0;0,04;0;0,013333333;0,023094011;-0,577350269;1,154700538;-0,577350269;1,732050808;1,732050808
VM NC PD;0;0,04;0;0,013333333;0,023094011;-0,577350269;1,154700538;-0,577350269;1,732050808;1,732050808
VM VS DI;0;0,04;0;0,013333333;0,023094011;-0,577350269;1,154700538;-0,577350269;1,732050808;1,732050808
NC DD CC;0;0,04;0;0,013333333;0,023094011;-0,577350269;1,154700538;-0,577350269;1,732050808;1,732050808
SP DP CC;0;0,04;0;0,013333333;0,023094011;-0,577350269;1,154700538;-0,577350269;1,732050808;1,732050808
I VM RG;0;0,04;0;0,013333333;0,023094011;-0,577350269;1,154700538;-0,577350269;1,732050808;1,732050808
DP VM RN;0;0,04;0;0,013333333;0,023094011;-0,577350269;1,154700538;-0,577350269;1,732050808;1,732050808
DA VM DP;0;0,04;0;0,013333333;0,023094011;-0,577350269;1,154700538;-0,577350269;1,732050808;1,732050808
VA AQ VM;0;0,04;0;0,013333333;0,023094011;-0,577350269;1,154700538;-0,577350269;1,732050808;1,732050808
NC NP AP;0,03;0;0;0,01;0,017320508;1,154700538;-0,577350269;-0,577350269;1,732050808;0
AQ DT NC;0;0,04;0;0,013333333;0,023094011;-0,577350269;1,154700538;-0,577350269;1,732050808;1,732050808
P0 PP DP;0;0,04;0;0,013333333;0,023094011;-0,577350269;1,154700538;-0,577350269;1,732050808;1,732050808
NC VM VA;0;0,04;0;0,013333333;0,023094011;-0,577350269;1,154700538;-0,577350269;1,732050808;1,732050808
SP SP DI;0,03;0;0;0,01;0,017320508;1,154700538;-0,577350269;-0,577350269;1,732050808;0
SP SP DP;0;0,04;0;0,013333333;0,023094011;-0,577350269;1,154700538;-0,577350269;1,732050808;1,732050808
P0 PP CC;0,03;0;0;0,01;0,017320508;1,154700538;-0,577350269;-0,577350269;1,732050808;0
PP AQ DP;0,03;0;0;0,01;0,017320508;1,154700538;-0,577350269;-0,577350269;1,732050808;0
SP Z DI;0,03;0;0;0,01;0,017320508;1,154700538;-0,577350269;-0,577350269;1,732050808;0
NP AP AQ;0;0,04;0;0,013333333;0,023094011;-0,577350269;1,154700538;-0,577350269;1,732050808;1,732050808
CC RN NP;0;0;0,21;0,07;0,121243557;-0,577350269;-0,577350269;1,154700538;0;1,732050808
VM PD AQ;0;0;0,21;0,07;0,121243557;-0,577350269;-0,577350269;1,154700538;0;1,732050808
I PT DP;0,03;0;0;0,01;0,017320508;1,154700538;-0,577350269;-0,577350269;1,732050808;0
NC PT P0;0,03;0;0;0,01;0,017320508;1,154700538;-0,577350269;-0,577350269;1,732050808;0
NC PI PP;0,03;0;0;0,01;0,017320508;1,154700538;-0,577350269;-0,577350269;1,732050808;0
NC PI PR;0,03;0;0;0,01;0,017320508;1,154700538;-0,577350269;-0,577350269;1,732050808;0
PP PI VM;0,03;0;0;0,01;0,017320508;1,154700538;-0,577350269;-0,577350269;1,732050808;0
AO SP NC;0,03;0;0;0,01;0,017320508;1,154700538;-0,577350269;-0,577350269;1,732050808;0
SP DP DP;0;0,04;0;0,013333333;0,023094011;-0,577350269;1,154700538;-0,577350269;1,732050808;1,732050808
NC PT PT;0,03;0;0;0,01;0,017320508;1,154700538;-0,577350269;-0,577350269;1,732050808;0
VM PD CS;0;0,04;0;0,013333333;0,023094011;-0,577350269;1,154700538;-0,577350269;1,732050808;1,732050808
AQ DI DA;0,03;0;0;0,01;0,017320508;1,154700538;-0,577350269;-0,577350269;1,732050808;0
NC PI RG;0;0,04;0;0,013333333;0,023094011;-0,577350269;1,154700538;-0,577350269;1,732050808;1,732050808
PR SP PI;0;0;0,21;0,07;0,121243557;-0,577350269;-0,577350269;1,154700538;0;1,732050808
AQ DI DP;0;0,04;0;0,013333333;0,023094011;-0,577350269;1,154700538;-0,577350269;1,732050808;1,732050808
NC PI RN;0;0,04;0;0,013333333;0,023094011;-0,577350269;1,154700538;-0,577350269;1,732050808;1,732050808
I NP DP;0,03;0;0;0,01;0,017320508;1,154700538;-0,577350269;-0,577350269;1,732050808;0
PR RN RG;0,03;0;0;0,01;0,017320508;1,154700538;-0,577350269;-0,577350269;1,732050808;0
CC RN RG;0,03;0;0;0,01;0,017320508;1,154700538;-0,577350269;-0,577350269;1,732050808;0
I NP DI;0,03;0;0;0,01;0,017320508;1,154700538;-0,577350269;-0,577350269;1,732050808;0
CC DP VS;0,03;0;0;0,01;0,017320508;1,154700538;-0,577350269;-0,577350269;1,732050808;0
DP NP DI;0;0,04;0;0,013333333;0,023094011;-0,577350269;1,154700538;-0,577350269;1,732050808;1,732050808
AQ NP I;0;0,04;0;0,013333333;0,023094011;-0,577350269;1,154700538;-0,577350269;1,732050808;1,732050808
CC RN PR;0,03;0;0;0,01;0,017320508;1,154700538;-0,577350269;-0,577350269;1,732050808;0
VM VS PD;0,03;0;0;0,01;0,017320508;1,154700538;-0,577350269;-0,577350269;1,732050808;0
VM VS PI;0,03;0;0;0,01;0,017320508;1,154700538;-0,577350269;-0,577350269;1,732050808;0
VM VS PP;0,03;0;0;0,01;0,017320508;1,154700538;-0,577350269;-0,577350269;1,732050808;0
PD PP SP;0,03;0;0;0,01;0,017320508;1,154700538;-0,577350269;-0,577350269;1,732050808;0
VM VS PR;0;0,04;0;0,013333333;0,023094011;-0,577350269;1,154700538;-0,577350269;1,732050808;1,732050808
RG RN DA;0,03;0;0;0,01;0,017320508;1,154700538;-0,577350269;-0,577350269;1,732050808;0
I NP RG;0,03;0;0;0,01;0,017320508;1,154700538;-0,577350269;-0,577350269;1,732050808;0
RG RN CS;0,03;0;0;0,01;0,017320508;1,154700538;-0,577350269;-0,577350269;1,732050808;0
CC CC DP;0,03;0;0;0,01;0,017320508;1,154700538;-0,577350269;-0,577350269;1,732050808;0
CC DP CC;0,03;0;0;0,01;0,017320508;1,154700538;-0,577350269;-0,577350269;1,732050808;0
PR SP CS;0,03;0;0;0,01;0,017320508;1,154700538;-0,577350269;-0,577350269;1,732050808;0
AO CC RG;0,03;0;0;0,01;0,017320508;1,154700538;-0,577350269;-0,577350269;1,732050808;0
RG SP CS;0,03;0;0;0,01;0,017320508;1,154700538;-0,577350269;-0,577350269;1,732050808;0
RG RN CC;0;0,04;0;0,013333333;0,023094011;-0,577350269;1,154700538;-0,577350269;1,732050808;1,732050808
VS PP SP;0;0,04;0;0,013333333;0,023094011;-0,577350269;1,154700538;-0,577350269;1,732050808;1,732050808
AQ DA VM;0,03;0;0;0,01;0,017320508;1,154700538;-0,577350269;-0,577350269;1,732050808;0
NC VM DT;0;0,04;0;0,013333333;0,023094011;-0,577350269;1,154700538;-0,577350269;1,732050808;1,732050808
NP PP NC;0,03;0;0;0,01;0,017320508;1,154700538;-0,577350269;-0,577350269;1,732050808;0
CC RN DP;0;0,04;0;0,013333333;0,023094011;-0,577350269;1,154700538;-0,577350269;1,732050808;1,732050808
RN P0 NC;0,03;0;0;0,01;0,017320508;1,154700538;-0,577350269;-0,577350269;1,732050808;0
CC RN DA;0,03;0;0;0,01;0,017320508;1,154700538;-0,577350269;-0,577350269;1,732050808;0
CC RN DD;0,03;0;0;0,01;0,017320508;1,154700538;-0,577350269;-0,577350269;1,732050808;0
I NP SP;0;0,04;0;0,013333333;0,023094011;-0,577350269;1,154700538;-0,577350269;1,732050808;1,732050808
VM SP SP;0,03;0;0;0,01;0,017320508;1,154700538;-0,577350269;-0,577350269;1,732050808;0
NC DD NP;0;0;0,21;0,07;0,121243557;-0,577350269;-0,577350269;1,154700538;0;1,732050808
SP SP PP;0,03;0;0;0,01;0,017320508;1,154700538;-0,577350269;-0,577350269;1,732050808;0
CC RN CS;0;0,04;0;0,013333333;0,023094011;-0,577350269;1,154700538;-0,577350269;1,732050808;1,732050808
AQ VA CS;0;0,04;0;0,013333333;0,023094011;-0,577350269;1,154700538;-0,577350269;1,732050808;1,732050808
DD DP Z;0,03;0;0;0,01;0,017320508;1,154700538;-0,577350269;-0,577350269;1,732050808;0
NC NP VA;0,03;0;0;0,01;0,017320508;1,154700538;-0,577350269;-0,577350269;1,732050808;0
NC CS I;0;0,04;0;0,013333333;0,023094011;-0,577350269;1,154700538;-0,577350269;1,732050808;1,732050808
AP VA VM;0,03;0;0;0,01;0,017320508;1,154700538;-0,577350269;-0,577350269;1,732050808;0
I NP NC;0,03;0;0;0,01;0,017320508;1,154700538;-0,577350269;-0,577350269;1,732050808;0
SP SP VM;0;0;0,21;0,07;0,121243557;-0,577350269;-0,577350269;1,154700538;0;1,732050808
NC I PT;0,03;0;0;0,01;0,017320508;1,154700538;-0,577350269;-0,577350269;1,732050808;0
NC I PP;0,03;0;0;0,01;0,017320508;1,154700538;-0,577350269;-0,577350269;1,732050808;0
SP PR CC;0,03;0;0;0,01;0,017320508;1,154700538;-0,577350269;-0,577350269;1,732050808;0
DA NP RN;0,03;0;0;0,01;0,017320508;1,154700538;-0,577350269;-0,577350269;1,732050808;0
PP AQ RN;0;0,04;0;0,013333333;0,023094011;-0,577350269;1,154700538;-0,577350269;1,732050808;1,732050808
VM PR DI;0,03;0;0;0,01;0,017320508;1,154700538;-0,577350269;-0,577350269;1,732050808;0
SP RN VA;0,03;0;0;0,01;0,017320508;1,154700538;-0,577350269;-0,577350269;1,732050808;0
RG CC DT;0;0,04;0;0,013333333;0,023094011;-0,577350269;1,154700538;-0,577350269;1,732050808;1,732050808
SP PR DD;0,03;0;0;0,01;0,017320508;1,154700538;-0,577350269;-0,577350269;1,732050808;0
DP VM DA;0;0,04;0;0,013333333;0,023094011;-0,577350269;1,154700538;-0,577350269;1,732050808;1,732050808
NP AP DD;0,03;0;0;0,01;0,017320508;1,154700538;-0,577350269;-0,577350269;1,732050808;0
I NP P0;0,03;0;0;0,01;0,017320508;1,154700538;-0,577350269;-0,577350269;1,732050808;0
SP PR CS;0,03;0;0;0,01;0,017320508;1,154700538;-0,577350269;-0,577350269;1,732050808;0
NC I NP;0,03;0;0;0,01;0,017320508;1,154700538;-0,577350269;-0,577350269;1,732050808;0
DA VM VS;0,03;0;0;0,01;0,017320508;1,154700538;-0,577350269;-0,577350269;1,732050808;0
DA NP PI;0;0,04;0;0,013333333;0,023094011;-0,577350269;1,154700538;-0,577350269;1,732050808;1,732050808
AO CC PP;0;0,04;0;0,013333333;0,023094011;-0,577350269;1,154700538;-0,577350269;1,732050808;1,732050808
RG CC DD;0;0,04;0;0,013333333;0,023094011;-0,577350269;1,154700538;-0,577350269;1,732050808;1,732050808
VA AQ CC;0,03;0;0;0,01;0,017320508;1,154700538;-0,577350269;-0,577350269;1,732050808;0
I NP NP;0,03;0;0;0,01;0,017320508;1,154700538;-0,577350269;-0,577350269;1,732050808;0
VS AP PD;0,03;0;0;0,01;0,017320508;1,154700538;-0,577350269;-0,577350269;1,732050808;0
RG CC DI;0,03;0;0;0,01;0,017320508;1,154700538;-0,577350269;-0,577350269;1,732050808;0
NP PP CS;0;0,04;0;0,013333333;0,023094011;-0,577350269;1,154700538;-0,577350269;1,732050808;1,732050808
NP AP RG;0;0,04;0;0,013333333;0,023094011;-0,577350269;1,154700538;-0,577350269;1,732050808;1,732050808
NP AP RN;0,03;0;0;0,01;0,017320508;1,154700538;-0,577350269;-0,577350269;1,732050808;0
I VM VS;0,03;0;0;0,01;0,017320508;1,154700538;-0,577350269;-0,577350269;1,732050808;0
NC NP PT;0,03;0;0;0,01;0,017320508;1,154700538;-0,577350269;-0,577350269;1,732050808;0
AQ VA NC;0,03;0;0;0,01;0,017320508;1,154700538;-0,577350269;-0,577350269;1,732050808;0
PT VA PR;0;0,04;0;0,013333333;0,023094011;-0,577350269;1,154700538;-0,577350269;1,732050808;1,732050808
NC I VM;0;0,04;0;0,013333333;0,023094011;-0,577350269;1,154700538;-0,577350269;1,732050808;1,732050808
DA PI AQ;0,03;0;0;0,01;0,017320508;1,154700538;-0,577350269;-0,577350269;1,732050808;0
RN DA SP;0,03;0;0;0,01;0,017320508;1,154700538;-0,577350269;-0,577350269;1,732050808;0
PR CC NC;0,03;0;0;0,01;0,017320508;1,154700538;-0,577350269;-0,577350269;1,732050808;0
Z SP NC;0,03;0;0;0,01;0,017320508;1,154700538;-0,577350269;-0,577350269;1,732050808;0
NP AP PP;0,03;0;0;0,01;0,017320508;1,154700538;-0,577350269;-0,577350269;1,732050808;0
CC CC NP;0;0,04;0;0,013333333;0,023094011;-0,577350269;1,154700538;-0,577350269;1,732050808;1,732050808
DA NP DD;0;0;0,21;0,07;0,121243557;-0,577350269;-0,577350269;1,154700538;0;1,732050808
NP AP P0;0,03;0;0;0,01;0,017320508;1,154700538;-0,577350269;-0,577350269;1,732050808;0
VS PP PD;0,03;0;0;0,01;0,017320508;1,154700538;-0,577350269;-0,577350269;1,732050808;0
NC VM PD;0;0,04;0;0,013333333;0,023094011;-0,577350269;1,154700538;-0,577350269;1,732050808;1,732050808
RN AQ PT;0;0,04;0;0,013333333;0,023094011;-0,577350269;1,154700538;-0,577350269;1,732050808;1,732050808
I NP VM;0;0,04;0;0,013333333;0,023094011;-0,577350269;1,154700538;-0,577350269;1,732050808;1,732050808
NC PI AQ;0,03;0;0;0,01;0,017320508;1,154700538;-0,577350269;-0,577350269;1,732050808;0
RG CC P0;0,03;0;0;0,01;0,017320508;1,154700538;-0,577350269;-0,577350269;1,732050808;0
NP AP NP;0,03;0;0;0,01;0,017320508;1,154700538;-0,577350269;-0,577350269;1,732050808;0
PP P0 VA;0;0,04;0;0,013333333;0,023094011;-0,577350269;1,154700538;-0,577350269;1,732050808;1,732050808
VM NC VA;0;0,04;0;0,013333333;0,023094011;-0,577350269;1,154700538;-0,577350269;1,732050808;1,732050808
SP SP NP;0;0;0,21;0,07;0,121243557;-0,577350269;-0,577350269;1,154700538;0;1,732050808
SP NC DE;0;0,04;0;0,013333333;0,023094011;-0,577350269;1,154700538;-0,577350269;1,732050808;1,732050808
PD PP CS;0;0,04;0;0,013333333;0,023094011;-0,577350269;1,154700538;-0,577350269;1,732050808;1,732050808
I PT PP;0;0,04;0;0,013333333;0,023094011;-0,577350269;1,154700538;-0,577350269;1,732050808;1,732050808
SP RN PP;0,03;0;0;0,01;0,017320508;1,154700538;-0,577350269;-0,577350269;1,732050808;0
PP DA VM;0;0,04;0;0,013333333;0,023094011;-0,577350269;1,154700538;-0,577350269;1,732050808;1,732050808
DA AQ I;0,03;0;0;0,01;0,017320508;1,154700538;-0,577350269;-0,577350269;1,732050808;0
AQ DA PI;0,03;0;0;0,01;0,017320508;1,154700538;-0,577350269;-0,577350269;1,732050808;0
PE RG CS;0;0,04;0;0,013333333;0,023094011;-0,577350269;1,154700538;-0,577350269;1,732050808;1,732050808
VS AP AQ;0,03;0;0;0,01;0,017320508;1,154700538;-0,577350269;-0,577350269;1,732050808;0
RN PT VM;0,03;0;0;0,01;0,017320508;1,154700538;-0,577350269;-0,577350269;1,732050808;0
PP RG P0;0,03;0;0;0,01;0,017320508;1,154700538;-0,577350269;-0,577350269;1,732050808;0
VS PP DD;0,03;0;0;0,01;0,017320508;1,154700538;-0,577350269;-0,577350269;1,732050808;0
PP RG PD;0,03;0;0;0,01;0,017320508;1,154700538;-0,577350269;-0,577350269;1,732050808;0
PI VA VM;0,03;0;0;0,01;0,017320508;1,154700538;-0,577350269;-0,577350269;1,732050808;0
AQ VA VM;0,03;0;0;0,01;0,017320508;1,154700538;-0,577350269;-0,577350269;1,732050808;0
PT RG CC;0;0,04;0;0,013333333;0,023094011;-0,577350269;1,154700538;-0,577350269;1,732050808;1,732050808
VS PP CC;0,03;0;0;0,01;0,017320508;1,154700538;-0,577350269;-0,577350269;1,732050808;0
PP AQ I;0,03;0;0;0,01;0,017320508;1,154700538;-0,577350269;-0,577350269;1,732050808;0
SP VS DA;0;0,04;0;0,013333333;0,023094011;-0,577350269;1,154700538;-0,577350269;1,732050808;1,732050808
VM CS PI;0,03;0;0;0,01;0,017320508;1,154700538;-0,577350269;-0,577350269;1,732050808;0
DI PP PR;0,03;0;0;0,01;0,017320508;1,154700538;-0,577350269;-0,577350269;1,732050808;0
VS PP AQ;0;0,04;0;0,013333333;0,023094011;-0,577350269;1,154700538;-0,577350269;1,732050808;1,732050808
CS CC DP;0;0,04;0;0,013333333;0,023094011;-0,577350269;1,154700538;-0,577350269;1,732050808;1,732050808
AQ DA DI;0;0,04;0;0,013333333;0,023094011;-0,577350269;1,154700538;-0,577350269;1,732050808;1,732050808
PP RG RN;0,03;0;0;0,01;0,017320508;1,154700538;-0,577350269;-0,577350269;1,732050808;0
CS CC DA;0,03;0;0;0,01;0,017320508;1,154700538;-0,577350269;-0,577350269;1,732050808;0
Z NC DI;0,03;0;0;0,01;0,017320508;1,154700538;-0,577350269;-0,577350269;1,732050808;0
VA VM VS;0,03;0;0;0,01;0,017320508;1,154700538;-0,577350269;-0,577350269;1,732050808;0
CS SP CS;0;0,04;0;0,013333333;0,023094011;-0,577350269;1,154700538;-0,577350269;1,732050808;1,732050808
NC AQ PD;0,03;0;0;0,01;0,017320508;1,154700538;-0,577350269;-0,577350269;1,732050808;0
CC PD PP;0,03;0;0;0,01;0,017320508;1,154700538;-0,577350269;-0,577350269;1,732050808;0
CS CC AQ;0;0;0,21;0,07;0,121243557;-0,577350269;-0,577350269;1,154700538;0;1,732050808
CC CS DI;0;0,04;0;0,013333333;0,023094011;-0,577350269;1,154700538;-0,577350269;1,732050808;1,732050808
CS RN DA;0,03;0;0;0,01;0,017320508;1,154700538;-0,577350269;-0,577350269;1,732050808;0
PP RG NC;0;0,04;0;0,013333333;0,023094011;-0,577350269;1,154700538;-0,577350269;1,732050808;1,732050808
VS PP DP;0,03;0;0;0,01;0,017320508;1,154700538;-0,577350269;-0,577350269;1,732050808;0
CC PD NP;0;0,04;0;0,013333333;0,023094011;-0,577350269;1,154700538;-0,577350269;1,732050808;1,732050808
PR VS PI;0,03;0;0;0,01;0,017320508;1,154700538;-0,577350269;-0,577350269;1,732050808;0
VA VM RN;0,03;0;0;0,01;0,017320508;1,154700538;-0,577350269;-0,577350269;1,732050808;0
CS CC P0;0;0,04;0;0,013333333;0,023094011;-0,577350269;1,154700538;-0,577350269;1,732050808;1,732050808
CC PR I;0;0,04;0;0,013333333;0,023094011;-0,577350269;1,154700538;-0,577350269;1,732050808;1,732050808
AQ AQ DA;0,03;0;0;0,01;0,017320508;1,154700538;-0,577350269;-0,577350269;1,732050808;0
CC VS PR;0,03;0;0;0,01;0,017320508;1,154700538;-0,577350269;-0,577350269;1,732050808;0
NP PP SP;0;0,04;0;0,013333333;0,023094011;-0,577350269;1,154700538;-0,577350269;1,732050808;1,732050808
DA PI RG;0,03;0;0;0,01;0,017320508;1,154700538;-0,577350269;-0,577350269;1,732050808;0
DA NP VA;0,03;0;0;0,01;0,017320508;1,154700538;-0,577350269;-0,577350269;1,732050808;0
CC CS PD;0;0,04;0;0,013333333;0,023094011;-0,577350269;1,154700538;-0,577350269;1,732050808;1,732050808
CC CS PI;0,03;0;0;0,01;0,017320508;1,154700538;-0,577350269;-0,577350269;1,732050808;0
PR CS NC;0;0,04;0;0,013333333;0,023094011;-0,577350269;1,154700538;-0,577350269;1,732050808;1,732050808
NP PP VS;0;0,04;0;0,013333333;0,023094011;-0,577350269;1,154700538;-0,577350269;1,732050808;1,732050808
NP PP I;0;0,04;0;0,013333333;0,023094011;-0,577350269;1,154700538;-0,577350269;1,732050808;1,732050808
DI Z VM;0,03;0;0;0,01;0,017320508;1,154700538;-0,577350269;-0,577350269;1,732050808;0
DA PI P0;0;0,04;0;0,013333333;0,023094011;-0,577350269;1,154700538;-0,577350269;1,732050808;1,732050808
NC AQ DE;0;0,04;0;0,013333333;0,023094011;-0,577350269;1,154700538;-0,577350269;1,732050808;1,732050808
NC DD VM;0,03;0;0;0,01;0,017320508;1,154700538;-0,577350269;-0,577350269;1,732050808;0
SP DD Z;0;0,04;0;0,013333333;0,023094011;-0,577350269;1,154700538;-0,577350269;1,732050808;1,732050808
VA VM NC;0,03;0;0;0,01;0,017320508;1,154700538;-0,577350269;-0,577350269;1,732050808;0
DP DA NC;0;0,04;0;0,013333333;0,023094011;-0,577350269;1,154700538;-0,577350269;1,732050808;1,732050808
RN NP VM;0;0;0,21;0,07;0,121243557;-0,577350269;-0,577350269;1,154700538;0;1,732050808
RN AQ AQ;0,03;0;0;0,01;0,017320508;1,154700538;-0,577350269;-0,577350269;1,732050808;0
RN NP VS;0;0,04;0;0,013333333;0,023094011;-0,577350269;1,154700538;-0,577350269;1,732050808;1,732050808
VM CS PD;0;0,04;0;0,013333333;0,023094011;-0,577350269;1,154700538;-0,577350269;1,732050808;1,732050808
NP PP NP;0,03;0;0;0,01;0,017320508;1,154700538;-0,577350269;-0,577350269;1,732050808;0
I DA NC;0;0,04;0;0,013333333;0,023094011;-0,577350269;1,154700538;-0,577350269;1,732050808;1,732050808
RG PP CS;0,03;0;0;0,01;0,017320508;1,154700538;-0,577350269;-0,577350269;1,732050808;0
DP DA PR;0,03;0;0;0,01;0,017320508;1,154700538;-0,577350269;-0,577350269;1,732050808;0
RG PP DA;0;0,04;0;0,013333333;0,023094011;-0,577350269;1,154700538;-0,577350269;1,732050808;1,732050808
NC DA AO;0;0;0,21;0,07;0,121243557;-0,577350269;-0,577350269;1,154700538;0;1,732050808
AQ AQ DI;0,03;0;0;0,01;0,017320508;1,154700538;-0,577350269;-0,577350269;1,732050808;0
CS DP DP;0;0,04;0;0,013333333;0,023094011;-0,577350269;1,154700538;-0,577350269;1,732050808;1,732050808
PP DT NC;0;0,04;0;0,013333333;0,023094011;-0,577350269;1,154700538;-0,577350269;1,732050808;1,732050808
RN AQ CC;0,03;0;0;0,01;0,017320508;1,154700538;-0,577350269;-0,577350269;1,732050808;0
DE I I;0,03;0;0;0,01;0,017320508;1,154700538;-0,577350269;-0,577350269;1,732050808;0
NP PP PP;0;0,04;0;0,013333333;0,023094011;-0,577350269;1,154700538;-0,577350269;1,732050808;1,732050808
PR VS NP;0,03;0;0;0,01;0,017320508;1,154700538;-0,577350269;-0,577350269;1,732050808;0
CC NC VA;0,03;0;0;0,01;0,017320508;1,154700538;-0,577350269;-0,577350269;1,732050808;0
CS PR DP;0,03;0;0;0,01;0,017320508;1,154700538;-0,577350269;-0,577350269;1,732050808;0
DI DA VS;0,03;0;0;0,01;0,017320508;1,154700538;-0,577350269;-0,577350269;1,732050808;0
RG AP SP;0;0,04;0;0,013333333;0,023094011;-0,577350269;1,154700538;-0,577350269;1,732050808;1,732050808
DA AQ PP;0,03;0;0;0,01;0,017320508;1,154700538;-0,577350269;-0,577350269;1,732050808;0
NC PI VS;0,03;0;0;0,01;0,017320508;1,154700538;-0,577350269;-0,577350269;1,732050808;0
PR PR RG;0,03;0;0;0,01;0,017320508;1,154700538;-0,577350269;-0,577350269;1,732050808;0
DI DA VM;0,03;0;0;0,01;0,017320508;1,154700538;-0,577350269;-0,577350269;1,732050808;0
AO PP CS;0,03;0;0;0,01;0,017320508;1,154700538;-0,577350269;-0,577350269;1,732050808;0
SP AO CC;0;0;0,21;0,07;0,121243557;-0,577350269;-0,577350269;1,154700538;0;1,732050808
NC CC I;0,03;0;0;0,01;0,017320508;1,154700538;-0,577350269;-0,577350269;1,732050808;0
DD AQ VM;0,03;0;0;0,01;0,017320508;1,154700538;-0,577350269;-0,577350269;1,732050808;0
NC NC I;0,03;0;0;0,01;0,017320508;1,154700538;-0,577350269;-0,577350269;1,732050808;0
CS SP VS;0,03;0;0;0,01;0,017320508;1,154700538;-0,577350269;-0,577350269;1,732050808;0
PR Z VM;0,03;0;0;0,01;0,017320508;1,154700538;-0,577350269;-0,577350269;1,732050808;0
PI VA CS;0;0,04;0;0,013333333;0,023094011;-0,577350269;1,154700538;-0,577350269;1,732050808;1,732050808
CS RN VA;0;0,04;0;0,013333333;0,023094011;-0,577350269;1,154700538;-0,577350269;1,732050808;1,732050808
NC DI DI;0,03;0;0;0,01;0,017320508;1,154700538;-0,577350269;-0,577350269;1,732050808;0
AQ PP DP;0;0,04;0;0,013333333;0,023094011;-0,577350269;1,154700538;-0,577350269;1,732050808;1,732050808
CS CC SP;0;0,04;0;0,013333333;0,023094011;-0,577350269;1,154700538;-0,577350269;1,732050808;1,732050808
DP NP P0;0,03;0;0;0,01;0,017320508;1,154700538;-0,577350269;-0,577350269;1,732050808;0
CS SP SP;0;0,04;0;0,013333333;0,023094011;-0,577350269;1,154700538;-0,577350269;1,732050808;1,732050808
AQ PP CC;0,03;0;0;0,01;0,017320508;1,154700538;-0,577350269;-0,577350269;1,732050808;0
VM PD NP;0,03;0;0;0,01;0,017320508;1,154700538;-0,577350269;-0,577350269;1,732050808;0
DA P0 VM;0,03;0;0;0,01;0,017320508;1,154700538;-0,577350269;-0,577350269;1,732050808;0
NC RG I;0,03;0;0;0,01;0,017320508;1,154700538;-0,577350269;-0,577350269;1,732050808;0
VM PD P0;0;0,04;0;0,013333333;0,023094011;-0,577350269;1,154700538;-0,577350269;1,732050808;1,732050808
DP NP NC;0,03;0;0;0,01;0,017320508;1,154700538;-0,577350269;-0,577350269;1,732050808;0
CS CC PI;0,03;0;0;0,01;0,017320508;1,154700538;-0,577350269;-0,577350269;1,732050808;0
SP PP Z;0,03;0;0;0,01;0,017320508;1,154700538;-0,577350269;-0,577350269;1,732050808;0
DP VM VS;0,03;0;0;0,01;0,017320508;1,154700538;-0,577350269;-0,577350269;1,732050808;0
VA VM AQ;0,03;0;0;0,01;0,017320508;1,154700538;-0,577350269;-0,577350269;1,732050808;0
DP VM VM;0,03;0;0;0,01;0,017320508;1,154700538;-0,577350269;-0,577350269;1,732050808;0
CS SP PT;0,03;0;0;0,01;0,017320508;1,154700538;-0,577350269;-0,577350269;1,732050808;0
SP PR VA;0;0;0,21;0,07;0,121243557;-0,577350269;-0,577350269;1,154700538;0;1,732050808
CC VS AP;0;0,04;0;0,013333333;0,023094011;-0,577350269;1,154700538;-0,577350269;1,732050808;1,732050808
NC PR Z;0,03;0;0;0,01;0,017320508;1,154700538;-0,577350269;-0,577350269;1,732050808;0
DI AQ SP;0;0,04;0;0,013333333;0,023094011;-0,577350269;1,154700538;-0,577350269;1,732050808;1,732050808
VA VM DD;0,03;0;0;0,01;0,017320508;1,154700538;-0,577350269;-0,577350269;1,732050808;0
PR NC NC;0;0,04;0;0,013333333;0,023094011;-0,577350269;1,154700538;-0,577350269;1,732050808;1,732050808
SP PD AQ;0;0;0,21;0,07;0,121243557;-0,577350269;-0,577350269;1,154700538;0;1,732050808
NC PR I;0,03;0;0;0,01;0,017320508;1,154700538;-0,577350269;-0,577350269;1,732050808;0
RG PP PR;0;0;0,21;0,07;0,121243557;-0,577350269;-0,577350269;1,154700538;0;1,732050808
RG PP PP;0,03;0;0;0,01;0,017320508;1,154700538;-0,577350269;-0,577350269;1,732050808;0
AQ DD CS;0;0,04;0;0,013333333;0,023094011;-0,577350269;1,154700538;-0,577350269;1,732050808;1,732050808
CC VS CS;0,03;0;0;0,01;0,017320508;1,154700538;-0,577350269;-0,577350269;1,732050808;0
DE AQ NP;0;0,04;0;0,013333333;0,023094011;-0,577350269;1,154700538;-0,577350269;1,732050808;1,732050808
VA VM DP;0,03;0;0;0,01;0,017320508;1,154700538;-0,577350269;-0,577350269;1,732050808;0
PR NC PI;0;0,04;0;0,013333333;0,023094011;-0,577350269;1,154700538;-0,577350269;1,732050808;1,732050808
SP CS NC;0,03;0;0;0,01;0,017320508;1,154700538;-0,577350269;-0,577350269;1,732050808;0
NC P0 SP;0;0,04;0;0,013333333;0,023094011;-0,577350269;1,154700538;-0,577350269;1,732050808;1,732050808
RG PE RG;0;0,04;0;0,013333333;0,023094011;-0,577350269;1,154700538;-0,577350269;1,732050808;1,732050808
SP CS NP;0,03;0;0;0,01;0,017320508;1,154700538;-0,577350269;-0,577350269;1,732050808;0
RG PP RN;0,03;0;0;0,01;0,017320508;1,154700538;-0,577350269;-0,577350269;1,732050808;0
SP PD CC;0;0,04;0;0,013333333;0,023094011;-0,577350269;1,154700538;-0,577350269;1,732050808;1,732050808
SP PD DP;0;0,04;0;0,013333333;0,023094011;-0,577350269;1,154700538;-0,577350269;1,732050808;1,732050808
PR PR NC;0;0,04;0;0,013333333;0,023094011;-0,577350269;1,154700538;-0,577350269;1,732050808;1,732050808
SP VS PP;0,03;0;0;0,01;0,017320508;1,154700538;-0,577350269;-0,577350269;1,732050808;0
SP PD DA;0,03;0;0;0,01;0,017320508;1,154700538;-0,577350269;-0,577350269;1,732050808;0
DD DA PI;0;0;0,21;0,07;0,121243557;-0,577350269;-0,577350269;1,154700538;0;1,732050808
AP PP PR;0,03;0;0;0,01;0,017320508;1,154700538;-0,577350269;-0,577350269;1,732050808;0
CS RN NC;0;0,04;0;0,013333333;0,023094011;-0,577350269;1,154700538;-0,577350269;1,732050808;1,732050808
PT RG RN;0,03;0;0;0,01;0,017320508;1,154700538;-0,577350269;-0,577350269;1,732050808;0
DD AQ RG;0,03;0;0;0,01;0,017320508;1,154700538;-0,577350269;-0,577350269;1,732050808;0
Z CC Z;0,03;0;0;0,01;0,017320508;1,154700538;-0,577350269;-0,577350269;1,732050808;0
PP RG VA;0,03;0;0;0,01;0,017320508;1,154700538;-0,577350269;-0,577350269;1,732050808;0
DP AQ CS;0;0,04;0;0,013333333;0,023094011;-0,577350269;1,154700538;-0,577350269;1,732050808;1,732050808
AP SP PP;0,03;0;0;0,01;0,017320508;1,154700538;-0,577350269;-0,577350269;1,732050808;0
AP CC PP;0,03;0;0;0,01;0,017320508;1,154700538;-0,577350269;-0,577350269;1,732050808;0
AQ PT DA;0,03;0;0;0,01;0,017320508;1,154700538;-0,577350269;-0,577350269;1,732050808;0
PI VS AP;0,03;0;0;0,01;0,017320508;1,154700538;-0,577350269;-0,577350269;1,732050808;0
AP RN RG;0;0,04;0;0,013333333;0,023094011;-0,577350269;1,154700538;-0,577350269;1,732050808;1,732050808
I RG NC;0,03;0;0;0,01;0,017320508;1,154700538;-0,577350269;-0,577350269;1,732050808;0
I RG NP;0;0;0,21;0,07;0,121243557;-0,577350269;-0,577350269;1,154700538;0;1,732050808
PD RG RN;0,03;0;0;0,01;0,017320508;1,154700538;-0,577350269;-0,577350269;1,732050808;0
PT PT VM;0,03;0;0;0,01;0,017320508;1,154700538;-0,577350269;-0,577350269;1,732050808;0
AP DP NP;0;0,04;0;0,013333333;0,023094011;-0,577350269;1,154700538;-0,577350269;1,732050808;1,732050808
PI VS CC;0,03;0;0;0,01;0,017320508;1,154700538;-0,577350269;-0,577350269;1,732050808;0
RN RG I;0,03;0;0;0,01;0,017320508;1,154700538;-0,577350269;-0,577350269;1,732050808;0
CS VS NP;0,03;0;0;0,01;0,017320508;1,154700538;-0,577350269;-0,577350269;1,732050808;0
AP SP NP;0;0,04;0;0,013333333;0,023094011;-0,577350269;1,154700538;-0,577350269;1,732050808;1,732050808
PT NP VM;0,03;0;0;0,01;0,017320508;1,154700538;-0,577350269;-0,577350269;1,732050808;0
CS PR VS;0,03;0;0;0,01;0,017320508;1,154700538;-0,577350269;-0,577350269;1,732050808;0
PD RG PP;0,03;0;0;0,01;0,017320508;1,154700538;-0,577350269;-0,577350269;1,732050808;0
PI VS DA;0,03;0;0;0,01;0,017320508;1,154700538;-0,577350269;-0,577350269;1,732050808;0
AP NC CC;0;0,04;0;0,013333333;0,023094011;-0,577350269;1,154700538;-0,577350269;1,732050808;1,732050808
PP AO NC;0;0,04;0;0,013333333;0,023094011;-0,577350269;1,154700538;-0,577350269;1,732050808;1,732050808
PD RG PR;0,03;0;0;0,01;0,017320508;1,154700538;-0,577350269;-0,577350269;1,732050808;0
PI VS DP;0;0,04;0;0,013333333;0,023094011;-0,577350269;1,154700538;-0,577350269;1,732050808;1,732050808
PI NC PR;0;0,04;0;0,013333333;0,023094011;-0,577350269;1,154700538;-0,577350269;1,732050808;1,732050808
AQ VM PI;0;0;0,21;0,07;0,121243557;-0,577350269;-0,577350269;1,154700538;0;1,732050808
PI PR NC;0;0,04;0;0,013333333;0,023094011;-0,577350269;1,154700538;-0,577350269;1,732050808;1,732050808
CS VS PP;0,03;0;0;0,01;0,017320508;1,154700538;-0,577350269;-0,577350269;1,732050808;0
CS VS PR;0;0,04;0;0,013333333;0,023094011;-0,577350269;1,154700538;-0,577350269;1,732050808;1,732050808
CC I PP;0,03;0;0;0,01;0,017320508;1,154700538;-0,577350269;-0,577350269;1,732050808;0
AQ AP RG;0,03;0;0;0,01;0,017320508;1,154700538;-0,577350269;-0,577350269;1,732050808;0
CS VS PI;0;0,04;0;0,013333333;0,023094011;-0,577350269;1,154700538;-0,577350269;1,732050808;1,732050808
AQ AP SP;0;0,04;0;0,013333333;0,023094011;-0,577350269;1,154700538;-0,577350269;1,732050808;1,732050808
AP NC CS;0,03;0;0;0,01;0,017320508;1,154700538;-0,577350269;-0,577350269;1,732050808;0
NC PR PR;0,03;0;0;0,01;0,017320508;1,154700538;-0,577350269;-0,577350269;1,732050808;0
CS PR P0;0;0,04;0;0,013333333;0,023094011;-0,577350269;1,154700538;-0,577350269;1,732050808;1,732050808
CC NP AP;0;0,04;0;0,013333333;0,023094011;-0,577350269;1,154700538;-0,577350269;1,732050808;1,732050808
CC I NP;0;0,04;0;0,013333333;0,023094011;-0,577350269;1,154700538;-0,577350269;1,732050808;1,732050808
PR NP CC;0,03;0;0;0,01;0,017320508;1,154700538;-0,577350269;-0,577350269;1,732050808;0
PI NC SP;0,03;0;0;0,01;0,017320508;1,154700538;-0,577350269;-0,577350269;1,732050808;0
VS VS PD;0,03;0;0;0,01;0,017320508;1,154700538;-0,577350269;-0,577350269;1,732050808;0
PP CS DI;0;0,04;0;0,013333333;0,023094011;-0,577350269;1,154700538;-0,577350269;1,732050808;1,732050808
CC NP DI;0,03;0;0;0,01;0,017320508;1,154700538;-0,577350269;-0,577350269;1,732050808;0
AP CC NP;0;0,04;0;0,013333333;0,023094011;-0,577350269;1,154700538;-0,577350269;1,732050808;1,732050808
P0 RG DP;0,03;0;0;0,01;0,017320508;1,154700538;-0,577350269;-0,577350269;1,732050808;0
CS PR RG;0;0,04;0;0,013333333;0,023094011;-0,577350269;1,154700538;-0,577350269;1,732050808;1,732050808
AP RN SP;0;0,04;0;0,013333333;0,023094011;-0,577350269;1,154700538;-0,577350269;1,732050808;1,732050808
P0 DI NC;0,03;0;0;0,01;0,017320508;1,154700538;-0,577350269;-0,577350269;1,732050808;0
NP AQ PT;0,03;0;0;0,01;0,017320508;1,154700538;-0,577350269;-0,577350269;1,732050808;0
PT NP PP;0;0;0,21;0,07;0,121243557;-0,577350269;-0,577350269;1,154700538;0;1,732050808
AQ AP PR;0;0,04;0;0,013333333;0,023094011;-0,577350269;1,154700538;-0,577350269;1,732050808;1,732050808
CS NC PP;0,03;0;0;0,01;0,017320508;1,154700538;-0,577350269;-0,577350269;1,732050808;0
NC CC VA;0,03;0;0;0,01;0,017320508;1,154700538;-0,577350269;-0,577350269;1,732050808;0
DA RG AP;0;0,04;0;0,013333333;0,023094011;-0,577350269;1,154700538;-0,577350269;1,732050808;1,732050808
AQ NP PT;0;0,04;0;0,013333333;0,023094011;-0,577350269;1,154700538;-0,577350269;1,732050808;1,732050808
AQ PT NP;0,03;0;0;0,01;0,017320508;1,154700538;-0,577350269;-0,577350269;1,732050808;0
NC NC DD;0;0,04;0;0,013333333;0,023094011;-0,577350269;1,154700538;-0,577350269;1,732050808;1,732050808
CS PR NP;0;0,04;0;0,013333333;0,023094011;-0,577350269;1,154700538;-0,577350269;1,732050808;1,732050808
CS NC RN;0,03;0;0;0,01;0,017320508;1,154700538;-0,577350269;-0,577350269;1,732050808;0
DA RG CS;0,03;0;0;0,01;0,017320508;1,154700538;-0,577350269;-0,577350269;1,732050808;0
DA RG DA;0;0,04;0;0,013333333;0,023094011;-0,577350269;1,154700538;-0,577350269;1,732050808;1,732050808
DA DI NP;0;0;0,21;0,07;0,121243557;-0,577350269;-0,577350269;1,154700538;0;1,732050808
PR VM DT;0,03;0;0;0,01;0,017320508;1,154700538;-0,577350269;-0,577350269;1,732050808;0
PI RN VM;0;0,04;0;0,013333333;0,023094011;-0,577350269;1,154700538;-0,577350269;1,732050808;1,732050808
AQ AP DP;0;0,04;0;0,013333333;0,023094011;-0,577350269;1,154700538;-0,577350269;1,732050808;1,732050808
PT AQ CS;0;0,04;0;0,013333333;0,023094011;-0,577350269;1,154700538;-0,577350269;1,732050808;1,732050808
AQ NP RN;0;0,04;0;0,013333333;0,023094011;-0,577350269;1,154700538;-0,577350269;1,732050808;1,732050808
NC VS NP;0;0,04;0;0,013333333;0,023094011;-0,577350269;1,154700538;-0,577350269;1,732050808;1,732050808
PP CS NC;0;0,04;0;0,013333333;0,023094011;-0,577350269;1,154700538;-0,577350269;1,732050808;1,732050808
AQ VM I;0;0,04;0;0,013333333;0,023094011;-0,577350269;1,154700538;-0,577350269;1,732050808;1,732050808
I RG RG;0,03;0;0;0,01;0,017320508;1,154700538;-0,577350269;-0,577350269;1,732050808;0
DD AQ DP;0;0,04;0;0,013333333;0,023094011;-0,577350269;1,154700538;-0,577350269;1,732050808;1,732050808
CS CS Z;0;0;0,21;0,07;0,121243557;-0,577350269;-0,577350269;1,154700538;0;1,732050808
AQ PT P0;0,03;0;0;0,01;0,017320508;1,154700538;-0,577350269;-0,577350269;1,732050808;0
VS CS DI;0,03;0;0;0,01;0,017320508;1,154700538;-0,577350269;-0,577350269;1,732050808;0
Z CS CS;0,03;0;0;0,01;0,017320508;1,154700538;-0,577350269;-0,577350269;1,732050808;0
DD SP DP;0;0,04;0;0,013333333;0,023094011;-0,577350269;1,154700538;-0,577350269;1,732050808;1,732050808
DD SP DA;0;0;0,21;0,07;0,121243557;-0,577350269;-0,577350269;1,154700538;0;1,732050808
I RG PP;0;0,04;0;0,013333333;0,023094011;-0,577350269;1,154700538;-0,577350269;1,732050808;1,732050808
AQ PI SP;0,03;0;0;0,01;0,017320508;1,154700538;-0,577350269;-0,577350269;1,732050808;0
NP DA RG;0,03;0;0;0,01;0,017320508;1,154700538;-0,577350269;-0,577350269;1,732050808;0
CS NC P0;0;0,04;0;0,013333333;0,023094011;-0,577350269;1,154700538;-0,577350269;1,732050808;1,732050808
PP VS PR;0;0,04;0;0,013333333;0,023094011;-0,577350269;1,154700538;-0,577350269;1,732050808;1,732050808
PD DA VM;0,03;0;0;0,01;0,017320508;1,154700538;-0,577350269;-0,577350269;1,732050808;0
SP PD VS;0;0;0,21;0,07;0,121243557;-0,577350269;-0,577350269;1,154700538;0;1,732050808
RN CS P0;0,03;0;0;0,01;0,017320508;1,154700538;-0,577350269;-0,577350269;1,732050808;0
NC PD CC;0;0,04;0;0,013333333;0,023094011;-0,577350269;1,154700538;-0,577350269;1,732050808;1,732050808
VS NC RN;0;0,04;0;0,013333333;0,023094011;-0,577350269;1,154700538;-0,577350269;1,732050808;1,732050808
NP RG PD;0,03;0;0;0,01;0,017320508;1,154700538;-0,577350269;-0,577350269;1,732050808;0
RN CS NC;0;0,04;0;0,013333333;0,023094011;-0,577350269;1,154700538;-0,577350269;1,732050808;1,732050808
P0 AQ RG;0,03;0;0;0,01;0,017320508;1,154700538;-0,577350269;-0,577350269;1,732050808;0
PD RG CC;0;0,04;0;0,013333333;0,023094011;-0,577350269;1,154700538;-0,577350269;1,732050808;1,732050808
Z NC VA;0,03;0;0;0,01;0,017320508;1,154700538;-0,577350269;-0,577350269;1,732050808;0
NC AO CS;0;0,04;0;0,013333333;0,023094011;-0,577350269;1,154700538;-0,577350269;1,732050808;1,732050808
DI RG CS;0,03;0;0;0,01;0,017320508;1,154700538;-0,577350269;-0,577350269;1,732050808;0
NP DI NP;0;0;0,21;0,07;0,121243557;-0,577350269;-0,577350269;1,154700538;0;1,732050808
PI DP NC;0,03;0;0;0,01;0,017320508;1,154700538;-0,577350269;-0,577350269;1,732050808;0
AQ PI VM;0;0,04;0;0,013333333;0,023094011;-0,577350269;1,154700538;-0,577350269;1,732050808;1,732050808
VS NC PP;0;0,04;0;0,013333333;0,023094011;-0,577350269;1,154700538;-0,577350269;1,732050808;1,732050808
NP DT NC;0,03;0;0;0,01;0,017320508;1,154700538;-0,577350269;-0,577350269;1,732050808;0
P0 AQ PP;0;0;0,21;0,07;0,121243557;-0,577350269;-0,577350269;1,154700538;0;1,732050808
AQ PI VS;0;0,04;0;0,013333333;0,023094011;-0,577350269;1,154700538;-0,577350269;1,732050808;1,732050808
AP SP DD;0,03;0;0;0,01;0,017320508;1,154700538;-0,577350269;-0,577350269;1,732050808;0
VS PR RN;0;0,04;0;0,013333333;0,023094011;-0,577350269;1,154700538;-0,577350269;1,732050808;1,732050808
P0 RG VM;0;0,04;0;0,013333333;0,023094011;-0,577350269;1,154700538;-0,577350269;1,732050808;1,732050808
PI NC AQ;0,03;0;0;0,01;0,017320508;1,154700538;-0,577350269;-0,577350269;1,732050808;0
PI SP RG;0,03;0;0;0,01;0,017320508;1,154700538;-0,577350269;-0,577350269;1,732050808;0
I I AQ;0,03;0;0;0,01;0,017320508;1,154700538;-0,577350269;-0,577350269;1,732050808;0
Z NC RN;0,03;0;0;0,01;0,017320508;1,154700538;-0,577350269;-0,577350269;1,732050808;0
P0 AQ NC;0,03;0;0;0,01;0,017320508;1,154700538;-0,577350269;-0,577350269;1,732050808;0
VS PR PP;0;0,04;0;0,013333333;0,023094011;-0,577350269;1,154700538;-0,577350269;1,732050808;1,732050808
Z NC RG;0,03;0;0;0,01;0,017320508;1,154700538;-0,577350269;-0,577350269;1,732050808;0
DP CC NC;0;0,04;0;0,013333333;0,023094011;-0,577350269;1,154700538;-0,577350269;1,732050808;1,732050808
VA VS VM;0,03;0;0;0,01;0,017320508;1,154700538;-0,577350269;-0,577350269;1,732050808;0
CS VS AP;0,03;0;0;0,01;0,017320508;1,154700538;-0,577350269;-0,577350269;1,732050808;0
PI CC P0;0;0,04;0;0,013333333;0,023094011;-0,577350269;1,154700538;-0,577350269;1,732050808;1,732050808
VA VS VS;0,03;0;0;0,01;0,017320508;1,154700538;-0,577350269;-0,577350269;1,732050808;0
CS I AQ;0,03;0;0;0,01;0,017320508;1,154700538;-0,577350269;-0,577350269;1,732050808;0
PR CS SP;0,03;0;0;0,01;0,017320508;1,154700538;-0,577350269;-0,577350269;1,732050808;0
PI SP PI;0,03;0;0;0,01;0,017320508;1,154700538;-0,577350269;-0,577350269;1,732050808;0
CS CS P0;0;0,04;0;0,013333333;0,023094011;-0,577350269;1,154700538;-0,577350269;1,732050808;1,732050808
PI SP PR;0,03;0;0;0,01;0,017320508;1,154700538;-0,577350269;-0,577350269;1,732050808;0
PT AQ PP;0;0,04;0;0,013333333;0,023094011;-0,577350269;1,154700538;-0,577350269;1,732050808;1,732050808
VS PR P0;0;0,04;0;0,013333333;0,023094011;-0,577350269;1,154700538;-0,577350269;1,732050808;1,732050808
Z NC PR;0;0;0,21;0,07;0,121243557;-0,577350269;-0,577350269;1,154700538;0;1,732050808
Z NC PP;0,03;0;0;0,01;0,017320508;1,154700538;-0,577350269;-0,577350269;1,732050808;0
DP CC PP;0;0,04;0;0,013333333;0,023094011;-0,577350269;1,154700538;-0,577350269;1,732050808;1,732050808
Z NC PI;0;0,04;0;0,013333333;0,023094011;-0,577350269;1,154700538;-0,577350269;1,732050808;1,732050808
CS VS DI;0,03;0;0;0,01;0,017320508;1,154700538;-0,577350269;-0,577350269;1,732050808;0
PT DA PR;0;0;0,21;0,07;0,121243557;-0,577350269;-0,577350269;1,154700538;0;1,732050808
PT AQ SP;0;0,04;0;0,013333333;0,023094011;-0,577350269;1,154700538;-0,577350269;1,732050808;1,732050808
NC SP VA;0,03;0;0;0,01;0,017320508;1,154700538;-0,577350269;-0,577350269;1,732050808;0
CS VS CS;0;0,04;0;0,013333333;0,023094011;-0,577350269;1,154700538;-0,577350269;1,732050808;1,732050808
DP NC AO;0;0,04;0;0,013333333;0,023094011;-0,577350269;1,154700538;-0,577350269;1,732050808;1,732050808
NC PR CS;0,03;0;0;0,01;0,017320508;1,154700538;-0,577350269;-0,577350269;1,732050808;0
NC PR DD;0,03;0;0;0,01;0,017320508;1,154700538;-0,577350269;-0,577350269;1,732050808;0
NC PR DI;0,03;0;0;0,01;0,017320508;1,154700538;-0,577350269;-0,577350269;1,732050808;0
DA RG SP;0;0,04;0;0,013333333;0,023094011;-0,577350269;1,154700538;-0,577350269;1,732050808;1,732050808
Z VM CC;0,03;0;0;0,01;0,017320508;1,154700538;-0,577350269;-0,577350269;1,732050808;0
PT DA NP;0,03;0;0;0,01;0,017320508;1,154700538;-0,577350269;-0,577350269;1,732050808;0
DD SP PR;0;0,04;0;0,013333333;0,023094011;-0,577350269;1,154700538;-0,577350269;1,732050808;1,732050808
PI CC SP;0;0,04;0;0,013333333;0,023094011;-0,577350269;1,154700538;-0,577350269;1,732050808;1,732050808
I I CS;0;0;0,21;0,07;0,121243557;-0,577350269;-0,577350269;1,154700538;0;1,732050808
PI SP DD;0;0,04;0;0,013333333;0,023094011;-0,577350269;1,154700538;-0,577350269;1,732050808;1,732050808
CC PD RG;0;0,04;0;0,013333333;0,023094011;-0,577350269;1,154700538;-0,577350269;1,732050808;1,732050808
CS CS CS;0,03;0;0;0,01;0,017320508;1,154700538;-0,577350269;-0,577350269;1,732050808;0
DP DP NC;0;0,04;0;0,013333333;0,023094011;-0,577350269;1,154700538;-0,577350269;1,732050808;1,732050808
VM PP PT;0,03;0;0;0,01;0,017320508;1,154700538;-0,577350269;-0,577350269;1,732050808;0
PI SP CS;0,03;0;0;0,01;0,017320508;1,154700538;-0,577350269;-0,577350269;1,732050808;0
CC PD RN;0;0,04;0;0,013333333;0,023094011;-0,577350269;1,154700538;-0,577350269;1,732050808;1,732050808
VM PP PI;0,03;0;0;0,01;0,017320508;1,154700538;-0,577350269;-0,577350269;1,732050808;0
NP RG CC;0,03;0;0;0,01;0,017320508;1,154700538;-0,577350269;-0,577350269;1,732050808;0
AP DP AQ;0;0,04;0;0,013333333;0,023094011;-0,577350269;1,154700538;-0,577350269;1,732050808;1,732050808
DP SP DA;0;0,04;0;0,013333333;0,023094011;-0,577350269;1,154700538;-0,577350269;1,732050808;1,732050808
DA RG NC;0,03;0;0;0,01;0,017320508;1,154700538;-0,577350269;-0,577350269;1,732050808;0
RN CS SP;0;0,04;0;0,013333333;0,023094011;-0,577350269;1,154700538;-0,577350269;1,732050808;1,732050808
VS NC NP;0,03;0;0;0,01;0,017320508;1,154700538;-0,577350269;-0,577350269;1,732050808;0
DP CC SP;0;0,04;0;0,013333333;0,023094011;-0,577350269;1,154700538;-0,577350269;1,732050808;1,732050808
DA RG NP;0;0,04;0;0,013333333;0,023094011;-0,577350269;1,154700538;-0,577350269;1,732050808;1,732050808
NP RG DP;0;0,04;0;0,013333333;0,023094011;-0,577350269;1,154700538;-0,577350269;1,732050808;1,732050808
RN CS RG;0,03;0;0;0,01;0,017320508;1,154700538;-0,577350269;-0,577350269;1,732050808;0
PT AQ VM;0,03;0;0;0,01;0,017320508;1,154700538;-0,577350269;-0,577350269;1,732050808;0
NC NC RN;0,03;0;0;0,01;0,017320508;1,154700538;-0,577350269;-0,577350269;1,732050808;0
NP RG DI;0;0,04;0;0,013333333;0,023094011;-0,577350269;1,154700538;-0,577350269;1,732050808;1,732050808
DP CC VM;0,03;0;0;0,01;0,017320508;1,154700538;-0,577350269;-0,577350269;1,732050808;0
VA VS NC;0,03;0;0;0,01;0,017320508;1,154700538;-0,577350269;-0,577350269;1,732050808;0
PD RG DD;0;0,04;0;0,013333333;0,023094011;-0,577350269;1,154700538;-0,577350269;1,732050808;1,732050808
DA RG PT;0,03;0;0;0,01;0,017320508;1,154700538;-0,577350269;-0,577350269;1,732050808;0
PD RG DP;0,03;0;0;0,01;0,017320508;1,154700538;-0,577350269;-0,577350269;1,732050808;0
DA RG PR;0,03;0;0;0,01;0,017320508;1,154700538;-0,577350269;-0,577350269;1,732050808;0
NC NC PI;0;0,04;0;0,013333333;0,023094011;-0,577350269;1,154700538;-0,577350269;1,732050808;1,732050808
VM I SP;0;0,04;0;0,013333333;0,023094011;-0,577350269;1,154700538;-0,577350269;1,732050808;1,732050808
SP DD CC;0,03;0;0;0,01;0,017320508;1,154700538;-0,577350269;-0,577350269;1,732050808;0
CS PP I;0,03;0;0;0,01;0,017320508;1,154700538;-0,577350269;-0,577350269;1,732050808;0
AQ P0 NC;0;0,04;0;0,013333333;0,023094011;-0,577350269;1,154700538;-0,577350269;1,732050808;1,732050808
NC PD SP;0,03;0;0;0,01;0,017320508;1,154700538;-0,577350269;-0,577350269;1,732050808;0
CC AQ DD;0;0,04;0;0,013333333;0,023094011;-0,577350269;1,154700538;-0,577350269;1,732050808;1,732050808
NC AO PR;0,03;0;0;0,01;0,017320508;1,154700538;-0,577350269;-0,577350269;1,732050808;0
AP CS AQ;0,03;0;0;0,01;0,017320508;1,154700538;-0,577350269;-0,577350269;1,732050808;0
CC AQ DT;0;0,04;0;0,013333333;0,023094011;-0,577350269;1,154700538;-0,577350269;1,732050808;1,732050808
RG DI CC;0;0;0,21;0,07;0,121243557;-0,577350269;-0,577350269;1,154700538;0;1,732050808
VS CC SP;0;0,04;0;0,013333333;0,023094011;-0,577350269;1,154700538;-0,577350269;1,732050808;1,732050808
AP CS CC;0;0,04;0;0,013333333;0,023094011;-0,577350269;1,154700538;-0,577350269;1,732050808;1,732050808
VA NC VM;0,03;0;0;0,01;0,017320508;1,154700538;-0,577350269;-0,577350269;1,732050808;0
RG I SP;0,03;0;0;0,01;0,017320508;1,154700538;-0,577350269;-0,577350269;1,732050808;0
AP VS VM;0,03;0;0;0,01;0,017320508;1,154700538;-0,577350269;-0,577350269;1,732050808;0
CC DA AP;0,03;0;0;0,01;0,017320508;1,154700538;-0,577350269;-0,577350269;1,732050808;0
CC DA AO;0;0;0,21;0,07;0,121243557;-0,577350269;-0,577350269;1,154700538;0;1,732050808
AP CS DA;0,03;0;0;0,01;0,017320508;1,154700538;-0,577350269;-0,577350269;1,732050808;0
VS RN VS;0;0,04;0;0,013333333;0,023094011;-0,577350269;1,154700538;-0,577350269;1,732050808;1,732050808
NC PD PT;0,03;0;0;0,01;0,017320508;1,154700538;-0,577350269;-0,577350269;1,732050808;0
DI RG SP;0,03;0;0;0,01;0,017320508;1,154700538;-0,577350269;-0,577350269;1,732050808;0
PR I VM;0,03;0;0;0,01;0,017320508;1,154700538;-0,577350269;-0,577350269;1,732050808;0
NC AO VM;0;0,04;0;0,013333333;0,023094011;-0,577350269;1,154700538;-0,577350269;1,732050808;1,732050808
PP PI DA;0,03;0;0;0,01;0,017320508;1,154700538;-0,577350269;-0,577350269;1,732050808;0
VA VS DD;0,03;0;0;0,01;0,017320508;1,154700538;-0,577350269;-0,577350269;1,732050808;0
RN VS PP;0,03;0;0;0,01;0,017320508;1,154700538;-0,577350269;-0,577350269;1,732050808;0
VA VS DA;0;0,04;0;0,013333333;0,023094011;-0,577350269;1,154700538;-0,577350269;1,732050808;1,732050808
SP PR I;0,03;0;0;0,01;0,017320508;1,154700538;-0,577350269;-0,577350269;1,732050808;0
PR AQ DD;0;0,04;0;0,013333333;0,023094011;-0,577350269;1,154700538;-0,577350269;1,732050808;1,732050808
VM DP CC;0;0,04;0;0,013333333;0,023094011;-0,577350269;1,154700538;-0,577350269;1,732050808;1,732050808
PR AQ DP;0,03;0;0;0,01;0,017320508;1,154700538;-0,577350269;-0,577350269;1,732050808;0
NC PD NP;0;0,04;0;0,013333333;0,023094011;-0,577350269;1,154700538;-0,577350269;1,732050808;1,732050808
VS NC I;0;0;0,21;0,07;0,121243557;-0,577350269;-0,577350269;1,154700538;0;1,732050808
SP PT NC;0,03;0;0;0,01;0,017320508;1,154700538;-0,577350269;-0,577350269;1,732050808;0
PP NP DT;0,03;0;0;0,01;0,017320508;1,154700538;-0,577350269;-0,577350269;1,732050808;0
PP PT AQ;0;0,04;0;0,013333333;0,023094011;-0,577350269;1,154700538;-0,577350269;1,732050808;1,732050808
VM DE AQ;0;0,04;0;0,013333333;0,023094011;-0,577350269;1,154700538;-0,577350269;1,732050808;1,732050808
RN VS NP;0;0,04;0;0,013333333;0,023094011;-0,577350269;1,154700538;-0,577350269;1,732050808;1,732050808
VS SP PI;0;0,04;0;0,013333333;0,023094011;-0,577350269;1,154700538;-0,577350269;1,732050808;1,732050808
SP NP DD;0,03;0;0;0,01;0,017320508;1,154700538;-0,577350269;-0,577350269;1,732050808;0
VS CC NC;0;0;0,21;0,07;0,121243557;-0,577350269;-0,577350269;1,154700538;0;1,732050808
AP VS SP;0;0,04;0;0,013333333;0,023094011;-0,577350269;1,154700538;-0,577350269;1,732050808;1,732050808
SP DD DA;0;0,04;0;0,013333333;0,023094011;-0,577350269;1,154700538;-0,577350269;1,732050808;1,732050808
PI CC DP;0;0,04;0;0,013333333;0,023094011;-0,577350269;1,154700538;-0,577350269;1,732050808;1,732050808
SP VM PI;0,03;0;0;0,01;0,017320508;1,154700538;-0,577350269;-0,577350269;1,732050808;0
PR NP VS;0,03;0;0;0,01;0,017320508;1,154700538;-0,577350269;-0,577350269;1,732050808;0
DD PR NP;0,03;0;0;0,01;0,017320508;1,154700538;-0,577350269;-0,577350269;1,732050808;0
CC NP VS;0,03;0;0;0,01;0,017320508;1,154700538;-0,577350269;-0,577350269;1,732050808;0
CC PT RG;0,03;0;0;0,01;0,017320508;1,154700538;-0,577350269;-0,577350269;1,732050808;0
DP CS SP;0,03;0;0;0,01;0,017320508;1,154700538;-0,577350269;-0,577350269;1,732050808;0
AP PR SP;0,03;0;0;0,01;0,017320508;1,154700538;-0,577350269;-0,577350269;1,732050808;0
RN NC VM;0,03;0;0;0,01;0,017320508;1,154700538;-0,577350269;-0,577350269;1,732050808;0
PD P0 VM;0;0,04;0;0,013333333;0,023094011;-0,577350269;1,154700538;-0,577350269;1,732050808;1,732050808
PI CC AQ;0;0,04;0;0,013333333;0,023094011;-0,577350269;1,154700538;-0,577350269;1,732050808;1,732050808
NP RG VS;0;0,04;0;0,013333333;0,023094011;-0,577350269;1,154700538;-0,577350269;1,732050808;1,732050808
SP PI CS;0;0;0,21;0,07;0,121243557;-0,577350269;-0,577350269;1,154700538;0;1,732050808
SP NP PD;0;0,04;0;0,013333333;0,023094011;-0,577350269;1,154700538;-0,577350269;1,732050808;1,732050808
SP PT DD;0;0,04;0;0,013333333;0,023094011;-0,577350269;1,154700538;-0,577350269;1,732050808;1,732050808
CS PD RN;0,03;0;0;0,01;0,017320508;1,154700538;-0,577350269;-0,577350269;1,732050808;0
SP PT CS;0,03;0;0;0,01;0,017320508;1,154700538;-0,577350269;-0,577350269;1,732050808;0
CC PP I;0;0;0,21;0,07;0,121243557;-0,577350269;-0,577350269;1,154700538;0;1,732050808
VM RN PT;0,03;0;0;0,01;0,017320508;1,154700538;-0,577350269;-0,577350269;1,732050808;0
SP PI DA;0;0,04;0;0,013333333;0,023094011;-0,577350269;1,154700538;-0,577350269;1,732050808;1,732050808
RG RG DD;0;0,04;0;0,013333333;0,023094011;-0,577350269;1,154700538;-0,577350269;1,732050808;1,732050808
PP Z AQ;0,03;0;0;0,01;0,017320508;1,154700538;-0,577350269;-0,577350269;1,732050808;0
CC PT VS;0;0,04;0;0,013333333;0,023094011;-0,577350269;1,154700538;-0,577350269;1,732050808;1,732050808
PR PI VA;0,03;0;0;0,01;0,017320508;1,154700538;-0,577350269;-0,577350269;1,732050808;0
PI DP AQ;0;0,04;0;0,013333333;0,023094011;-0,577350269;1,154700538;-0,577350269;1,732050808;1,732050808
RN PR VM;0,03;0;0;0,01;0,017320508;1,154700538;-0,577350269;-0,577350269;1,732050808;0
VS CC VM;0,03;0;0;0,01;0,017320508;1,154700538;-0,577350269;-0,577350269;1,732050808;0
NP RG RN;0,03;0;0;0,01;0,017320508;1,154700538;-0,577350269;-0,577350269;1,732050808;0
PR PI VS;0;0,04;0;0,013333333;0,023094011;-0,577350269;1,154700538;-0,577350269;1,732050808;1,732050808
RG DI NP;0;0,04;0;0,013333333;0,023094011;-0,577350269;1,154700538;-0,577350269;1,732050808;1,732050808
VS CC VS;0,03;0;0;0,01;0,017320508;1,154700538;-0,577350269;-0,577350269;1,732050808;0
RN CS DP;0;0,04;0;0,013333333;0,023094011;-0,577350269;1,154700538;-0,577350269;1,732050808;1,732050808
RN CS DA;0;0;0,21;0,07;0,121243557;-0,577350269;-0,577350269;1,154700538;0;1,732050808
CC NP P0;0;0,04;0;0,013333333;0,023094011;-0,577350269;1,154700538;-0,577350269;1,732050808;1,732050808
VA NC DA;0;0;0,21;0,07;0,121243557;-0,577350269;-0,577350269;1,154700538;0;1,732050808
PD NP VA;0,03;0;0;0,01;0,017320508;1,154700538;-0,577350269;-0,577350269;1,732050808;0
AP VS DD;0;0,04;0;0,013333333;0,023094011;-0,577350269;1,154700538;-0,577350269;1,732050808;1,732050808
DT NC NC;0,03;0;0;0,01;0,017320508;1,154700538;-0,577350269;-0,577350269;1,732050808;0
CC NP NP;0,03;0;0;0,01;0,017320508;1,154700538;-0,577350269;-0,577350269;1,732050808;0
PP PI PR;0,03;0;0;0,01;0,017320508;1,154700538;-0,577350269;-0,577350269;1,732050808;0
AP VS CS;0,03;0;0;0,01;0,017320508;1,154700538;-0,577350269;-0,577350269;1,732050808;0
AP PR NC;0;0,04;0;0,013333333;0,023094011;-0,577350269;1,154700538;-0,577350269;1,732050808;1,732050808
RN VS DI;0,03;0;0;0,01;0,017320508;1,154700538;-0,577350269;-0,577350269;1,732050808;0
RN VS DT;0;0,04;0;0,013333333;0,023094011;-0,577350269;1,154700538;-0,577350269;1,732050808;1,732050808
PP PI P0;0,03;0;0;0,01;0,017320508;1,154700538;-0,577350269;-0,577350269;1,732050808;0
VS SP AO;0;0;0,21;0,07;0,121243557;-0,577350269;-0,577350269;1,154700538;0;1,732050808
AP NC PR;0;0,04;0;0,013333333;0,023094011;-0,577350269;1,154700538;-0,577350269;1,732050808;1,732050808
SP DD RG;0,03;0;0;0,01;0,017320508;1,154700538;-0,577350269;-0,577350269;1,732050808;0
CS NP CS;0,03;0;0;0,01;0,017320508;1,154700538;-0,577350269;-0,577350269;1,732050808;0
NC VS PP;0,03;0;0;0,01;0,017320508;1,154700538;-0,577350269;-0,577350269;1,732050808;0
P0 DA PR;0,03;0;0;0,01;0,017320508;1,154700538;-0,577350269;-0,577350269;1,732050808;0
VA CC VM;0;0,04;0;0,013333333;0,023094011;-0,577350269;1,154700538;-0,577350269;1,732050808;1,732050808
PR NP P0;0,03;0;0;0,01;0,017320508;1,154700538;-0,577350269;-0,577350269;1,732050808;0
VS CC CC;0;0,04;0;0,013333333;0,023094011;-0,577350269;1,154700538;-0,577350269;1,732050808;1,732050808
PT VM RN;0,03;0;0;0,01;0,017320508;1,154700538;-0,577350269;-0,577350269;1,732050808;0
NC VS PI;0;0,04;0;0,013333333;0,023094011;-0,577350269;1,154700538;-0,577350269;1,732050808;1,732050808
Z PR VS;0;0;0,21;0,07;0,121243557;-0,577350269;-0,577350269;1,154700538;0;1,732050808
RN VS AP;0;0,04;0;0,013333333;0,023094011;-0,577350269;1,154700538;-0,577350269;1,732050808;1,732050808
RN NC NC;0,03;0;0;0,01;0,017320508;1,154700538;-0,577350269;-0,577350269;1,732050808;0
PP NP PR;0;0,04;0;0,013333333;0,023094011;-0,577350269;1,154700538;-0,577350269;1,732050808;1,732050808
DP VS NC;0;0;0,21;0,07;0,121243557;-0,577350269;-0,577350269;1,154700538;0;1,732050808
VM RG Z;0,03;0;0;0,01;0,017320508;1,154700538;-0,577350269;-0,577350269;1,732050808;0
PR NP NP;0;0,04;0;0,013333333;0,023094011;-0,577350269;1,154700538;-0,577350269;1,732050808;1,732050808
VS SP CS;0;0,04;0;0,013333333;0,023094011;-0,577350269;1,154700538;-0,577350269;1,732050808;1,732050808
CS NP DI;0;0,04;0;0,013333333;0,023094011;-0,577350269;1,154700538;-0,577350269;1,732050808;1,732050808
RG DI RG;0,03;0;0;0,01;0,017320508;1,154700538;-0,577350269;-0,577350269;1,732050808;0
CS NP DD;0;0,04;0;0,013333333;0,023094011;-0,577350269;1,154700538;-0,577350269;1,732050808;1,732050808
SP DD PR;0;0,04;0;0,013333333;0,023094011;-0,577350269;1,154700538;-0,577350269;1,732050808;1,732050808
VS CC AQ;0,03;0;0;0,01;0,017320508;1,154700538;-0,577350269;-0,577350269;1,732050808;0
CC PI PP;0,03;0;0;0,01;0,017320508;1,154700538;-0,577350269;-0,577350269;1,732050808;0
PR NP RG;0;0,04;0;0,013333333;0,023094011;-0,577350269;1,154700538;-0,577350269;1,732050808;1,732050808
PP PT SP;0,03;0;0;0,01;0,017320508;1,154700538;-0,577350269;-0,577350269;1,732050808;0
PR DD AQ;0;0,04;0;0,013333333;0,023094011;-0,577350269;1,154700538;-0,577350269;1,732050808;1,732050808
PR PI PP;0;0;0,21;0,07;0,121243557;-0,577350269;-0,577350269;1,154700538;0;1,732050808
AP PR RN;0,03;0;0;0,01;0,017320508;1,154700538;-0,577350269;-0,577350269;1,732050808;0
VM DP RG;0;0,04;0;0,013333333;0,023094011;-0,577350269;1,154700538;-0,577350269;1,732050808;1,732050808
PP DD DP;0;0,04;0;0,013333333;0,023094011;-0,577350269;1,154700538;-0,577350269;1,732050808;1,732050808
PT NP AQ;0,03;0;0;0,01;0,017320508;1,154700538;-0,577350269;-0,577350269;1,732050808;0
PT VM VS;0;0,04;0;0,013333333;0,023094011;-0,577350269;1,154700538;-0,577350269;1,732050808;1,732050808
DT NC PI;0,03;0;0;0,01;0,017320508;1,154700538;-0,577350269;-0,577350269;1,732050808;0
PT DD AQ;0;0,04;0;0,013333333;0,023094011;-0,577350269;1,154700538;-0,577350269;1,732050808;1,732050808
DP VS RG;0,03;0;0;0,01;0,017320508;1,154700538;-0,577350269;-0,577350269;1,732050808;0
VM NC Z;0,03;0;0;0,01;0,017320508;1,154700538;-0,577350269;-0,577350269;1,732050808;0
AP VS AQ;0,03;0;0;0,01;0,017320508;1,154700538;-0,577350269;-0,577350269;1,732050808;0
DT NC PT;0,03;0;0;0,01;0,017320508;1,154700538;-0,577350269;-0,577350269;1,732050808;0
P0 DA VM;0,03;0;0;0,01;0,017320508;1,154700538;-0,577350269;-0,577350269;1,732050808;0
PT VM VA;0,03;0;0;0,01;0,017320508;1,154700538;-0,577350269;-0,577350269;1,732050808;0
PD AQ SP;0;0;0,21;0,07;0,121243557;-0,577350269;-0,577350269;1,154700538;0;1,732050808
CC DD NP;0,03;0;0;0,01;0,017320508;1,154700538;-0,577350269;-0,577350269;1,732050808;0
DP VS DA;0;0;0,21;0,07;0,121243557;-0,577350269;-0,577350269;1,154700538;0;1,732050808
CC PT CS;0;0,04;0;0,013333333;0,023094011;-0,577350269;1,154700538;-0,577350269;1,732050808;1,732050808
PR DD NC;0,03;0;0;0,01;0,017320508;1,154700538;-0,577350269;-0,577350269;1,732050808;0
CS Z NP;0;0;0,21;0,07;0,121243557;-0,577350269;-0,577350269;1,154700538;0;1,732050808
RG RG PE;0;0,04;0;0,013333333;0,023094011;-0,577350269;1,154700538;-0,577350269;1,732050808;1,732050808
AP SP VM;0,03;0;0;0,01;0,017320508;1,154700538;-0,577350269;-0,577350269;1,732050808;0
PD AQ NP;0;0;0,21;0,07;0,121243557;-0,577350269;-0,577350269;1,154700538;0;1,732050808
CC VM VA;0,03;0;0;0,01;0,017320508;1,154700538;-0,577350269;-0,577350269;1,732050808;0
AP SP VA;0;0,04;0;0,013333333;0,023094011;-0,577350269;1,154700538;-0,577350269;1,732050808;1,732050808
NC CS VA;0;0,04;0;0,013333333;0,023094011;-0,577350269;1,154700538;-0,577350269;1,732050808;1,732050808
PT VM PD;0;0;0,21;0,07;0,121243557;-0,577350269;-0,577350269;1,154700538;0;1,732050808
DA NC Z;0,03;0;0;0,01;0,017320508;1,154700538;-0,577350269;-0,577350269;1,732050808;0
PD PT VM;0,03;0;0;0,01;0,017320508;1,154700538;-0,577350269;-0,577350269;1,732050808;0
PP NP NP;0;0,04;0;0,013333333;0,023094011;-0,577350269;1,154700538;-0,577350269;1,732050808;1,732050808
VS DP DA;0,03;0;0;0,01;0,017320508;1,154700538;-0,577350269;-0,577350269;1,732050808;0
PP NP PI;0,03;0;0;0,01;0,017320508;1,154700538;-0,577350269;-0,577350269;1,732050808;0
VS CC DA;0,03;0;0;0,01;0,017320508;1,154700538;-0,577350269;-0,577350269;1,732050808;0
SP PI VA;0,03;0;0;0,01;0,017320508;1,154700538;-0,577350269;-0,577350269;1,732050808;0
P0 DI DA;0,03;0;0;0,01;0,017320508;1,154700538;-0,577350269;-0,577350269;1,732050808;0
NC PD VS;0;0,04;0;0,013333333;0,023094011;-0,577350269;1,154700538;-0,577350269;1,732050808;1,732050808
VA SP NC;0,03;0;0;0,01;0,017320508;1,154700538;-0,577350269;-0,577350269;1,732050808;0
PR VM PD;0,03;0;0;0,01;0,017320508;1,154700538;-0,577350269;-0,577350269;1,732050808;0
RG RG VS;0,03;0;0;0,01;0,017320508;1,154700538;-0,577350269;-0,577350269;1,732050808;0
PR VM PT;0,03;0;0;0,01;0,017320508;1,154700538;-0,577350269;-0,577350269;1,732050808;0
AQ RG P0;0;0,04;0;0,013333333;0,023094011;-0,577350269;1,154700538;-0,577350269;1,732050808;1,732050808
